Instrument,Frequency_Hz,Angular_Scale_arcsec,nuFnu_1e-12ergscm2,sigma_nuFnu_1e-12ergscm2
JWST,61219491095068.36,1.7,3.327907470948956,0.3327907470948956
JWST,61209498523721.305,1.7,3.3139057144161317,0.3313905714416132
JWST,61199509213923.31,1.7,3.2184546203519764,0.3218454620351977
JWST,61189523164077.77,1.7,3.13298222986296,0.313298222986296
JWST,61179540372589.17,1.7,3.1748781495212506,0.3174878149521251
JWST,61169560837863.0,1.7,3.177937310660495,0.3177937310660495
JWST,61159584558305.805,1.7,3.1438000743760983,0.31438000743760985
JWST,61149611532325.16,1.7,3.2052458767088967,0.3205245876708897
JWST,61139641758329.695,1.7,3.0988700813917096,0.30988700813917097
JWST,61129675234729.055,1.7,3.123197402311161,0.31231974023111614
JWST,61119711959933.945,1.7,3.1429895396439234,0.31429895396439234
JWST,61109751932356.09,1.7,3.1903393870641814,0.31903393870641816
JWST,61099795150408.266,1.7,3.260183580483639,0.3260183580483639
JWST,61089841612504.26,1.7,3.1531710062866884,0.31531710062866886
JWST,61079891317058.914,1.7,3.0741725566033375,0.3074172556603338
JWST,61069944262488.086,1.7,3.0832190235325037,0.3083219023532504
JWST,61060000447208.68,1.7,3.1486075844993735,0.3148607584499374
JWST,61050059869638.62,1.7,3.2272555470479225,0.32272555470479225
JWST,61040122528196.86,1.7,3.2153316432974126,0.3215331643297413
JWST,61030188421303.41,1.7,3.170101682871337,0.3170101682871337
JWST,61020257547379.26,1.7,3.181932301654669,0.3181932301654669
JWST,61010329904846.47,1.7,3.140908698017812,0.31409086980178125
JWST,61000405492128.1,1.7,3.075594113352247,0.3075594113352247
JWST,60990484307648.26,1.7,3.1599788346158233,0.3159978834615823
JWST,60980566349832.055,1.7,3.1837852170877814,0.3183785217087782
JWST,60970651617105.65,1.7,3.1359661331382243,0.31359661331382244
JWST,60960740107896.195,1.7,3.121957405019286,0.31219574050192866
JWST,60950831820631.9,1.7,3.060548385378428,0.3060548385378428
JWST,60940926753741.95,1.7,3.115692249393922,0.3115692249393922
JWST,60931024905656.62,1.7,3.1313149949525916,0.3131314994952592
JWST,60921126274807.125,1.7,3.1288350492643824,0.31288350492643824
JWST,60911230859625.766,1.7,3.1355932414796914,0.31355932414796917
JWST,60901338658545.81,1.7,3.1668515136455158,0.3166851513645516
JWST,60891449670001.6,1.7,3.1490792179245375,0.3149079217924538
JWST,60881563892428.44,1.7,3.1134879299561735,0.31134879299561735
JWST,60871681324262.664,1.7,3.2320883383944556,0.3232088338394456
JWST,60861801963941.664,1.7,3.236902364157987,0.3236902364157987
JWST,60851925809903.77,1.7,3.219794524373375,0.32197945243733755
JWST,60842052860588.4,1.7,3.191733859166087,0.3191733859166087
JWST,60832183114435.93,1.7,3.1974770063715128,0.3197477006371513
JWST,60822316569887.79,1.7,3.209857617630164,0.3209857617630164
JWST,60812453225386.375,1.7,3.1198397983723756,0.3119839798372376
JWST,60802593079375.15,1.7,3.183405956362044,0.3183405956362044
JWST,60792736130298.516,1.7,3.123046898971383,0.31230468989713833
JWST,60782882376601.95,1.7,3.1085598242737964,0.31085598242737966
JWST,60773031816731.9,1.7,3.1445899009644327,0.3144589900964433
JWST,60763184449135.836,1.7,3.0721141485251353,0.3072114148525135
JWST,60753340272262.21,1.7,3.138762975392652,0.3138762975392652
JWST,60743499284560.52,1.7,3.104556463029004,0.31045564630290046
JWST,60733661484481.22,1.7,3.154533402135194,0.3154533402135194
JWST,60723826870475.82,1.7,3.2050859882171028,0.3205085988217103
JWST,60713995440996.78,1.7,3.1553644647919477,0.31553644647919477
JWST,60704167194497.61,1.7,3.2194051754239834,0.32194051754239833
JWST,60694342129432.78,1.7,3.1256579600994896,0.31256579600994894
JWST,60684520244257.79,1.7,3.1068845374887735,0.3106884537488774
JWST,60674701537429.14,1.7,3.155931458786197,0.31559314587861975
JWST,60664886007404.29,1.7,3.1377723269492894,0.31377723269492896
JWST,60655073652641.76,1.7,3.1294385037781276,0.3129438503778128
JWST,60645264471600.99,1.7,3.211569888576339,0.3211569888576339
JWST,60635458462742.51,1.7,3.1996993685835684,0.31996993685835684
JWST,60625655624527.75,1.7,3.2136231893475977,0.3213623189347598
JWST,60615855955419.21,1.7,3.227774698316639,0.32277746983166394
JWST,60606059453880.336,1.7,3.2832476781800644,0.32832476781800646
JWST,60596266118375.6,1.7,3.2217877814783615,0.3221787781478362
JWST,60586475947370.43,1.7,3.1160567067476017,0.3116056706747602
JWST,60576688939331.29,1.7,3.017950819375062,0.3017950819375062
JWST,60566905092725.59,1.7,3.083632351297877,0.30836323512978775
JWST,60557124406021.78,1.7,3.1282913732442266,0.3128291373244227
JWST,60547346877689.234,1.7,3.1502994613879545,0.3150299461387955
JWST,60537572506198.39,1.7,3.1728705762483016,0.31728705762483017
JWST,60527801290020.6,1.7,3.2487456604026845,0.3248745660402685
JWST,60518033227628.26,1.7,3.2411274200504065,0.3241127420050407
JWST,60508268317494.71,1.7,3.2279832582111947,0.3227983258211195
JWST,60498506558094.31,1.7,3.2219306060644435,0.3221930606064444
JWST,60488747947902.39,1.7,3.1714505818856726,0.31714505818856725
JWST,60478992485395.25,1.7,3.1991025206639883,0.31991025206639884
JWST,60469240169050.2,1.7,3.089718736614153,0.3089718736614153
JWST,60459490997345.51,1.7,3.050606151407733,0.3050606151407734
JWST,60449744968760.44,1.7,3.0530986563540248,0.30530986563540247
JWST,60440002081775.21,1.7,3.1708586931023914,0.3170858693102392
JWST,60430262334871.07,1.7,3.128732827306971,0.31287328273069714
JWST,60420525726530.195,1.7,3.1156231270611663,0.3115623127061167
JWST,60410792255235.77,1.7,3.05666964780776,0.30566696478077604
JWST,60401061919471.945,1.7,3.1560777370681836,0.3156077737068184
JWST,60391334717723.85,1.7,3.1586620235055864,0.3158662023505587
JWST,60381610648477.586,1.7,3.1528881842422387,0.3152888184242239
JWST,60371889710220.24,1.7,3.1295181864805484,0.3129518186480549
JWST,60362171901439.85,1.7,3.1866935408953707,0.3186693540895371
JWST,60352457220625.47,1.7,3.1919387747211427,0.31919387747211425
JWST,60342745666267.07,1.7,3.097641166340713,0.30976411663407133
JWST,60333037236855.65,1.7,3.186544607993004,0.31865446079930043
JWST,60323331930883.12,1.7,3.2358894997483763,0.32358894997483767
JWST,60313629746842.414,1.7,3.225577187155036,0.3225577187155036
JWST,60303930683227.414,1.7,3.209112285243945,0.3209112285243945
JWST,60294234738532.96,1.7,3.1114466956980396,0.3111446695698039
JWST,60284541911254.89,1.7,3.0617249888853575,0.30617249888853576
JWST,60274852199889.97,1.7,3.120180916469608,0.3120180916469608
JWST,60265165602935.96,1.7,3.224214391140301,0.3224214391140301
JWST,60255482118891.56,1.7,3.2724172956102366,0.32724172956102365
JWST,60245801746256.49,1.7,3.2094706583821337,0.3209470658382134
JWST,60236124483531.36,1.7,3.245588542750034,0.3245588542750034
JWST,60226450329217.805,1.7,3.219124769486345,0.32191247694863456
JWST,60216779281818.375,1.7,3.1665475442439113,0.31665475442439117
JWST,60207111339836.62,1.7,2.907316316660249,0.2907316316660249
JWST,60197446501777.016,1.7,3.0577304578701443,0.3057730457870145
JWST,60187784766145.05,1.7,3.1787464401401038,0.3178746440140104
JWST,60178126131447.09,1.7,3.187660898320251,0.31876608983202515
JWST,60168470596190.555,1.7,3.2193935880903295,0.321939358809033
JWST,60158818158883.74,1.7,3.197290335458586,0.31972903354585863
JWST,60149168818035.95,1.7,3.141996376832929,0.3141996376832929
JWST,60139522572157.42,1.7,3.2926677267901576,0.3292667726790158
JWST,60129879419759.36,1.7,3.212420185573076,0.3212420185573076
JWST,60120239359353.914,1.7,3.1442486485797563,0.31442486485797566
JWST,60110602389454.195,1.7,3.1673860569149763,0.31673860569149764
JWST,60100968508574.266,1.7,3.2801796226602695,0.328017962266027
JWST,60091337715229.125,1.7,3.1663006279334946,0.3166300627933495
JWST,60081710007934.76,1.7,3.2443367771169944,0.32443367771169945
JWST,60072085385208.06,1.7,3.1861955379003315,0.31861955379003315
JWST,60062463845566.92,1.7,3.2196525360617683,0.32196525360617684
JWST,60052845387530.13,1.7,3.222637572284573,0.3222637572284573
JWST,60043230009617.484,1.7,3.1485277754109533,0.31485277754109536
JWST,60033617710349.664,1.7,3.0352437931978895,0.303524379319789
JWST,60024008488248.34,1.7,3.1435661887970894,0.314356618879709
JWST,60014402341836.125,1.7,3.129552842934105,0.3129552842934105
JWST,60004799269636.56,1.7,3.1432664881361716,0.31432664881361716
JWST,59995199270174.15,1.7,3.196290960227093,0.3196290960227093
JWST,59985602341974.33,1.7,3.250485222614666,0.32504852226146663
JWST,59976008483563.48,1.7,3.2002577835677775,0.32002577835677776
JWST,59966417693468.93,1.7,3.1647833123111457,0.3164783312311146
JWST,59956829970218.945,1.7,3.1013223853626286,0.31013223853626287
JWST,59947245312342.734,1.7,3.0935009171746177,0.3093500917174618
JWST,59937663718370.46,1.7,3.086907991172663,0.3086907991172663
JWST,59928085186833.195,1.7,3.1616244636526663,0.31616244636526664
JWST,59918509716262.98,1.7,3.1713296149115533,0.31713296149115533
JWST,59908937305192.76,1.7,3.0918770144453744,0.30918770144453744
JWST,59899367952156.46,1.7,3.077229333348111,0.3077229333348111
JWST,59889801655688.91,1.7,3.0598234965565174,0.30598234965565174
JWST,59880238414325.89,1.7,3.169280455792516,0.3169280455792516
JWST,59870678226604.1,1.7,3.2062916565210275,0.32062916565210275
JWST,59861121091061.2,1.7,3.133646716046046,0.3133646716046046
JWST,59851567006235.75,1.7,3.1642053184933228,0.3164205318493323
JWST,59842015970667.28,1.7,3.136318404460156,0.31363184044601566
JWST,59832467982896.23,1.7,3.097328043140808,0.3097328043140808
JWST,59822923041463.96,1.7,3.0714214144757532,0.30714214144757535
JWST,59813381144912.79,1.7,3.045993278803035,0.3045993278803035
JWST,59803842291785.95,1.7,3.106336219237895,0.31063362192378957
JWST,59794306480627.61,1.7,3.1546486710450927,0.3154648671045093
JWST,59784773709982.86,1.7,3.178760832915812,0.31787608329158124
JWST,59775243978397.71,1.7,3.123859622318285,0.31238596223182846
JWST,59765717284419.12,1.7,3.128324642891375,0.3128324642891375
JWST,59756193626594.96,1.7,3.1373426799078667,0.3137342679907867
JWST,59746673003474.02,1.7,3.21904593878618,0.321904593878618
JWST,59737155413606.055,1.7,3.262537824926514,0.32625378249265136
JWST,59727640855541.67,1.7,3.1759873792224877,0.3175987379222488
JWST,59718129327832.48,1.7,3.1096346816954488,0.3109634681695449
JWST,59708620829030.93,1.7,3.1004182343721682,0.31004182343721687
JWST,59699115357690.47,1.7,3.1089416524996314,0.31089416524996316
JWST,59689612912365.42,1.7,3.154389746264227,0.31543897462642273
JWST,59680113491611.055,1.7,3.0827424993890213,0.3082742499389022
JWST,59670617093983.53,1.7,3.1039236677877593,0.31039236677877596
JWST,59661123718039.95,1.7,3.2077527750772883,0.3207752775077289
JWST,59651633362338.33,1.7,3.241706978312352,0.32417069783123525
JWST,59642146025437.59,1.7,3.2319290808537686,0.3231929080853769
JWST,59632661705897.586,1.7,3.1553236925068737,0.3155323692506874
JWST,59623180402279.086,1.7,3.0622425187613795,0.306224251876138
JWST,59613702113143.75,1.7,3.057143792502437,0.30571437925024375
JWST,59604226837054.19,1.7,3.1269743494032616,0.31269743494032615
JWST,59594754572573.9,1.7,3.1330983318413277,0.31330983318413275
JWST,59585285318267.3,1.7,3.121616551001437,0.3121616551001437
JWST,59575819072699.73,1.7,3.0745035669350127,0.3074503566935013
JWST,59566355834437.42,1.7,3.184013316457534,0.31840133164575346
JWST,59556895602047.54,1.7,3.191895254421871,0.3191895254421871
JWST,59547438374098.14,1.7,3.140854962189688,0.31408549621896886
JWST,59537984149158.2,1.7,3.2108391447207154,0.3210839144720716
JWST,59528532925797.6,1.7,3.147435217460676,0.3147435217460676
JWST,59519084702587.14,1.7,3.1947787167729054,0.3194778716772906
JWST,59509639478098.49,1.7,3.1545226713621908,0.3154522671362191
JWST,59500197250904.29,1.7,3.1271466663400913,0.31271466663400915
JWST,59490758019578.016,1.7,3.158562582289683,0.3158562582289683
JWST,59481321782694.12,1.7,3.2444930377805035,0.32444930377805037
JWST,59471888538827.875,1.7,3.238508199595516,0.3238508199595517
JWST,59462458286555.54,1.7,3.265223919956912,0.3265223919956912
JWST,59453031024454.22,1.7,3.2333457701877775,0.32333457701877777
JWST,59443606751101.95,1.7,3.146845261674385,0.3146845261674385
JWST,59434185465077.664,1.7,3.0608176667590894,0.3060817666759089
JWST,59424767164961.18,1.7,3.0608484775194107,0.30608484775194106
JWST,59415351849333.25,1.7,3.1435133754858438,0.3143513375485844
JWST,59405939516775.48,1.7,3.1883537298712783,0.3188353729871279
JWST,59396530165870.41,1.7,3.1806050337592264,0.3180605033759226
JWST,59387123795201.45,1.7,3.200005225708979,0.3200005225708979
JWST,59377720403352.95,1.7,3.126642889376518,0.31266428893765186
JWST,59368319988910.11,1.7,3.124450579338579,0.3124450579338579
JWST,59358922550459.05,1.7,3.22684192922805,0.32268419292280504
JWST,59349528086586.77,1.7,3.215300195810697,0.3215300195810697
JWST,59340136595881.2,1.7,3.168498078252173,0.31684980782521727
JWST,59330748076931.12,1.7,3.0370597670605655,0.3037059767060566
JWST,59321362528326.23,1.7,3.0969429006534877,0.30969429006534877
JWST,59311979948657.09,1.7,3.2605627089252898,0.326056270892529
JWST,59302600336515.21,1.7,3.249045268035045,0.3249045268035045
JWST,59293223690492.94,1.7,3.187299324032721,0.3187299324032721
JWST,59283850009183.53,1.7,3.114607771970731,0.3114607771970731
JWST,59274479291181.125,1.7,3.1065114768121016,0.3106511476812102
JWST,59265111535080.78,1.7,3.1980588532239596,0.31980588532239596
JWST,59255746739478.39,1.7,3.062088395947821,0.30620883959478207
JWST,59246384902970.78,1.7,3.0510747074718765,0.30510747074718764
JWST,59237026024155.65,1.7,3.189554817336006,0.31895548173360067
JWST,59227670101631.57,1.7,3.213429904693482,0.3213429904693482
JWST,59218317133998.02,1.7,3.1539932915706093,0.315399329157061
JWST,59208967119855.336,1.7,3.2102195313513398,0.321021953135134
JWST,59199620057804.77,1.7,2.9716291345422166,0.2971629134542217
JWST,59190275946448.43,1.7,3.115803071901427,0.31158030719014274
JWST,59180934784389.33,1.7,3.1853947618266383,0.3185394761826638
JWST,59171596570231.33,1.7,3.2066154987548,0.32066154987548007
JWST,59162261302579.22,1.7,3.2429351573122003,0.32429351573122006
JWST,59152928980038.625,1.7,3.1940813625820397,0.31940813625820397
JWST,59143599601216.086,1.7,3.17920032801754,0.317920032801754
JWST,59134273164718.984,1.7,3.0930099007526586,0.3093009900752659
JWST,59124949669155.625,1.7,3.200273343263226,0.32002733432632263
JWST,59115629113135.15,1.7,3.149010862509102,0.31490108625091023
JWST,59106311495267.6,1.7,3.1091833220218157,0.31091833220218157
JWST,59096996814163.88,1.7,3.151135887164812,0.3151135887164812
JWST,59087685068435.805,1.7,3.094162453039535,0.3094162453039535
JWST,59078376256696.0,1.7,3.066536142723348,0.3066536142723348
JWST,59069070377558.016,1.7,3.109180505267344,0.3109180505267344
JWST,59059767429636.27,1.7,3.205825736538316,0.32058257365383164
JWST,59050467411546.05,1.7,3.2043365952841847,0.32043365952841846
JWST,59041170321903.49,1.7,3.1855825664188404,0.3185582566418841
JWST,59031876159325.625,1.7,3.222298002778215,0.3222298002778215
JWST,59022584922430.37,1.7,3.0920246513492944,0.30920246513492944
JWST,59013296609836.45,1.7,3.1450948759904844,0.31450948759904845
JWST,59004011220163.54,1.7,3.143791189666468,0.31437911896664683
JWST,58994728752032.125,1.7,3.1495146447870392,0.3149514644787039
JWST,58985449204063.59,1.7,3.203348830569129,0.32033488305691293
JWST,58976172574880.16,1.7,3.2076818572181702,0.32076818572181703
JWST,58966898863104.95,1.7,3.1672138486384322,0.31672138486384327
JWST,58957628067361.93,1.7,3.127428400705335,0.3127428400705335
JWST,58948360186275.945,1.7,3.0905175802454354,0.3090517580245436
JWST,58939095218472.69,1.7,3.0867110440897707,0.3086711044089771
JWST,58929833162578.73,1.7,3.1584487697975425,0.3158448769797543
JWST,58920574017221.484,1.7,3.1305676132365345,0.31305676132365345
JWST,58911317781029.27,1.7,3.1136996359799807,0.31136996359799807
JWST,58902064452631.22,1.7,3.158891869089057,0.3158891869089057
JWST,58892814030657.35,1.7,3.2087430854297714,0.32087430854297716
JWST,58883566513738.555,1.7,3.197828756726674,0.3197828756726674
JWST,58874321900506.54,1.7,3.168917309145304,0.31689173091453043
JWST,58865080189593.93,1.7,3.2204264147150674,0.3220426414715068
JWST,58855841379634.15,1.7,3.2081935110139703,0.3208193511013971
JWST,58846605469261.53,1.7,3.110225081563965,0.3110225081563965
JWST,58837372457111.22,1.7,3.083467660682744,0.3083467660682744
JWST,58828142341819.26,1.7,3.083559047083506,0.3083559047083506
JWST,58818915122022.516,1.7,3.0848610202221995,0.30848610202222
JWST,58809690796358.74,1.7,3.1397174021555174,0.3139717402155518
JWST,58800469363466.5,1.7,3.1546995164708598,0.315469951647086
JWST,58791250821985.26,1.7,3.1203010719982784,0.3120301071998279
JWST,58782035170555.29,1.7,3.1653741025405835,0.31653741025405835
JWST,58772822407817.76,1.7,3.1801389527256467,0.3180138952725647
JWST,58763612532414.66,1.7,3.2051049669365357,0.32051049669365356
JWST,58754405542988.85,1.7,3.1973969403171925,0.31973969403171926
JWST,58745201438184.016,1.7,3.1865246119863957,0.3186524611986396
JWST,58736000216644.734,1.7,3.171999723009131,0.31719997230091307
JWST,58726801877016.375,1.7,3.1719070273890977,0.3171907027389098
JWST,58717606417945.2,1.7,3.1933342123052677,0.3193334212305268
JWST,58708413838078.32,1.7,3.120428938987146,0.3120428938987146
JWST,58699224136063.66,1.7,3.180373271435748,0.31803732714357486
JWST,58690037310550.016,1.7,3.088800230698571,0.3088800230698571
JWST,58680853360187.02,1.7,3.139989057980494,0.31399890579804945
JWST,58671672283625.164,1.7,3.216763004959248,0.3216763004959248
JWST,58662494079515.76,1.7,3.2430926144828782,0.32430926144828787
JWST,58653318746510.99,1.7,3.154176977968828,0.3154176977968828
JWST,58644146283263.85,1.7,3.1604839324477534,0.31604839324477535
JWST,58634976688428.22,1.7,3.1985984011372888,0.31985984011372887
JWST,58625809960658.76,1.7,3.2160889406575293,0.321608894065753
JWST,58616646098611.04,1.7,3.1546126849270046,0.31546126849270045
JWST,58607485100941.42,1.7,3.0880582785684902,0.308805827856849
JWST,58598326966307.13,1.7,3.082205189169519,0.3082205189169519
JWST,58589171693366.21,1.7,3.1283831704997556,0.31283831704997556
JWST,58580019280777.58,1.7,3.1374248573714936,0.31374248573714936
JWST,58570869727200.95,1.7,3.0391649501425575,0.30391649501425577
JWST,58561723031296.91,1.7,3.094064728346584,0.30940647283465844
JWST,58552579191726.84,1.7,3.1503909009656064,0.31503909009656067
JWST,58543438207153.016,1.7,3.140075813927538,0.31400758139275387
JWST,58534300076238.5,1.7,3.1501801132529477,0.3150180113252947
JWST,58525164797647.2,1.7,3.1044051091809095,0.310440510918091
JWST,58516032370043.88,1.7,3.190251740197033,0.31902517401970326
JWST,58506902792094.1,1.7,3.0845265795695935,0.30845265795695936
JWST,58497776062464.3,1.7,3.00718250496297,0.300718250496297
JWST,58488652179821.68,1.7,3.0484571226728896,0.30484571226728896
JWST,58479531142834.37,1.7,3.1472162502946808,0.31472162502946815
JWST,58470412950171.23,1.7,3.165255036744328,0.31652550367443283
JWST,58461297600502.03,1.7,3.0586165888580483,0.30586165888580485
JWST,58452185092497.31,1.7,3.130229657926584,0.31302296579265837
JWST,58443075424828.5,1.7,3.2416360790527112,0.32416360790527116
JWST,58433968596167.78,1.7,3.2080190525111933,0.32080190525111935
JWST,58424864605188.24,1.7,3.2922135363342564,0.32922135363342564
JWST,58415763450563.73,1.7,2.9399376088481532,0.2939937608848153
JWST,58406665130968.97,1.7,3.101904933966652,0.3101904933966652
JWST,58397569645079.48,1.7,3.2080987183157212,0.32080987183157217
JWST,58388476991571.625,1.7,3.201201982482698,0.3201201982482698
JWST,58379387169122.56,1.7,3.1016332291337525,0.3101633229133753
JWST,58370300176410.31,1.7,3.200458812424203,0.3200458812424203
JWST,58361216012113.7,1.7,3.197286333368589,0.3197286333368589
JWST,58352134674912.36,1.7,3.2455906152530076,0.3245590615253008
JWST,58343056163486.78,1.7,3.0915689829976163,0.3091568982997617
JWST,58333980476518.234,1.7,3.0466597207591257,0.3046659720759126
JWST,58324907612688.84,1.7,3.1620853780948766,0.31620853780948766
JWST,58315837570681.52,1.7,3.1745659889936424,0.3174565988993643
JWST,58306770349180.04,1.7,3.2058783721923008,0.3205878372192301
JWST,58297705946868.945,1.7,3.099641694877443,0.3099641694877443
JWST,58288644362433.65,1.7,3.098585639215745,0.3098585639215745
JWST,58279585594560.32,1.7,3.0697882255595026,0.30697882255595027
JWST,58270529641936.016,1.7,3.1253452044451775,0.3125345204445178
JWST,58261476503248.53,1.7,3.104579761511017,0.3104579761511017
JWST,58252426177186.56,1.7,3.171733395421369,0.31717333954213695
JWST,58243378662439.53,1.7,3.2246253946261527,0.3224625394626153
JWST,58234333957697.75,1.7,3.2726548426459843,0.32726548426459845
JWST,58225292061652.29,1.7,3.307157083208149,0.3307157083208149
JWST,58216252972995.06,1.7,3.215342072471902,0.32153420724719023
JWST,58207216690418.805,1.7,3.0672508014571744,0.3067250801457175
JWST,58198183212617.016,1.7,3.145439530312445,0.31454395303124455
JWST,58189152538284.06,1.7,3.129622332503832,0.31296223325038325
JWST,58180124666115.07,1.7,3.179024177894389,0.3179024177894389
JWST,58171099594806.02,1.7,3.1902577156859895,0.319025771568599
JWST,58162077323053.67,1.7,3.197215320560391,0.3197215320560391
JWST,58153057849555.62,1.7,3.1370921142106174,0.3137092114210618
JWST,58144041173010.22,1.7,2.89161043351596,0.28916104335159604
JWST,58135027292116.69,1.7,3.1428997639665033,0.31428997639665035
JWST,58126016205575.01,1.7,3.088972200484802,0.30889722004848025
JWST,58117007912086.0,1.7,3.1225615616665983,0.31225615616665986
JWST,58108002410351.26,1.7,3.1689171526634,0.31689171526634
JWST,58098999699073.22,1.7,3.157161276858734,0.31571612768587337
JWST,58089999776955.08,1.7,3.1083094018470483,0.31083094018470486
JWST,58081002642700.875,1.7,3.0554738038275375,0.3055473803827538
JWST,58072008295015.42,1.7,3.118301078163288,0.31183010781632886
JWST,58063016732604.36,1.7,3.101673693430064,0.3101673693430064
JWST,58054027954174.1,1.7,3.0713656990967153,0.30713656990967153
JWST,58045041958431.89,1.7,3.1513656989651806,0.31513656989651806
JWST,58036058744085.76,1.7,3.161646860255933,0.3161646860255933
JWST,58027078309844.516,1.7,3.0875646325637645,0.30875646325637646
JWST,58018100654417.81,1.7,3.061774739029391,0.3061774739029391
JWST,58009125776516.06,1.7,3.070815100597173,0.3070815100597173
JWST,58000153674850.51,1.7,3.0337402911348312,0.30337402911348316
JWST,57991184348133.14,1.7,3.0862341178095023,0.3086234117809502
JWST,57982217795076.81,1.7,3.1295118227365895,0.3129511822736589
JWST,57973254014395.12,1.7,3.094576735241069,0.30945767352410686
JWST,57964293004802.48,1.7,3.1801016658356995,0.31801016658356995
JWST,57955334765014.08,1.7,3.127297284704451,0.31272972847044517
JWST,57946379293745.945,1.7,3.1544198589426364,0.31544198589426364
JWST,57937426589714.85,1.7,3.1651737846698995,0.31651737846698996
JWST,57928476651638.39,1.7,3.1005666542803887,0.3100566654280389
JWST,57919529478234.94,1.7,3.1490300119330565,0.31490300119330566
JWST,57910585068223.664,1.7,3.0734819170761227,0.3073481917076123
JWST,57901643420324.53,1.7,3.193819438597409,0.3193819438597409
JWST,57892704533258.29,1.7,3.0996510218401565,0.30996510218401563
JWST,57883768405746.47,1.7,3.1541530127130115,0.3154153012713012
JWST,57874835036511.41,1.7,3.1736609765471413,0.3173660976547142
JWST,57865904424276.234,1.7,3.1768316205590525,0.3176831620559053
JWST,57856976567764.84,1.7,3.162867510062721,0.31628675100627207
JWST,57848051465701.94,1.7,3.1712321128213157,0.3171232112821316
JWST,57839129116812.98,1.7,3.181856115018674,0.3181856115018674
JWST,57830209519824.26,1.7,3.105725965235404,0.3105725965235404
JWST,57821292673462.81,1.7,3.186919873560001,0.31869198735600013
JWST,57812378576456.49,1.7,3.2329423208751034,0.32329423208751035
JWST,57803467227533.9,1.7,3.1984813481434644,0.3198481348143465
JWST,57794558625424.46,1.7,3.1190572880319114,0.3119057288031912
JWST,57785652768858.35,1.7,3.120769657196454,0.31207696571964544
JWST,57776749656566.555,1.7,3.1640166328557893,0.31640166328557895
JWST,57767849287280.805,1.7,3.2120340530942806,0.3212034053094281
JWST,57758951659733.66,1.7,3.1734927351967883,0.31734927351967884
JWST,57750056772658.414,1.7,3.2743586120180335,0.32743586120180335
JWST,57741164624789.19,1.7,3.2864791789677126,0.3286479178967713
JWST,57732275214860.83,1.7,3.254303553738901,0.32543035537389015
JWST,57723388541609.016,1.7,3.1964709624567496,0.319647096245675
JWST,57714504603770.16,1.7,3.1288715391644484,0.31288715391644484
JWST,57705623400081.48,1.7,3.150746989433349,0.3150746989433349
JWST,57696744929280.97,1.7,3.146378791595856,0.3146378791595856
JWST,57687869190107.38,1.7,3.0760139528716413,0.3076013952871641
JWST,57678996181300.28,1.7,3.0657143993974767,0.3065714399397477
JWST,57670125901599.945,1.7,3.009317811528613,0.30093178115286134
JWST,57661258349747.5,1.7,3.005098168547677,0.3005098168547677
JWST,57652393524484.78,1.7,3.0504579772414493,0.305045797724145
JWST,57643531424554.45,1.7,3.0597402066645096,0.30597402066645096
JWST,57634672048699.9,1.7,2.995687083254056,0.2995687083254056
JWST,57625815395665.33,1.7,3.0928783284262176,0.30928783284262173
JWST,57616961464195.67,1.7,3.041709851150546,0.3041709851150546
JWST,57608110253036.68,1.7,2.9501738920060414,0.29501738920060416
JWST,57599261760934.83,1.7,3.1536925418269184,0.31536925418269185
JWST,57590415986637.4,1.7,3.1090824793987073,0.3109082479398707
JWST,57581572928892.414,1.7,3.0065168146979895,0.300651681469799
JWST,57572732586448.7,1.7,3.0309181463813375,0.3030918146381338
JWST,57563894958055.805,1.7,3.0293975483190696,0.30293975483190694
JWST,57555060042464.09,1.7,3.1653331041378876,0.3165333104137888
JWST,57546227838424.66,1.7,3.2382828047894607,0.32382828047894613
JWST,57537398344689.375,1.7,3.1745681560482213,0.31745681560482214
JWST,57528571560010.9,1.7,3.1880142657522383,0.3188014265752238
JWST,57519747483142.62,1.7,3.11155862822823,0.31115586282282304
JWST,57510926112838.72,1.7,3.132322415882001,0.3132322415882001
JWST,57502107447854.11,1.7,3.149809434619119,0.31498094346191197
JWST,57493291486944.52,1.7,3.2021807655477987,0.3202180765547799
JWST,57484478228866.4,1.7,3.1264137657367224,0.31264137657367225
JWST,57475667672376.97,1.7,3.1478515592961833,0.3147851559296183
JWST,57466859816234.21,1.7,3.1593543124594974,0.31593543124594975
JWST,57458054659196.88,1.7,3.202664255936725,0.3202664255936725
JWST,57449252200024.48,1.7,3.2479311511799938,0.3247931151179994
JWST,57440452437477.27,1.7,3.2261951055551417,0.3226195105555142
JWST,57431655370316.3,1.7,3.133687183512309,0.3133687183512309
JWST,57422860997303.33,1.7,3.0750000059948737,0.3075000005994874
JWST,57414069317200.914,1.7,3.1234011788623426,0.3123401178862343
JWST,57405280328772.36,1.7,3.132921683147044,0.3132921683147044
JWST,57396494030781.72,1.7,3.100804791442135,0.31008047914421355
JWST,57387710421993.81,1.7,3.1738144884022486,0.31738144884022484
JWST,57378929501174.195,1.7,3.2656955577814943,0.32656955577814945
JWST,57370151267089.21,1.7,3.1381131978168857,0.3138113197816886
JWST,57361375718505.95,1.7,3.0822001464374402,0.30822001464374404
JWST,57352602854192.23,1.7,3.150221604575423,0.31502216045754233
JWST,57343832672916.64,1.7,3.1306000645802547,0.3130600064580255
JWST,57335065173448.53,1.7,3.1042938295345994,0.31042938295345995
JWST,57326300354558.01,1.7,3.149728825677816,0.3149728825677816
JWST,57317538215015.89,1.7,3.2505033337963356,0.32505033337963357
JWST,57308778753593.805,1.7,3.2080461467401995,0.32080461467402
JWST,57300021969064.08,1.7,3.181517031098163,0.31815170310981633
JWST,57291267860199.83,1.7,3.1961302523294575,0.31961302523294577
JWST,57282516425774.89,1.7,3.2534286986354726,0.32534286986354727
JWST,57273767664563.875,1.7,3.1329058364029727,0.31329058364029727
JWST,57265021575342.12,1.7,3.0509737365925957,0.3050973736592596
JWST,57256278156885.73,1.7,3.132808318834695,0.3132808318834695
JWST,57247537407971.52,1.7,3.188431574651519,0.3188431574651519
JWST,57238799327377.125,1.7,3.2275709248856432,0.3227570924885644
JWST,57230063913880.836,1.7,3.149876544873832,0.31498765448738325
JWST,57221331166261.76,1.7,3.1264187157398773,0.31264187157398776
JWST,57212601083299.71,1.7,3.1267902679167148,0.3126790267916715
JWST,57203873663775.26,1.7,3.231844392793457,0.3231844392793457
JWST,57195148906469.73,1.7,3.1854442903591926,0.3185444290359193
JWST,57186426810165.164,1.7,3.1714196013496196,0.317141960134962
JWST,57177707373644.39,1.7,3.219047070489419,0.3219047070489419
JWST,57168990595690.914,1.7,3.2697890021248206,0.3269789002124821
JWST,57160276475089.055,1.7,3.2707999997966177,0.3270799999796618
JWST,57151565010623.81,1.7,3.201964828756572,0.3201964828756572
JWST,57142856201080.97,1.7,3.1303445172929796,0.313034451729298
JWST,57134150045247.016,1.7,3.135674733899363,0.3135674733899363
JWST,57125446541909.22,1.7,3.145332943435865,0.31453329434358646
JWST,57116745689855.54,1.7,3.2205122820223395,0.322051228202234
JWST,57108047487874.72,1.7,3.2273492884039716,0.3227349288403972
JWST,57099351934756.2,1.7,3.177747903216651,0.3177747903216651
JWST,57090659029290.21,1.7,3.058229577065488,0.3058229577065488
JWST,57081968770267.65,1.7,2.9050293674965015,0.29050293674965016
JWST,57073281156480.21,1.7,3.0848190800636277,0.30848190800636277
JWST,57064596186720.29,1.7,3.1520459379437527,0.31520459379437527
JWST,57055913859781.03,1.7,3.1491718364656,0.31491718364656
JWST,57047234174456.305,1.7,3.1223593139540613,0.3122359313954061
JWST,57038557129540.72,1.7,3.088424952522211,0.3088424952522211
JWST,57029882723829.63,1.7,3.1839749885454802,0.31839749885454804
JWST,57021210956119.1,1.7,3.2491179315566594,0.324911793155666
JWST,57012541825205.95,1.7,3.1713859292339297,0.31713859292339297
JWST,57003875329887.695,1.7,3.193763931712511,0.3193763931712511
JWST,56995211468962.63,1.7,3.0842992525762774,0.30842992525762775
JWST,56986550241229.734,1.7,3.1650368974606105,0.316503689746061
JWST,56977891645488.75,1.7,3.180975226337253,0.3180975226337253
JWST,56969235680540.125,1.7,3.20507938504436,0.320507938504436
JWST,56960582345185.07,1.7,3.1919140325215607,0.31919140325215606
JWST,56951931638225.48,1.7,3.2099074173189064,0.3209907417318906
JWST,56943283558464.016,1.7,3.2314580654338916,0.32314580654338915
JWST,56934638104704.02,1.7,3.1789428429085866,0.3178942842908587
JWST,56925995275749.63,1.7,3.114908412688763,0.3114908412688763
JWST,56917355070405.64,1.7,3.058535802124034,0.3058535802124034
JWST,56908717487477.62,1.7,3.1092518691744178,0.31092518691744175
JWST,56900082525771.83,1.7,3.198343578180582,0.31983435781805825
JWST,56891450184095.266,1.7,3.1752057031526526,0.3175205703152653
JWST,56882820461255.664,1.7,3.172444406381612,0.3172444406381612
JWST,56874193356061.46,1.7,3.1592737914746256,0.3159273791474626
JWST,56865568867321.84,1.7,3.1489732068596976,0.3148973206859698
JWST,56856946993846.67,1.7,3.151656241287082,0.3151656241287082
JWST,56848327734446.586,1.7,3.177542996154553,0.3177542996154553
JWST,56839711087932.91,1.7,3.2442261856491132,0.32442261856491134
JWST,56831097053117.695,1.7,3.219139561400411,0.32191395614004115
JWST,56822485628813.71,1.7,3.2215379452550863,0.32215379452550863
JWST,56813876813834.47,1.7,3.145525519690231,0.3145525519690231
JWST,56805270606994.164,1.7,2.8415632640069033,0.28415632640069033
JWST,56796667007107.74,1.7,2.8243693501729314,0.2824369350172931
JWST,56788066012990.836,1.7,3.0815397572762246,0.30815397572762243
JWST,56779467623459.83,1.7,3.1389424685369365,0.31389424685369366
JWST,56770871837331.79,1.7,3.065529352382066,0.3065529352382066
JWST,56762278653424.54,1.7,3.0789684007669758,0.3078968400766976
JWST,56753688070556.56,1.7,3.1176714555616094,0.3117671455561609
JWST,56745100087547.12,1.7,3.0804706984886576,0.30804706984886576
JWST,56736514703216.12,1.7,3.05232345294805,0.30523234529480503
JWST,56727931916384.25,1.7,3.164550802528221,0.3164550802528221
JWST,56719351725872.88,1.7,3.0443831078517416,0.30443831078517414
JWST,56710774130504.086,1.7,3.2007557133489075,0.3200755713348908
JWST,56702199129100.68,1.7,3.282303641758189,0.3282303641758189
JWST,56693626720486.15,1.7,3.2704590113016794,0.32704590113016796
JWST,56685056903484.74,1.7,3.177250774129962,0.3177250774129962
JWST,56676489676921.36,1.7,3.173735282593656,0.31737352825936554
JWST,56667925039621.67,1.7,3.1389077910507366,0.3138907791050737
JWST,56659362990412.01,1.7,3.0748099388420864,0.30748099388420863
JWST,56650803528119.445,1.7,3.0761364604141987,0.30761364604141994
JWST,56642246651571.74,1.7,3.173210837944098,0.3173210837944099
JWST,56633692359597.39,1.7,3.187337131647337,0.3187337131647337
JWST,56625140651025.555,1.7,3.1768576133279796,0.31768576133279797
JWST,56616591524686.15,1.7,3.170928745886075,0.3170928745886076
JWST,56608044979409.76,1.7,2.9686199969820524,0.29686199969820526
JWST,56599501014027.695,1.7,3.0579327351460406,0.30579327351460406
JWST,56590959627371.96,1.7,3.0180030661463806,0.3018003066146381
JWST,56582420818275.28,1.7,3.105900841062488,0.31059008410624883
JWST,56573884585571.06,1.7,3.1384826572172875,0.31384826572172875
JWST,56565350928093.445,1.7,3.13153663063781,0.313153663063781
JWST,56556819844677.25,1.7,3.0950514884559137,0.3095051488455914
JWST,56548291334158.0,1.7,3.153289078821845,0.31532890788218454
JWST,56539765395371.945,1.7,3.167377609652654,0.31673776096526535
JWST,56531242027155.99,1.7,3.143628899788581,0.31436288997885814
JWST,56522721228347.805,1.7,3.1121399380083776,0.3112139938008378
JWST,56514202997785.695,1.7,3.078971987724236,0.3078971987724236
JWST,56505687334308.71,1.7,3.147251563266139,0.3147251563266139
JWST,56497174236756.586,1.7,3.1547113147568906,0.3154711314756891
JWST,56488663703969.76,1.7,3.1936120638198258,0.3193612063819826
JWST,56480155734789.34,1.7,3.0028092522784,0.30028092522784006
JWST,56471650328057.2,1.7,2.7410483571479127,0.2741048357147913
JWST,56463147482615.84,1.7,2.714697039229513,0.27146970392295133
JWST,56454647197308.5,1.7,2.7480039560498932,0.2748003956049893
JWST,56446149470979.086,1.7,3.2179118453267748,0.32179118453267747
JWST,56437654302472.234,1.7,3.288474678643554,0.3288474678643554
JWST,56429161690633.234,1.7,3.286376794691151,0.3286376794691151
JWST,56420671634308.125,1.7,3.080592099343,0.3080592099343
JWST,56412184132343.586,1.7,3.1749386330123737,0.3174938633012374
JWST,56403699183587.02,1.7,3.139502964100199,0.31395029641001987
JWST,56395216786886.54,1.7,3.2571460164310007,0.32571460164310007
JWST,56386736941090.89,1.7,3.201798350209117,0.3201798350209117
JWST,56378259645049.58,1.7,3.163298699573266,0.31632986995732665
JWST,56369784897612.75,1.7,3.1758170453323173,0.31758170453323176
JWST,56361312697631.28,1.7,3.1686523781149734,0.31686523781149734
JWST,56352843043956.7,1.7,3.190172470648735,0.31901724706487355
JWST,56344375935441.27,1.7,3.186828234669735,0.3186828234669735
JWST,56335911370937.9,1.7,3.138700678442721,0.3138700678442722
JWST,56327449349300.23,1.7,3.176661077365174,0.31766610773651743
JWST,56318989869382.54,1.7,3.1717131203752063,0.3171713120375207
JWST,56310532930039.84,1.7,3.1666835735703227,0.31666835735703225
JWST,56302078530127.81,1.7,3.041223534728232,0.3041223534728232
JWST,56293626668502.836,1.7,3.1807513927854303,0.31807513927854303
JWST,56285177344021.945,1.7,3.1636662056671554,0.31636662056671555
JWST,56276730555542.91,1.7,3.286874461693565,0.3286874461693565
JWST,56268286301924.125,1.7,3.246521495010462,0.3246521495010462
JWST,56259844582024.74,1.7,3.3160229013426785,0.33160229013426784
JWST,56251405394704.52,1.7,3.288045898556534,0.3288045898556534
JWST,56242968738823.97,1.7,3.220205286789301,0.32202052867893016
JWST,56234534613244.25,1.7,3.2290281210106,0.32290281210106003
JWST,56226103016827.2,1.7,3.1839093156422686,0.3183909315642269
JWST,56217673948435.37,1.7,3.1131730217906193,0.31131730217906195
JWST,56209247406931.94,1.7,3.171219101783509,0.3171219101783509
JWST,56200823391180.836,1.7,3.2016552792230626,0.3201655279223063
JWST,56192401900046.62,1.7,3.2005463903415046,0.3200546390341505
JWST,56183982932394.55,1.7,3.2617811118115614,0.32617811118115614
JWST,56175566487090.555,1.7,3.389744357164812,0.3389744357164812
JWST,56167152563001.26,1.7,3.2934602967156414,0.3293460296715642
JWST,56158741158993.95,1.7,3.123086032451409,0.3123086032451409
JWST,56150332273936.62,1.7,3.138214030539435,0.3138214030539435
JWST,56141925906697.88,1.7,3.2120774444606845,0.3212077444460685
JWST,56133522056147.09,1.7,3.1796726466176186,0.3179672646617619
JWST,56125120721154.25,1.7,3.272677831046624,0.32726778310466237
JWST,56116721900590.03,1.7,3.2570813056855785,0.3257081305685579
JWST,56108325593325.8,1.7,3.233902560364269,0.3233902560364269
JWST,56099931798233.586,1.7,3.1907852305595794,0.31907852305595796
JWST,56091540514186.086,1.7,3.312057877662789,0.3312057877662789
JWST,56083151740056.69,1.7,3.2915379836149405,0.3291537983614941
JWST,56074765474719.46,1.7,3.3505427973025874,0.33505427973025875
JWST,56066381717049.12,1.7,3.292441527326944,0.3292441527326944
JWST,56058000465921.07,1.7,3.2645765850073167,0.3264576585007317
JWST,56049621720211.38,1.7,3.160505130588793,0.31605051305887927
JWST,56041245478796.81,1.7,3.171003500039281,0.31710035000392806
JWST,56032871740554.766,1.7,3.179883459590961,0.31798834595909614
JWST,56024500504363.336,1.7,3.141823798058858,0.3141823798058858
JWST,56016131769101.27,1.7,3.1053132817697087,0.31053132817697093
JWST,56007765533648.03,1.7,2.997402442299823,0.29974024422998236
JWST,55999401796883.67,1.7,2.9256642191421793,0.29256642191421794
JWST,55991040557688.99,1.7,2.887755124769759,0.2887755124769759
JWST,55982681814945.41,1.7,2.8946360179345976,0.28946360179345976
JWST,55974325567535.03,1.7,2.780454772297405,0.2780454772297405
JWST,55965971814340.62,1.7,2.870819983789155,0.28708199837891557
JWST,55957620554245.63,1.7,2.897271349996259,0.2897271349996259
JWST,55949271786134.15,1.7,2.8402668451567177,0.28402668451567176
JWST,55940925508890.96,1.7,2.82262818998836,0.28226281899883604
JWST,55932581721401.48,1.7,2.8799545186469313,0.2879954518646931
JWST,55924240422551.81,1.7,2.8500720705119376,0.28500720705119376
JWST,55915901611228.74,1.7,2.762987746025985,0.27629877460259855
JWST,55907565286319.67,1.7,2.9274188332822666,0.29274188332822665
JWST,55899231446712.7,1.7,2.9983430683391408,0.2998343068339141
JWST,55890900091296.586,1.7,2.9887462270596012,0.29887462270596016
JWST,55882571218960.74,1.7,2.981649219075263,0.2981649219075263
JWST,55874244828595.24,1.7,3.0487298327502423,0.30487298327502427
JWST,55865920919090.836,1.7,3.155025062374389,0.3155025062374389
JWST,55857599489338.914,1.7,3.2096300128127613,0.32096300128127614
JWST,55849280538231.55,1.7,3.2215960675037922,0.32215960675037925
JWST,55840964064661.445,1.7,3.3333152071688645,0.3333315207168865
JWST,55832650067521.99,1.7,3.337763973958457,0.3337763973958457
JWST,55824338545707.23,1.7,3.2585272532928804,0.32585272532928805
JWST,55816029498111.86,1.7,3.319013699320259,0.3319013699320259
JWST,55807722923631.22,1.7,3.412649546184958,0.3412649546184958
JWST,55799418821161.35,1.7,3.1628470570044183,0.31628470570044187
JWST,55791117189598.89,1.7,3.1756794483013215,0.3175679448301321
JWST,55782818027841.2,1.7,3.1352016830049703,0.313520168300497
JWST,55774521334786.234,1.7,3.04301048279694,0.304301048279694
JWST,55766227109332.64,1.7,3.132899248073523,0.3132899248073523
JWST,55757935350379.72,1.7,3.135006505527729,0.31350065055277293
JWST,55749646056827.41,1.7,3.1106494209703914,0.31106494209703917
JWST,55741359227576.31,1.7,3.0990845006610663,0.3099084500661066
JWST,55733074861527.69,1.7,3.19306844247191,0.3193068442471911
JWST,55724792957583.45,1.7,3.194400886318095,0.3194400886318095
JWST,55716513514646.14,1.7,3.0194866739642756,0.30194866739642756
JWST,55708236531619.0,1.7,3.0380426613566076,0.30380426613566075
JWST,55699962007405.87,1.7,3.148976023068281,0.31489760230682806
JWST,55691689940911.27,1.7,3.1532825137128984,0.31532825137128984
JWST,55683420331040.375,1.7,3.2084253818660033,0.32084253818660036
JWST,55675153176699.01,1.7,3.1882769115706546,0.3188276911570655
JWST,55666888476793.61,1.7,3.18084367242335,0.318084367242335
JWST,55658626230231.32,1.7,3.1131210642161493,0.31131210642161494
JWST,55650366435919.89,1.7,2.951243055672034,0.2951243055672034
JWST,55642109092767.75,1.7,3.1121515532126813,0.31121515532126814
JWST,55633854199683.94,1.7,3.0710506844757077,0.3071050684475708
JWST,55625601755578.164,1.7,3.18462367737926,0.318462367737926
JWST,55617351759360.805,1.7,3.2048649600247003,0.32048649600247003
JWST,55609104209942.84,1.7,3.1781526531995157,0.3178152653199516
JWST,55600859106235.93,1.7,3.1505743307512555,0.31505743307512557
JWST,55592616447152.35,1.7,3.2433298768963246,0.3243329876896325
JWST,55584376231605.06,1.7,3.2534595155247454,0.32534595155247453
JWST,55576138458507.625,1.7,3.2057670052218716,0.3205767005221872
JWST,55567903126774.27,1.7,3.1014085440467754,0.31014085440467754
JWST,55559670235319.875,1.7,3.1858883912217983,0.31858883912217983
JWST,55551439783059.945,1.7,3.223902529799893,0.32239025297998936
JWST,55543211768910.63,1.7,3.1228352801677075,0.3122835280167708
JWST,55534986191788.74,1.7,2.9554958365338875,0.2955495836533888
JWST,55526763050611.695,1.7,3.049130509233286,0.3049130509233286
JWST,55518542344297.59,1.7,3.0952497896122075,0.30952497896122083
JWST,55510324071765.13,1.7,3.142821662753429,0.31428216627534294
JWST,55502108231933.7,1.7,3.142010290095643,0.31420102900956437
JWST,55493894823723.27,1.7,3.0983020835950787,0.30983020835950786
JWST,55485683846054.5,1.7,3.046042672979226,0.3046042672979226
JWST,55477475297848.66,1.7,3.140330058545154,0.31403300585451543
JWST,55469269178027.65,1.7,3.1809988722453717,0.3180998872245372
JWST,55461065485514.055,1.7,3.1211171296286375,0.3121117129628638
JWST,55452864219231.04,1.7,3.1937982056399394,0.31937982056399394
JWST,55444665378102.45,1.7,3.1792055884807815,0.3179205588480782
JWST,55436468961052.734,1.7,3.273624283652492,0.32736242836524926
JWST,55428274967007.01,1.7,3.2251289139224295,0.32251289139224293
JWST,55420083394890.99,1.7,3.20745476636839,0.320745476636839
JWST,55411894243631.06,1.7,3.2020001916584526,0.3202000191658453
JWST,55403707512154.23,1.7,3.180722804596318,0.31807228045963176
JWST,55395523199388.125,1.7,3.186702744172632,0.3186702744172632
JWST,55387341304261.02,1.7,3.0677666108369865,0.30677666108369867
JWST,55379161825701.836,1.7,3.1714736231267233,0.3171473623126723
JWST,55370984762640.08,1.7,3.099961917488468,0.3099961917488468
JWST,55362810114005.95,1.7,3.0569439459054175,0.30569439459054176
JWST,55354637878730.24,1.7,3.2092715203954834,0.32092715203954836
JWST,55346468055744.38,1.7,3.2156974987283182,0.3215697498728319
JWST,55338300643980.44,1.7,3.182854681522142,0.31828546815221426
JWST,55330135642371.11,1.7,3.1692400432613055,0.3169240043261306
JWST,55321973049849.7,1.7,3.180075939589927,0.31800759395899275
JWST,55313812865350.19,1.7,3.1032654850150125,0.3103265485015013
JWST,55305655087807.15,1.7,3.019544333557997,0.3019544333557997
JWST,55297499716155.78,1.7,3.119636883161065,0.3119636883161065
JWST,55289346749331.94,1.7,3.1149294991973657,0.31149294991973664
JWST,55281196186272.07,1.7,3.115102598319992,0.3115102598319992
JWST,55273048025913.3,1.7,3.222583291042855,0.32225832910428553
JWST,55264902267193.305,1.7,3.198355467176637,0.31983554671766373
JWST,55256758909050.47,1.7,3.1584229979608187,0.3158422997960819
JWST,55248617950423.734,1.7,3.2079965726328643,0.32079965726328646
JWST,55240479390252.72,1.7,3.243382426029144,0.3243382426029144
JWST,55232343227477.63,1.7,3.185290852177144,0.3185290852177144
JWST,55224209461039.33,1.7,3.243735606189753,0.3243735606189753
JWST,55216078089879.27,1.7,3.150128372018776,0.3150128372018776
JWST,55207949112939.555,1.7,3.204222573103414,0.32042225731034146
JWST,55199822529162.89,1.7,3.256580744498047,0.32565807444980466
JWST,55191698337492.63,1.7,3.2672490700736123,0.32672490700736123
JWST,55183576536872.72,1.7,3.205761301687559,0.3205761301687559
JWST,55175457126247.74,1.7,3.180384203567577,0.3180384203567577
JWST,55167340104562.91,1.7,3.1337907004010277,0.31337907004010274
JWST,55159225470764.02,1.7,3.120248127292127,0.31202481272921273
JWST,55151113223797.56,1.7,3.225437089643637,0.32254370896436374
JWST,55143003362610.56,1.7,3.3123083067547836,0.33123083067547837
JWST,55134895886150.72,1.7,3.2863943947578567,0.3286394394757857
JWST,55126790793366.32,1.7,3.249115082118398,0.32491150821183984
JWST,55118688083206.305,1.7,3.172469341198147,0.3172469341198147
JWST,55110587754620.19,1.7,3.1547424810822005,0.31547424810822006
JWST,55102489806558.14,1.7,3.091624059191949,0.3091624059191949
JWST,55094394237970.92,1.7,3.095652560666195,0.3095652560666195
JWST,55086301047809.945,1.7,3.19951077455234,0.31995107745523405
JWST,55078210235027.18,1.7,3.1498183227022416,0.3149818322702242
JWST,55070121798575.27,1.7,3.149447769052309,0.3149447769052309
JWST,55062035737407.445,1.7,3.1493565133667025,0.3149356513366703
JWST,55053952050477.555,1.7,3.158900276678048,0.31589002766780483
JWST,55045870736740.055,1.7,3.178439318627214,0.3178439318627214
JWST,55037791795150.04,1.7,3.216030110781846,0.3216030110781846
JWST,55029715224663.19,1.7,3.18410313523943,0.318410313523943
JWST,55021641024235.805,1.7,3.2608568324959806,0.3260856832495981
JWST,55013569192824.81,1.7,3.227760922298634,0.3227760922298634
JWST,55005499729387.73,1.7,3.26629011927572,0.32662901192757204
JWST,54997432632882.71,1.7,3.1545120965446056,0.3154512096544606
JWST,54989367902268.49,1.7,3.1283947249378476,0.3128394724937848
JWST,54981305536504.45,1.7,3.163153847272615,0.3163153847272615
JWST,54973245534550.55,1.7,3.1371749745343447,0.31371749745343447
JWST,54965187895367.375,1.7,3.1810894713134146,0.31810894713134147
JWST,54957132617916.1,1.7,3.2146858492144843,0.3214685849214485
JWST,54949079701158.555,1.7,3.213495031680652,0.3213495031680652
JWST,54941029144057.125,1.7,3.1584959018675365,0.3158495901867536
JWST,54932980945574.84,1.7,3.1647902750114536,0.31647902750114537
JWST,54924935104675.31,1.7,3.286148830901478,0.3286148830901478
JWST,54916891620322.79,1.7,3.2510979756076908,0.3251097975607691
JWST,54908850491482.086,1.7,3.2104805037130792,0.32104805037130796
JWST,54900811717118.67,1.7,3.269531865007744,0.32695318650077443
JWST,54892775296198.58,1.7,3.274123695200033,0.32741236952000335
JWST,54884741227688.47,1.7,3.1732526547544255,0.3173252654754426
JWST,54876709510555.59,1.7,3.1550726814273524,0.31550726814273533
JWST,54868680143767.83,1.7,3.2880689685676745,0.3288068968567675
JWST,54860653126293.63,1.7,3.206173598196544,0.3206173598196544
JWST,54852628457102.08,1.7,3.208551296032135,0.32085512960321355
JWST,54844606135162.86,1.7,3.233319461153346,0.3233319461153346
JWST,54836586159446.22,1.7,3.196386842774743,0.31963868427747427
JWST,54828568528923.08,1.7,3.2192816743529913,0.3219281674352992
JWST,54820553242564.875,1.7,3.268695733478746,0.3268695733478746
JWST,54812540299343.734,1.7,3.082877384931332,0.30828773849313323
JWST,54804529698232.305,1.7,3.0876688406182553,0.3087668840618255
JWST,54796521438203.89,1.7,3.1629123209967065,0.31629123209967064
JWST,54788515518232.375,1.7,3.186445192757822,0.31864451927578225
JWST,54780511937292.234,1.7,3.2106287221964007,0.3210628722196401
JWST,54772510694358.555,1.7,3.2504500175860307,0.3250450017586031
JWST,54764511788407.02,1.7,3.2312067326610316,0.3231206732661032
JWST,54756515218413.91,1.7,3.2220073061779355,0.3222007306177936
JWST,54748520983356.1,1.7,3.159312091440726,0.31593120914407263
JWST,54740529082211.06,1.7,3.098363192894569,0.309836319289457
JWST,54732539513956.88,1.7,3.2416255132453475,0.3241625513245348
JWST,54724552277572.21,1.7,3.18633654207145,0.318633654207145
JWST,54716567372036.33,1.7,3.1998458261053915,0.3199845826105392
JWST,54708584796329.08,1.7,3.083966043022933,0.3083966043022933
JWST,54700604549430.94,1.7,3.059996911202432,0.3059996911202432
JWST,54692626630322.945,1.7,3.1658118929905505,0.3165811892990551
JWST,54684651037986.74,1.7,3.1962692632285736,0.3196269263228574
JWST,54676677771404.58,1.7,3.173341741243836,0.3173341741243836
JWST,54668706829559.27,1.7,3.147805170834713,0.3147805170834713
JWST,54660738211434.266,1.7,3.173701303927138,0.31737013039271383
JWST,54652771916013.56,1.7,3.179106123831586,0.3179106123831586
JWST,54644807942281.78,1.7,3.231620542749662,0.3231620542749662
JWST,54636846289224.12,1.7,3.2283055299254397,0.32283055299254404
JWST,54628886955826.37,1.7,3.1432794737812557,0.3143279473781256
JWST,54620929941074.914,1.7,3.1576531586039396,0.31576531586039397
JWST,54612975243956.74,1.7,3.2566691424669068,0.3256669142466907
JWST,54605022863459.4,1.7,3.151962859302347,0.31519628593023474
JWST,54597072798571.055,1.7,3.096245953547143,0.3096245953547143
JWST,54589125048280.44,1.7,3.0887634891816464,0.3088763489181646
JWST,54581179611576.9,1.7,3.148708623778838,0.3148708623778838
JWST,54573236487450.336,1.7,3.202788447158841,0.3202788447158841
JWST,54565295674891.27,1.7,3.1879310782767747,0.31879310782767745
JWST,54557357172890.805,1.7,3.1046506262030356,0.3104650626203036
JWST,54549420980440.61,1.7,3.1754373465259307,0.3175437346525931
JWST,54541487096532.97,1.7,3.198028829964407,0.3198028829964407
JWST,54533555520160.71,1.7,3.2373199215768467,0.32373199215768467
JWST,54525626250317.31,1.7,3.172869080346292,0.3172869080346292
JWST,54517699285996.77,1.7,3.1270918460678585,0.3127091846067859
JWST,54509774626193.73,1.7,3.1360780034379205,0.3136078003437921
JWST,54501852269903.34,1.7,3.1437687417675844,0.31437687417675847
JWST,54493932216121.42,1.7,3.1500509010035285,0.3150050901003528
JWST,54486014463844.32,1.7,3.1688194713740487,0.3168819471374049
JWST,54478099012069.0,1.7,3.2733104418684302,0.327331044186843
JWST,54470185859792.96,1.7,3.2781708456418928,0.3278170845641893
JWST,54462275006014.34,1.7,3.3475896378425083,0.33475896378425085
JWST,54454366449731.82,1.7,3.247768930715319,0.32477689307153196
JWST,54446460189944.695,1.7,3.2499275659297826,0.32499275659297827
JWST,54438556225652.79,1.7,3.2693670047132537,0.3269367004713254
JWST,54430654555856.58,1.7,3.3064345295174276,0.3306434529517428
JWST,54422755179557.04,1.7,3.3117760921019883,0.33117760921019884
JWST,54414858095755.8,1.7,3.2301414652275175,0.3230141465227518
JWST,54406963303455.03,1.7,3.2633603944848995,0.32633603944848993
JWST,54399070801657.484,1.7,3.2320198885896345,0.32320198885896345
JWST,54391180589366.5,1.7,3.1545612492589825,0.31545612492589825
JWST,54383292665585.98,1.7,3.157356381261462,0.31573563812614625
JWST,54375407029320.43,1.7,3.19415230736577,0.31941523073657707
JWST,54367523679574.9,1.7,3.094200408228808,0.30942004082288077
JWST,54359642615355.055,1.7,3.1303279606813925,0.3130327960681393
JWST,54351763835667.09,1.7,3.1592975721935135,0.3159297572193514
JWST,54343887339517.836,1.7,3.2378252975070745,0.3237825297507075
JWST,54336013125914.64,1.7,3.099677445382683,0.3099677445382683
JWST,54328141193865.46,1.7,3.095395834113937,0.3095395834113937
JWST,54320271542378.81,1.7,3.2865255609271706,0.3286525560927171
JWST,54312404170463.805,1.7,3.156634914308785,0.3156634914308785
JWST,54304539077130.09,1.7,3.1517847660050813,0.3151784766005082
JWST,54296676261387.945,1.7,3.2224598302525074,0.32224598302525076
JWST,54288815722248.16,1.7,3.27590134150808,0.327590134150808
JWST,54280957458722.13,1.7,3.2217558864583853,0.32217558864583856
JWST,54273101469821.83,1.7,3.1892662788813526,0.31892662788813525
JWST,54265247754559.77,1.7,3.1634852323002742,0.3163485232300275
JWST,54257396311949.09,1.7,3.2473998461122404,0.32473998461122405
JWST,54249547141003.45,1.7,3.1894420498720275,0.3189442049872028
JWST,54241700240737.1,1.7,3.18557017676259,0.31855701767625905
JWST,54233855610164.85,1.7,3.297973023174289,0.32979730231742893
JWST,54226013248302.11,1.7,3.2322783868494014,0.32322783868494015
JWST,54218173154164.81,1.7,3.223849714874017,0.3223849714874017
JWST,54210335326769.51,1.7,3.1412252462138786,0.3141225246213879
JWST,54202499765133.266,1.7,3.17227490970193,0.31722749097019304
JWST,54194666468273.77,1.7,3.190454181182404,0.31904541811824044
JWST,54186835435209.25,1.7,3.1443716487285758,0.3144371648728576
JWST,54179006664958.5,1.7,3.1982979770121105,0.3198297977012111
JWST,54171180156540.875,1.7,3.16165670501473,0.31616567050147304
JWST,54163355908976.33,1.7,3.1963190922035194,0.31963190922035195
JWST,54155533921285.336,1.7,3.2033140464458887,0.3203314046445889
JWST,54147714192488.99,1.7,3.287227066519127,0.3287227066519127
JWST,54139896721608.89,1.7,3.3032072096687686,0.33032072096687687
JWST,54132081507667.26,1.7,3.2808717961615055,0.3280871796161505
JWST,54124268549686.83,1.7,3.210296173115831,0.32102961731158314
JWST,54116457846690.93,1.7,3.0816512012027832,0.30816512012027836
JWST,54108649397703.47,1.7,3.163337894663476,0.3163337894663476
JWST,54100843201748.87,1.7,3.1500242510498695,0.315002425104987
JWST,54093039257852.164,1.7,3.210802077727679,0.3210802077727679
JWST,54085237565038.914,1.7,3.335852130552572,0.33358521305525723
JWST,54077438122335.266,1.7,3.250077925091136,0.3250077925091136
JWST,54069640928767.91,1.7,3.341714433051193,0.3341714433051194
JWST,54061845983364.12,1.7,3.11861186256516,0.31186118625651604
JWST,54054053285151.695,1.7,3.2310333831805975,0.32310333831805976
JWST,54046262833159.05,1.7,3.1711921100860425,0.3171192110086043
JWST,54038474626415.09,1.7,3.168637830099503,0.3168637830099503
JWST,54030688663949.34,1.7,3.0903700505903657,0.3090370050590366
JWST,54022904944791.86,1.7,3.1295716243266396,0.31295716243266397
JWST,54015123467973.266,1.7,3.190238637149326,0.31902386371493263
JWST,54007344232524.72,1.7,3.097959790852304,0.30979597908523043
JWST,53999567237477.984,1.7,3.127797177365575,0.31277971773655755
JWST,53991792481865.33,1.7,3.098464665234108,0.30984646652341086
JWST,53984019964719.625,1.7,3.0960695524150594,0.309606955241506
JWST,53976249685074.26,1.7,3.1740893478299617,0.3174089347829962
JWST,53968481641963.21,1.7,3.1390753325646514,0.31390753325646514
JWST,53960715834421.01,1.7,3.0867050063156602,0.30867050063156604
JWST,53952952261482.695,1.7,3.241633200821176,0.3241633200821176
JWST,53945190922183.94,1.7,3.232334192573977,0.32323341925739774
JWST,53937431815560.9,1.7,3.237235904365623,0.32372359043656235
JWST,53929674940650.336,1.7,3.226238693539496,0.3226238693539496
JWST,53921920296489.52,1.7,3.149572408786174,0.31495724087861743
JWST,53914167882116.33,1.7,3.1347861304986084,0.31347861304986085
JWST,53906417696569.13,1.7,3.2325291064441375,0.3232529106444138
JWST,53898669738886.914,1.7,3.2732787593722383,0.32732787593722384
JWST,53890924008109.15,1.7,3.3300146920154794,0.33300146920154794
JWST,53883180503275.92,1.7,3.262028364086699,0.3262028364086699
JWST,53875439223427.83,1.7,3.2284613435375573,0.32284613435375575
JWST,53867700167606.05,1.7,3.301108402589155,0.3301108402589155
JWST,53859963334852.266,1.7,3.2298008398631195,0.322980083986312
JWST,53852228724208.766,1.7,3.165338921735942,0.31653389217359423
JWST,53844496334718.34,1.7,3.1710834179103458,0.31710834179103464
JWST,53836766165424.38,1.7,3.273165465172076,0.3273165465172076
JWST,53829038215370.77,1.7,3.2215352445205374,0.3221535244520538
JWST,53821312483601.99,1.7,3.1985564595871594,0.31985564595871596
JWST,53813588969163.05,1.7,3.2963220108368207,0.3296322010836821
JWST,53805867671099.48,1.7,3.1831475469733768,0.3183147546973377
JWST,53798148588457.414,1.7,3.0840983837082088,0.3084098383708209
JWST,53790431720283.49,1.7,3.1412826673031526,0.3141282667303153
JWST,53782717065624.914,1.7,3.0771057878318095,0.307710578783181
JWST,53775004623529.42,1.7,3.13960381424935,0.313960381424935
JWST,53767294393045.32,1.7,3.181052041938104,0.3181052041938104
JWST,53759586373221.44,1.7,3.1964628329110836,0.3196462832911084
JWST,53751880563107.16,1.7,3.188194569737934,0.31881945697379344
JWST,53744176961752.4,1.7,3.2121019336160592,0.32121019336160594
JWST,53736475568207.66,1.7,3.2193533195861264,0.3219353319586126
JWST,53728776381523.92,1.7,3.1992068297189036,0.3199206829718904
JWST,53721079400752.77,1.7,3.3010345375646657,0.3301034537564666
JWST,53713384624946.305,1.7,3.290693981150995,0.32906939811509955
JWST,53705692053157.17,1.7,3.20594037488157,0.320594037488157
JWST,53698001684438.555,1.7,3.179982399454692,0.3179982399454692
JWST,53690313517844.195,1.7,3.2082530482848286,0.32082530482848287
JWST,53682627552428.34,1.7,3.311493574189133,0.3311493574189133
JWST,53674943787245.84,1.7,3.2812432323162253,0.32812432323162255
JWST,53667262221352.04,1.7,3.1793080830936096,0.31793080830936093
JWST,53659582853802.83,1.7,3.200361511323742,0.3200361511323742
JWST,53651905683654.65,1.7,3.2233412670248014,0.32233412670248013
JWST,53644230709964.47,1.7,3.1717849554806676,0.3171784955480668
JWST,53636557931789.82,1.7,3.249345104142648,0.32493451041426485
JWST,53628887348188.74,1.7,3.2111827065921728,0.3211182706592173
JWST,53621218958219.84,1.7,3.1813628897984283,0.31813628897984286
JWST,53613552760942.25,1.7,3.188318889503451,0.31883188895034514
JWST,53605888755415.63,1.7,3.1808145537821266,0.31808145537821264
JWST,53598226940700.195,1.7,3.1782860297535636,0.3178286029753564
JWST,53590567315856.695,1.7,3.147894070378553,0.3147894070378554
JWST,53582909879946.4,1.7,3.2277082938345183,0.32277082938345186
JWST,53575254632031.14,1.7,3.225723111657794,0.3225723111657794
JWST,53567601571173.26,1.7,3.2052650228992694,0.320526502289927
JWST,53559950696435.664,1.7,3.0690306495428095,0.30690306495428094
JWST,53552302006881.766,1.7,3.0688799731168817,0.30688799731168825
JWST,53544655501575.54,1.7,3.113173797872677,0.31131737978726776
JWST,53537011179581.46,1.7,3.2235476170028976,0.32235476170028976
JWST,53529369039964.57,1.7,3.269015398049463,0.32690153980494635
JWST,53521729081790.44,1.7,3.219341569707371,0.3219341569707371
JWST,53514091304125.15,1.7,3.15574785016674,0.315574785016674
JWST,53506455706035.34,1.7,3.144433705924965,0.3144433705924965
JWST,53498822286588.17,1.7,3.1793332419445983,0.31793332419445985
JWST,53491191044851.336,1.7,3.1535482816885145,0.31535482816885146
JWST,53483561979893.06,1.7,3.1955937484027968,0.31955937484027974
JWST,53475935090782.11,1.7,3.1976480412494226,0.3197648041249423
JWST,53468310376587.76,1.7,3.2160465079054714,0.3216046507905472
JWST,53460687836379.836,1.7,3.2702459686811984,0.32702459686811985
JWST,53453067469228.69,1.7,3.2431271028288577,0.3243127102828858
JWST,53445449274205.2,1.7,3.165985812740734,0.31659858127407337
JWST,53437833250380.78,1.7,3.1799485822722477,0.3179948582272248
JWST,53430219396827.37,1.7,3.2197210164757095,0.321972101647571
JWST,53422607712617.42,1.7,3.2285453542969464,0.32285453542969467
JWST,53414998196823.95,1.7,3.282290270116841,0.3282290270116841
JWST,53407390848520.48,1.7,3.2336202333266764,0.32336202333266767
JWST,53399785666781.04,1.7,3.2407230794623487,0.32407230794623487
JWST,53392182650680.234,1.7,3.272822046005534,0.32728220460055346
JWST,53384581799293.16,1.7,3.315042656325754,0.3315042656325754
JWST,53376983111695.45,1.7,3.282042513082991,0.3282042513082991
JWST,53369386586963.266,1.7,3.225311580809083,0.3225311580809083
JWST,53361792224173.29,1.7,3.275350340120299,0.32753503401202994
JWST,53354200022402.73,1.7,3.2933988874012026,0.32933988874012027
JWST,53346609980729.33,1.7,3.2658457730622032,0.32658457730622037
JWST,53339022098231.336,1.7,3.3980520120701745,0.33980520120701746
JWST,53331436373987.555,1.7,3.3411999949386137,0.3341199994938614
JWST,53323852807077.266,1.7,3.291111667653126,0.3291111667653126
JWST,53316271396580.336,1.7,3.184684869077845,0.3184684869077845
JWST,53308692141577.086,1.7,3.12726666398351,0.312726666398351
JWST,53301115041148.42,1.7,3.134787503062409,0.3134787503062409
JWST,53293540094375.72,1.7,3.178114168783626,0.3178114168783627
JWST,53285967300340.93,1.7,3.1370611919876756,0.31370611919876756
JWST,53278396658126.47,1.7,3.1867033717324764,0.31867033717324766
JWST,53270828166815.33,1.7,3.2922019801250544,0.32922019801250546
JWST,53263261825490.97,1.7,3.185012507559765,0.3185012507559765
JWST,53255697633237.42,1.7,3.1962396572768825,0.3196239657276883
JWST,53248135589139.21,1.7,3.222158983124029,0.32221589831240294
JWST,53240575692281.37,1.7,3.2255866743203683,0.32255866743203687
JWST,53233017941749.48,1.7,3.277632879132238,0.32776328791322384
JWST,53225462336629.62,1.7,3.2195267223724966,0.32195267223724966
JWST,53217908876008.4,1.7,3.140325684896146,0.3140325684896146
JWST,53210357558972.94,1.7,3.1433705966312124,0.31433705966312125
JWST,53202808384610.88,1.7,3.1736740429119843,0.3173674042911985
JWST,53195261352010.38,1.7,3.1865005754334113,0.31865005754334114
JWST,53187716460260.13,1.7,3.214662888782058,0.32146628887820583
JWST,53180173708449.31,1.7,3.2408767668485607,0.3240876766848561
JWST,53172633095667.64,1.7,3.224690108787384,0.3224690108787384
JWST,53165094621005.33,1.7,3.2038647883800513,0.32038647883800514
JWST,53157558283553.14,1.7,3.164268896420522,0.31642688964205223
JWST,53150024082402.31,1.7,3.1950344472665377,0.3195034447266538
JWST,53142492016644.63,1.7,3.151861839171135,0.31518618391711356
JWST,53134962085372.38,1.7,3.212113796954344,0.3212113796954344
JWST,53127434287678.375,1.7,3.1867888160480526,0.31867888160480534
JWST,53119908622655.9,1.7,3.182790931143831,0.3182790931143831
JWST,53112385089398.81,1.7,3.228932213944271,0.32289322139442717
JWST,53104863687001.45,1.7,3.2220319290026334,0.3222031929002634
JWST,53097344414558.664,1.7,3.22858720507127,0.32285872050712705
JWST,53089827271165.83,1.7,3.2183854314342644,0.32183854314342647
JWST,53082312255918.81,1.7,3.2380523894610915,0.32380523894610913
JWST,53074799367914.03,1.7,3.263884409354943,0.3263884409354943
JWST,53067288606248.36,1.7,3.2610384469224356,0.32610384469224357
JWST,53059779970019.24,1.7,3.289084292052155,0.3289084292052155
JWST,53052273458324.58,1.7,3.26796522505197,0.32679652250519703
JWST,53044769070262.83,1.7,3.2683446195240338,0.3268344619524034
JWST,53037266804932.92,1.7,3.2345637971847894,0.32345637971847896
JWST,53029766661434.33,1.7,3.2868846467059702,0.32868846467059704
JWST,53022268638866.99,1.7,3.2253259669243692,0.32253259669243695
JWST,53014772736331.414,1.7,3.238231150989999,0.3238231150989999
JWST,53007278952928.555,1.7,3.2820331041141433,0.3282033104114143
JWST,52999787287759.93,1.7,3.273524003525041,0.3273524003525041
JWST,52992297739927.51,1.7,3.275803234168092,0.3275803234168092
JWST,52984810308533.83,1.7,3.2101728129065297,0.321017281290653
JWST,52977324992681.875,1.7,3.2123615776479717,0.32123615776479725
JWST,52969841791475.19,1.7,3.2110469712613705,0.32110469712613704
JWST,52962360704017.8,1.7,3.1989866083496543,0.3198986608349655
JWST,52954881729414.21,1.7,3.212091476730857,0.3212091476730857
JWST,52947404866769.5,1.7,3.182791841733596,0.31827918417335965
JWST,52939930115189.19,1.7,3.183576215115767,0.3183576215115767
JWST,52932457473779.33,1.7,3.2092032896419584,0.3209203289641958
JWST,52924986941646.48,1.7,3.2514510872583937,0.3251451087258394
JWST,52917518517897.7,1.7,3.2550726837257278,0.32550726837257277
JWST,52910052201640.55,1.7,3.240221749698538,0.3240221749698538
JWST,52902587991983.086,1.7,3.183195748197528,0.3183195748197528
JWST,52895125888033.89,1.7,3.206747915255371,0.32067479152553713
JWST,52887665888902.04,1.7,3.196426236512088,0.3196426236512088
JWST,52880207993697.086,1.7,3.182870438553433,0.3182870438553433
JWST,52872752201529.125,1.7,3.2468737050966814,0.32468737050966817
JWST,52865298511508.73,1.7,3.266939914011781,0.32669399140117816
JWST,52857846922746.984,1.7,3.2185712134638953,0.32185712134638955
JWST,52850397434355.46,1.7,3.3123460871187804,0.33123460871187804
JWST,52842950045446.26,1.7,3.26358913010291,0.32635891301029096
JWST,52835504755131.93,1.7,3.179358838155434,0.31793588381554344
JWST,52828061562525.58,1.7,3.1818972054140158,0.3181897205414016
JWST,52820620466740.8,1.7,3.227394749796266,0.32273947497962663
JWST,52813181466891.64,1.7,2.991992106084018,0.2991992106084018
JWST,52805744562092.71,1.7,3.282436155845171,0.3282436155845171
JWST,52798309751459.07,1.7,3.2744532666400548,0.3274453266640055
JWST,52790877034106.31,1.7,3.3240326040449424,0.33240326040449425
JWST,52783446409150.5,1.7,3.30777029813933,0.33077702981393303
JWST,52776017875708.21,1.7,3.2443910364291724,0.3244391036429172
JWST,52768591432896.516,1.7,3.2706763906081684,0.3270676390608169
JWST,52761167079832.984,1.7,3.2516303260121218,0.3251630326012122
JWST,52753744815635.67,1.7,3.328721460642233,0.33287214606422333
JWST,52746324639423.15,1.7,3.2157348625066926,0.3215734862506693
JWST,52738906550314.46,1.7,3.213394782494218,0.3213394782494218
JWST,52731490547429.17,1.7,3.246423409195626,0.32464234091956257
JWST,52724076629887.305,1.7,3.2775631757492922,0.32775631757492923
JWST,52716664796809.43,1.7,3.309721602311892,0.33097216023118925
JWST,52709255047316.56,1.7,3.189402289077073,0.3189402289077073
JWST,52701847380530.25,1.7,3.2055265156153445,0.32055265156153445
JWST,52694441795572.49,1.7,3.236431550614534,0.3236431550614534
JWST,52687038291565.82,1.7,3.228906432912064,0.32289064329120637
JWST,52679636867633.25,1.7,3.1930490127716666,0.31930490127716665
JWST,52672237522898.27,1.7,3.1819639216520086,0.31819639216520085
JWST,52664840256484.89,1.7,3.265405480716599,0.3265405480716599
JWST,52657445067517.586,1.7,3.2774780407636146,0.32774780407636145
JWST,52650051955121.34,1.7,3.196093995368635,0.3196093995368635
JWST,52642660918421.625,1.7,3.2204782277105917,0.3220478227710592
JWST,52635271956544.41,1.7,3.221388351300451,0.32213883513004515
JWST,52627885068616.12,1.7,3.2567627913670356,0.3256762791367036
JWST,52620500253763.73,1.7,3.2332430062357855,0.3233243006235786
JWST,52613117511114.64,1.7,3.2156870085586027,0.32156870085586026
JWST,52605736839796.8,1.7,3.283044304794738,0.32830443047947383
JWST,52598358238938.6,1.7,3.2570219443159782,0.32570219443159787
JWST,52590981707668.95,1.7,3.2024574513241144,0.32024574513241144
JWST,52583607245117.24,1.7,3.1879857275766326,0.31879857275766327
JWST,52576234850413.35,1.7,3.2132131094020937,0.32132131094020944
JWST,52568864522687.63,1.7,3.191882319890647,0.31918823198906476
JWST,52561496261070.95,1.7,3.164703220378883,0.31647032203788833
JWST,52554130064694.64,1.7,3.1655383684138814,0.31655383684138816
JWST,52546765932690.52,1.7,3.2444553832011174,0.32444553832011175
JWST,52539403864190.92,1.7,3.2339546883254777,0.32339546883254777
JWST,52532043858328.625,1.7,3.1998164545526353,0.31998164545526353
JWST,52524685914236.93,1.7,3.2002148739806677,0.3200214873980668
JWST,52517330031049.586,1.7,3.1649673851668196,0.316496738516682
JWST,52509976207900.875,1.7,3.1744731925574827,0.31744731925574826
JWST,52502624443925.52,1.7,3.1879385770865714,0.3187938577086572
JWST,52495274738258.76,1.7,3.2148952748092867,0.32148952748092874
JWST,52487927090036.28,1.7,3.165759595842696,0.3165759595842696
JWST,52480581498394.305,1.7,3.147880868512863,0.31478808685128634
JWST,52473237962469.484,1.7,3.166589488553222,0.3166589488553222
JWST,52465896481398.99,1.7,3.172362396652789,0.3172362396652789
JWST,52458557054320.47,1.7,3.1790316652324226,0.31790316652324224
JWST,52451219680372.04,1.7,3.192557259021665,0.3192557259021665
JWST,52443884358692.3,1.7,3.184716051778072,0.3184716051778072
JWST,52436551088420.36,1.7,3.232950216335851,0.3232950216335851
JWST,52429219868695.766,1.7,3.1607281891495638,0.31607281891495637
JWST,52421890698658.59,1.7,3.2111259114072337,0.3211125911407234
JWST,52414563577449.36,1.7,3.1773382514303696,0.31773382514303694
JWST,52407238504209.07,1.7,3.183515039710082,0.3183515039710082
JWST,52399915478079.25,1.7,3.2446310338445095,0.32446310338445095
JWST,52392594498201.83,1.7,3.284720308480402,0.3284720308480402
JWST,52385275563719.3,1.7,3.2376241989653627,0.3237624198965363
JWST,52377958673774.555,1.7,3.217714667342651,0.3217714667342651
JWST,52370643827511.04,1.7,3.350461943711252,0.33504619437112526
JWST,52363331024072.62,1.7,3.2001691445596783,0.32001691445596786
JWST,52356020262603.67,1.7,3.162392690867273,0.3162392690867273
JWST,52348711542249.02,1.7,3.2397077535394923,0.3239707753539492
JWST,52341404862154.02,1.7,3.2348269648559906,0.3234826964855991
JWST,52334100221464.45,1.7,3.1640037812580917,0.3164003781258092
JWST,52326797619326.59,1.7,3.2003114637512144,0.3200311463751215
JWST,52319497054887.19,1.7,3.1824769673508833,0.31824769673508835
JWST,52312198527293.48,1.7,3.1685778026466327,0.3168577802646633
JWST,52304902035693.16,1.7,3.239751159748852,0.3239751159748852
JWST,52297607579234.414,1.7,3.240544118741046,0.32405441187410466
JWST,52290315157065.89,1.7,3.2706581023574843,0.3270658102357485
JWST,52283024768336.72,1.7,3.2775010220714664,0.3277501022071466
JWST,52275736412196.516,1.7,3.2370457963037,0.32370457963037
JWST,52268450087795.34,1.7,3.127424062676894,0.3127424062676894
JWST,52261165794283.77,1.7,3.1843500670491447,0.3184350067049145
JWST,52253883530812.805,1.7,3.236547554889471,0.3236547554889471
JWST,52246603296533.95,1.7,3.157371514560132,0.3157371514560132
JWST,52239325090599.18,1.7,3.1446518309716662,0.31446518309716665
JWST,52232048912160.94,1.7,3.2008797396450626,0.3200879739645063
JWST,52224774760372.13,1.7,3.2189955559591,0.32189955559591005
JWST,52217502634386.17,1.7,3.2308111511084467,0.3230811151108447
JWST,52210232533356.88,1.7,3.1553703805061337,0.3155370380506134
JWST,52202964456438.625,1.7,3.2303688250163107,0.3230368825016311
JWST,52195698402786.18,1.7,3.2955222613522244,0.32955222613522245
JWST,52188434371554.83,1.7,3.032543535484215,0.30325435354842156
JWST,52181172361900.305,1.7,3.26207129749232,0.32620712974923205
JWST,52173912372978.836,1.7,3.2502332162919885,0.3250233216291989
JWST,52166654403947.086,1.7,3.195678709226274,0.31956787092262745
JWST,52159398453962.21,1.7,3.199611861227671,0.31996118612276714
JWST,52152144522181.83,1.7,3.232523117401668,0.3232523117401668
JWST,52144892607764.03,1.7,3.2323979622187053,0.32323979622187055
JWST,52137642709867.375,1.7,3.226715496969029,0.32267154969690287
JWST,52130394827650.87,1.7,3.221257477972255,0.3221257477972255
JWST,52123148960274.03,1.7,3.317525368925535,0.3317525368925535
JWST,52115905106896.79,1.7,3.3663386725397304,0.33663386725397304
JWST,52108663266679.59,1.7,3.263492945754786,0.3263492945754786
JWST,52101423438783.32,1.7,3.3255386648423513,0.3325538664842352
JWST,52094185622369.34,1.7,3.338118331416826,0.33381183314168267
JWST,52086949816599.47,1.7,3.2947288376498824,0.3294728837649883
JWST,52079716020636.0,1.7,3.3152846467027337,0.3315284646702734
JWST,52072484233641.68,1.7,3.3380685581769916,0.33380685581769914
JWST,52065254454779.74,1.7,3.278069830740918,0.32780698307409184
JWST,52058026683213.87,1.7,3.1282828993838017,0.31282828993838024
JWST,52050800918108.195,1.7,2.9219196772689893,0.292191967726899
JWST,52043577158627.35,1.7,3.010137053826466,0.3010137053826466
JWST,52036355403936.41,1.7,3.177708418733437,0.31777084187334376
JWST,52029135653200.9,1.7,3.3025360345263977,0.33025360345263977
JWST,52021917905586.836,1.7,3.2673267574068556,0.3267326757406856
JWST,52014702160260.68,1.7,3.266796287893233,0.32667962878932333
JWST,52007488416389.36,1.7,3.2983492920792745,0.3298349292079275
JWST,52000276673140.27,1.7,3.2728293697479063,0.32728293697479066
JWST,51993066929681.266,1.7,3.2119193566592963,0.32119193566592963
JWST,51985859185180.65,1.7,3.1958425669982824,0.3195842566998283
JWST,51978653438807.2,1.7,3.165429586832544,0.31654295868325444
JWST,51971449689730.16,1.7,3.2075536694488043,0.32075536694488044
JWST,51964247937119.21,1.7,3.1788286953723563,0.31788286953723566
JWST,51957048180144.52,1.7,3.2584009195997514,0.32584009195997515
JWST,51949850417976.7,1.7,3.1985282959022423,0.31985282959022426
JWST,51942654649786.836,1.7,3.2206031524020813,0.3220603152402082
JWST,51935460874746.445,1.7,3.271106845933183,0.3271106845933183
JWST,51928269092027.54,1.7,3.212367588387326,0.3212367588387326
JWST,51921079300802.55,1.7,3.1937773190252763,0.31937773190252766
JWST,51913891500244.41,1.7,3.2274275028901847,0.3227427502890185
JWST,51906705689526.46,1.7,3.192064685541427,0.3192064685541427
JWST,51899521867822.555,1.7,3.1796224340918164,0.31796224340918167
JWST,51892340034306.96,1.7,3.302690442701292,0.3302690442701292
JWST,51885160188154.43,1.7,3.27690304422849,0.3276903044228491
JWST,51877982328540.14,1.7,3.227563279838803,0.3227563279838804
JWST,51870806454639.76,1.7,3.254279967106959,0.3254279967106959
JWST,51863632565629.4,1.7,3.2405831241622334,0.32405831241622335
JWST,51856460660685.61,1.7,3.218787639697091,0.32187876396970916
JWST,51849290738985.44,1.7,3.2451345630009696,0.324513456300097
JWST,51842122799706.33,1.7,3.1520401899044797,0.315204018990448
JWST,51834956842026.234,1.7,3.202759010833826,0.3202759010833826
JWST,51827792865123.52,1.7,3.2558371124269003,0.32558371124269003
JWST,51820630868177.055,1.7,3.249126067074046,0.32491260670740457
JWST,51813470850366.1,1.7,3.2403275727640644,0.3240327572764065
JWST,51806312810870.42,1.7,3.310497082818647,0.3310497082818647
JWST,51799156748870.2,1.7,3.334362939982344,0.33343629399823443
JWST,51792002663546.12,1.7,3.276478611111582,0.3276478611111582
JWST,51784850554079.25,1.7,3.148104740250182,0.3148104740250182
JWST,51777700419651.17,1.7,3.1818710116763955,0.3181871011676396
JWST,51770552259443.88,1.7,3.135087813780833,0.31350878137808336
JWST,51763406072639.85,1.7,3.1818885125272347,0.31818885125272345
JWST,51756261858421.984,1.7,3.2695363100547543,0.3269536310054754
JWST,51749119615973.65,1.7,3.1950529729254926,0.3195052972925493
JWST,51741979344478.65,1.7,3.1769642131653457,0.3176964213165346
JWST,51734841043121.26,1.7,3.206317265217395,0.3206317265217395
JWST,51727704711086.2,1.7,3.2473916643810607,0.32473916643810613
JWST,51720570347558.62,1.7,3.266032887627798,0.3266032887627798
JWST,51713437951724.15,1.7,3.2830460909471393,0.328304609094714
JWST,51706307522768.83,1.7,3.243876309736021,0.3243876309736021
JWST,51699179059879.195,1.7,3.28038925506109,0.32803892550610897
JWST,51692052562242.19,1.7,3.2280904980272975,0.3228090498027298
JWST,51684928029045.23,1.7,3.2121124583880225,0.3212112458388023
JWST,51677805459476.164,1.7,3.2371019648240003,0.32371019648240007
JWST,51670684852723.31,1.7,3.203354494734127,0.32033544947341275
JWST,51663566207975.41,1.7,3.19410712753663,0.31941071275366306
JWST,51656449524421.664,1.7,3.206520666077118,0.32065206660771184
JWST,51649334801251.71,1.7,3.2090734678225106,0.3209073467822511
JWST,51642222037655.66,1.7,3.1862829709116194,0.31862829709116197
JWST,51635111232824.02,1.7,3.2178965416630794,0.321789654166308
JWST,51628002385947.805,1.7,3.247716220986619,0.3247716220986619
JWST,51620895496218.42,1.7,3.283978365665311,0.32839783656653115
JWST,51613790562827.76,1.7,3.3018367413493115,0.33018367413493116
JWST,51606687584968.12,1.7,3.1888692085278403,0.31888692085278403
JWST,51599586561832.27,1.7,3.171357037505247,0.3171357037505247
JWST,51592487492613.44,1.7,3.318362699115068,0.33183626991150683
JWST,51585390376505.26,1.7,3.2808749261089587,0.32808749261089587
JWST,51578295212701.83,1.7,3.1598741703267215,0.31598741703267214
JWST,51571202000397.68,1.7,3.264618976649051,0.32646189766490513
JWST,51564110738787.805,1.7,3.367381137541718,0.33673811375417184
JWST,51557021427067.625,1.7,3.257778520623368,0.3257778520623368
JWST,51549934064433.0,1.7,3.2366820488603767,0.3236682048860377
JWST,51542848650080.25,1.7,3.3233573809555654,0.33233573809555655
JWST,51535765183206.12,1.7,3.371039640546401,0.3371039640546401
JWST,51528683663007.79,1.7,3.2460296363692263,0.32460296363692265
JWST,51521604088682.914,1.7,3.274339213361633,0.32743392133616334
JWST,51514526459429.555,1.7,3.329920632126734,0.3329920632126734
JWST,51507450774446.23,1.7,3.36085220770466,0.33608522077046604
JWST,51500377032931.88,1.7,3.320815498839765,0.33208154988397653
JWST,51493305234085.93,1.7,3.297010804691608,0.3297010804691608
JWST,51486235377108.19,1.7,3.3271409093198696,0.33271409093198695
JWST,51479167461198.94,1.7,3.3694245999978096,0.33694245999978095
JWST,51472101485558.89,1.7,3.313587006343581,0.33135870063435807
JWST,51465037449389.2,1.7,3.295801306842532,0.32958013068425324
JWST,51457975351891.46,1.7,3.360102401526745,0.33601024015267456
JWST,51450915192267.69,1.7,3.228812403939276,0.32288124039392757
JWST,51443856969720.37,1.7,3.2193718990948876,0.32193718990948883
JWST,51436800683452.38,1.7,3.2534282644981167,0.32534282644981166
JWST,51429746332667.086,1.7,3.2534378113219753,0.32534378113219753
JWST,51422693916568.26,1.7,3.2392596250843284,0.32392596250843286
JWST,51415643434360.11,1.7,3.209802581608702,0.3209802581608702
JWST,51408594885247.28,1.7,3.224885374577698,0.32248853745776984
JWST,51401548268434.88,1.7,3.294170027065637,0.32941700270656377
JWST,51394503583128.414,1.7,3.28127774254399,0.32812777425439904
JWST,51387460828533.85,1.7,3.2639623297276863,0.32639623297276865
JWST,51380420003857.58,1.7,3.30787676836615,0.33078767683661503
JWST,51373381108306.43,1.7,3.2902012856315332,0.3290201285631534
JWST,51366344141087.66,1.7,3.242354235713002,0.3242354235713002
JWST,51359309101408.98,1.7,3.22620248986212,0.32262024898621205
JWST,51352275988478.51,1.7,3.2548132976576425,0.32548132976576427
JWST,51345244801504.82,1.7,3.2743926983046827,0.3274392698304683
JWST,51338215539696.9,1.7,3.298803923240003,0.32988039232400035
JWST,51331188202264.19,1.7,3.333463757993183,0.3333463757993183
JWST,51324162788416.56,1.7,3.340887860676679,0.33408878606766795
JWST,51317139297364.3,1.7,3.325901162135037,0.3325901162135037
JWST,51310117728318.14,1.7,3.2632189253601873,0.32632189253601873
JWST,51303098080489.234,1.7,3.284298829723247,0.3284298829723247
JWST,51296080353089.19,1.7,3.214560135194344,0.3214560135194344
JWST,51289064545330.016,1.7,3.231858640188281,0.3231858640188281
JWST,51282050656424.18,1.7,3.296601795881149,0.32966017958811494
JWST,51275038685584.555,1.7,3.3042212626621446,0.3304221262662145
JWST,51268028632024.48,1.7,3.2339777935443417,0.3233977793544342
JWST,51261020494957.664,1.7,3.257603702797113,0.32576037027971133
JWST,51254014273598.32,1.7,3.2860287458306288,0.32860287458306287
JWST,51247009967161.03,1.7,3.2859790030557514,0.3285979003055752
JWST,51240007574860.84,1.7,3.3133770649974688,0.3313377064997469
JWST,51233007095913.22,1.7,3.339488621149472,0.33394886211494723
JWST,51226008529534.05,1.7,3.265739034154586,0.32657390341545867
JWST,51219011874939.65,1.7,3.2591822291574846,0.32591822291574846
JWST,51212017131346.77,1.7,3.267353371746996,0.3267353371746996
JWST,51205024297972.61,1.7,3.252945779582062,0.3252945779582062
JWST,51198033374034.74,1.7,3.2486162677785395,0.32486162677785396
JWST,51191044358751.22,1.7,3.2631092389010563,0.32631092389010563
JWST,51184057251340.484,1.7,3.224942135123955,0.32249421351239554
JWST,51177072051021.445,1.7,3.236431597140215,0.3236431597140215
JWST,51170088757013.38,1.7,3.2299149893900045,0.3229914989390005
JWST,51163107368536.07,1.7,3.2501697072274207,0.3250169707227421
JWST,51156127884809.64,1.7,3.3167744456901804,0.33167744456901804
JWST,51149150305054.695,1.7,3.2225819581202706,0.3222581958120271
JWST,51142174628492.25,1.7,3.2109694465965783,0.3210969446596579
JWST,51135200854343.74,1.7,3.226319176742745,0.3226319176742745
JWST,51128228981831.03,1.7,3.2083143535393726,0.32083143535393727
JWST,51121259010176.41,1.7,3.257081235970507,0.32570812359705076
JWST,51114290938602.586,1.7,3.19425877932914,0.31942587793291405
JWST,51107324766332.7,1.7,3.1900811915678497,0.319008119156785
JWST,51100360492590.305,1.7,3.2127999813810457,0.3212799981381046
JWST,51093398116599.4,1.7,3.168415438550038,0.31684154385500385
JWST,51086437637584.36,1.7,3.201270054521252,0.3201270054521252
JWST,51079479054770.03,1.7,3.2419054040008284,0.3241905404000829
JWST,51072522367381.67,1.7,3.193288492670566,0.31932884926705657
JWST,51065567574644.94,1.7,3.2148920329899506,0.32148920329899505
JWST,51058614675785.94,1.7,3.201611809862169,0.32016118098621693
JWST,51051663670031.17,1.7,3.2641513753123164,0.3264151375312317
JWST,51044714556607.586,1.7,3.232301191623995,0.3232301191623995
JWST,51037767334742.52,1.7,3.1930055346421504,0.31930055346421504
JWST,51030822003663.79,1.7,3.215616735785004,0.3215616735785004
JWST,51023878562599.555,1.7,3.1763884000731695,0.31763884000731696
JWST,51016937010778.45,1.7,3.194053488735813,0.3194053488735813
JWST,51009997347429.51,1.7,3.212648985192715,0.3212648985192716
JWST,51003059571782.195,1.7,3.220886252208607,0.32208862522086074
JWST,50996123683066.375,1.7,3.234413268914489,0.3234413268914489
JWST,50989189680512.35,1.7,3.245385036284656,0.3245385036284656
JWST,50982257563350.836,1.7,3.238014065441976,0.3238014065441976
JWST,50975327330812.96,1.7,3.2134153928902682,0.32134153928902687
JWST,50968398982130.27,1.7,3.2033180770909397,0.320331807709094
JWST,50961472516534.75,1.7,3.1560928953081326,0.3156092895308133
JWST,50954547933258.76,1.7,3.1329770786062583,0.31329770786062583
JWST,50947625231535.12,1.7,3.1792900915200164,0.3179290091520017
JWST,50940704410597.04,1.7,3.216968409824733,0.3216968409824733
JWST,50933785469678.164,1.7,3.184996888789405,0.3184996888789405
JWST,50926868408012.55,1.7,3.2126348924118147,0.3212634892411814
JWST,50919953224834.64,1.7,3.132201658209657,0.31322016582096573
JWST,50913039919379.34,1.7,3.1258660238530527,0.3125866023853053
JWST,50906128490881.945,1.7,3.086047788093352,0.3086047788093352
JWST,50899218938578.17,1.7,3.2040436111589803,0.32040436111589804
JWST,50892311261704.13,1.7,3.22991128215439,0.322991128215439
JWST,50885405459496.4,1.7,3.190984116301008,0.31909841163010083
JWST,50878501531191.91,1.7,3.145457602142977,0.3145457602142977
JWST,50871599476028.05,1.7,3.2084910643547278,0.32084910643547276
JWST,50864699293242.586,1.7,3.164566853135605,0.3164566853135605
JWST,50857800982073.734,1.7,3.1998287718997926,0.3199828771899793
JWST,50850904541760.1,1.7,3.1724324992128983,0.3172432499212898
JWST,50844009971540.73,1.7,3.1230437001054425,0.3123043700105443
JWST,50837117270655.02,1.7,3.168594617323722,0.3168594617323722
JWST,50830226438342.86,1.7,3.2097535303195412,0.3209753530319541
JWST,50823337473844.49,1.7,3.2331231921348413,0.3233123192134842
JWST,50816450376400.6,1.7,3.1612741640572275,0.3161274164057228
JWST,50809565145252.27,1.7,3.201398960715051,0.32013989607150506
JWST,50802681779640.99,1.7,3.2731090070104965,0.3273109007010497
JWST,50795800278808.69,1.7,3.1891406734121226,0.3189140673412123
JWST,50788920641997.664,1.7,3.1382837884934327,0.3138283788493433
JWST,50782042868450.66,1.7,3.1707315068259248,0.3170731506825925
JWST,50775166957410.79,1.7,3.2183534566446013,0.32183534566446015
JWST,50768292908121.64,1.7,3.2357697027400776,0.3235769702740078
JWST,50761420719827.15,1.7,3.207007865811477,0.32070078658114776
JWST,50754550391771.69,1.7,3.2163631201743987,0.3216363120174399
JWST,50747681923200.03,1.7,3.2247628726164246,0.32247628726164246
JWST,50740815313357.38,1.7,3.220932102699964,0.32209321026999643
JWST,50733950561489.31,1.7,3.194754885267324,0.3194754885267324
JWST,50727087666841.836,1.7,3.197647094796763,0.3197647094796763
JWST,50720226628661.36,1.7,3.243921432219911,0.3243921432219911
JWST,50713367446194.71,1.7,3.161829447435093,0.3161829447435093
JWST,50706510118689.1,1.7,3.2291279267336788,0.3229127926733679
JWST,50699654645392.18,1.7,3.235433449126308,0.3235433449126308
JWST,50692801025551.98,1.7,3.174386166020281,0.3174386166020281
JWST,50685949258416.93,1.7,3.1384000690634832,0.31384000690634833
JWST,50679099343235.914,1.7,3.1715189273474556,0.3171518927347456
JWST,50672251279258.17,1.7,3.1692315109948233,0.3169231510994823
JWST,50665405065733.375,1.7,3.2023460187184183,0.32023460187184183
JWST,50658560701911.586,1.7,3.1652948718306804,0.316529487183068
JWST,50651718187043.29,1.7,3.1292571428935103,0.31292571428935106
JWST,50644877520379.34,1.7,3.2181877746021237,0.32181877746021237
JWST,50638038701171.06,1.7,3.17291682885913,0.31729168288591303
JWST,50631201728670.12,1.7,3.186543199329082,0.3186543199329082
JWST,50624366602128.61,1.7,3.2891367238987756,0.32891367238987756
JWST,50617533320799.02,1.7,3.2641344246967514,0.32641344246967513
JWST,50610701883934.27,1.7,3.3767215863687747,0.33767215863687744
JWST,50603872290787.65,1.7,3.2734595788528806,0.3273459578852881
JWST,50597044540612.87,1.7,3.24515671094934,0.324515671094934
JWST,50590218632664.03,1.7,3.2098289898074803,0.32098289898074805
JWST,50583394566195.664,1.7,3.131538215002762,0.31315382150027626
JWST,50576572340462.664,1.7,3.1096002338062263,0.3109600233806226
JWST,50569751954720.36,1.7,3.183898260328215,0.31838982603282157
JWST,50562933408224.45,1.7,3.159828906368391,0.31598289063683915
JWST,50556116700231.07,1.7,3.118945716915208,0.31189457169152085
JWST,50549301829996.75,1.7,3.110535356261922,0.3110535356261922
JWST,50542488796778.38,1.7,3.1960859601110028,0.3196085960111003
JWST,50535677599833.31,1.7,3.201441220192925,0.32014412201929254
JWST,50528868238419.24,1.7,3.1519728423249562,0.31519728423249566
JWST,50522060711794.31,1.7,3.1799722646437694,0.31799722646437695
JWST,50515255019217.03,1.7,3.195269593810975,0.31952695938109754
JWST,50508451159946.33,1.7,3.1997963408321755,0.3199796340832176
JWST,50501649133241.51,1.7,3.2327999685642426,0.3232799968564243
JWST,50494848938362.31,1.7,3.179619824453667,0.3179619824453667
JWST,50488050574568.836,1.7,3.1556109180105256,0.3155610918010526
JWST,50481254041121.61,1.7,3.1679187727687017,0.31679187727687014
JWST,50474459337281.54,1.7,3.1186904384288274,0.3118690438428827
JWST,50467666462309.945,1.7,3.150144847787234,0.3150144847787234
JWST,50460875415468.53,1.7,3.201991406380599,0.3201991406380599
JWST,50454086196019.41,1.7,3.217931976612314,0.3217931976612314
JWST,50447298803225.07,1.7,3.17017627843264,0.317017627843264
JWST,50440513236348.43,1.7,3.160832522494429,0.3160832522494429
JWST,50433729494652.78,1.7,3.210546951676476,0.3210546951676476
JWST,50426947577401.81,1.7,3.2282258778882134,0.32282258778882134
JWST,50420167483859.62,1.7,3.207749739976485,0.32077497399764854
JWST,50413389213290.68,1.7,3.226981648711792,0.32269816487117925
JWST,50406612764959.89,1.7,3.161626972953892,0.3161626972953892
JWST,50399838138132.51,1.7,3.175586726362142,0.31755867263621423
JWST,50393065332074.22,1.7,3.2666765335257044,0.3266676533525705
JWST,50386294346051.07,1.7,3.2460255274279275,0.32460255274279276
JWST,50379525179329.55,1.7,3.188354041265704,0.3188354041265704
JWST,50372757831176.48,1.7,3.2137237625410817,0.32137237625410825
JWST,50365992300859.13,1.7,3.18629273599635,0.31862927359963505
JWST,50359228587645.13,1.7,3.141337211787191,0.3141337211787191
JWST,50352466690802.53,1.7,3.155745520301749,0.3155745520301749
JWST,50345706609599.74,1.7,3.057399154323985,0.3057399154323985
JWST,50338948343305.6,1.7,3.1282063119448256,0.3128206311944826
JWST,50332191891189.305,1.7,3.1806566899202604,0.31806566899202604
JWST,50325437252520.48,1.7,3.1405412460160713,0.31405412460160714
JWST,50318684426569.09,1.7,3.204992930526897,0.3204992930526897
JWST,50311933412605.555,1.7,3.1758300492346643,0.31758300492346647
JWST,50305184209900.65,1.7,3.1916587221491493,0.319165872214915
JWST,50298436817725.54,1.7,3.198568432134389,0.3198568432134389
JWST,50291691235351.8,1.7,3.2037845653684327,0.32037845653684327
JWST,50284947462051.36,1.7,3.127843616933839,0.3127843616933839
JWST,50278205497096.59,1.7,3.1220256929993626,0.3122025692999363
JWST,50271465339760.22,1.7,3.066651393190892,0.30666513931908923
JWST,50264726989315.36,1.7,3.116384430047343,0.3116384430047343
JWST,50257990445035.54,1.7,3.2189498873435958,0.3218949887343596
JWST,50251255706194.65,1.7,3.2447287951419783,0.3244728795141978
JWST,50244522772066.99,1.7,3.216344601420042,0.3216344601420042
JWST,50237791641927.25,1.7,3.185987591537219,0.31859875915372193
JWST,50231062315050.48,1.7,3.238971014899041,0.3238971014899041
JWST,50224334790712.16,1.7,3.2704426032204252,0.32704426032204253
JWST,50217609068188.11,1.7,3.264883481468994,0.3264883481468995
JWST,50210885146754.59,1.7,3.270079390561084,0.32700793905610837
JWST,50204163025688.22,1.7,3.318882481689712,0.3318882481689712
JWST,50197442704265.99,1.7,3.317202157286557,0.33172021572865573
JWST,50190724181765.32,1.7,3.2925599042156035,0.3292559904215604
JWST,50184007457463.97,1.7,3.219733151985924,0.3219733151985924
JWST,50177292530640.13,1.7,3.293975867639552,0.3293975867639552
JWST,50170579400572.34,1.7,3.2799933982256846,0.3279993398225685
JWST,50163868066539.57,1.7,3.189688659993807,0.31896886599938074
JWST,50157158527821.11,1.7,3.1906863538912775,0.3190686353891278
JWST,50150450783696.695,1.7,3.192466092583529,0.3192466092583529
JWST,50143744833446.42,1.7,3.319179222678861,0.33191792226788613
JWST,50137040676350.77,1.7,3.296174113968597,0.32961741139685974
JWST,50130338311690.62,1.7,3.2248714097325224,0.32248714097325226
JWST,50123637738747.21,1.7,3.2843332920959614,0.3284333292095962
JWST,50116938956802.17,1.7,3.309989298592416,0.3309989298592417
JWST,50110241965137.555,1.7,3.256421124791499,0.3256421124791499
JWST,50103546763035.734,1.7,3.2121111111346417,0.3212111111134642
JWST,50096853349779.516,1.7,3.3201965701494953,0.33201965701494957
JWST,50090161724652.055,1.7,3.3538337895973767,0.3353833789597377
JWST,50083471886936.93,1.7,3.3394807593097577,0.3339480759309758
JWST,50076783835918.055,1.7,3.2680989663310425,0.3268098966331043
JWST,50070097570879.766,1.7,3.2554471280683632,0.32554471280683633
JWST,50063413091106.76,1.7,3.2468800065052346,0.3246880006505235
JWST,50056730395884.1,1.7,3.2913632847424887,0.3291363284742489
JWST,50050049484497.3,1.7,3.272234944603598,0.3272234944603598
JWST,50043370356232.15,1.7,3.3039062358837046,0.33039062358837046
JWST,50036693010374.92,1.7,3.3053579443250354,0.3305357944325035
JWST,50030017446212.195,1.7,3.2800787601355186,0.32800787601355186
JWST,50023343663030.984,1.7,3.1987910778114412,0.31987910778114415
JWST,50016671660118.63,1.7,3.233135540932656,0.32331355409326556
JWST,50010001436762.914,1.7,3.284415393985074,0.3284415393985074
JWST,50003332992251.945,1.7,3.327272035551151,0.3327272035551152
JWST,49996666325874.24,1.7,3.3383253483967854,0.33383253483967856
JWST,49990001436918.69,1.7,3.3412030201539267,0.33412030201539267
JWST,49983338324674.555,1.7,3.3301317858231343,0.3330131785823135
JWST,49976676988431.48,1.7,3.27783164235769,0.32778316423576903
JWST,49970017427479.51,1.7,3.2948872216488976,0.32948872216488984
JWST,49963359641109.02,1.7,3.293732182707998,0.3293732182707998
JWST,49956703628610.82,1.7,3.2710137876656766,0.32710137876656764
JWST,49950049389276.055,1.7,3.2790330024961203,0.327903300249612
JWST,49943396922396.266,1.7,3.26657747053332,0.32665774705333206
JWST,49936746227263.37,1.7,3.233830790324291,0.3233830790324291
JWST,49930097303169.65,1.7,3.2249678617752386,0.3224967861775239
JWST,49923450149407.78,1.7,3.268415639094456,0.32684156390944563
JWST,49916804765270.81,1.7,3.2713723532870027,0.3271372353287003
JWST,49910161150052.164,1.7,3.001720611973089,0.30017206119730894
JWST,49903519303045.63,1.7,3.1305711394823224,0.31305711394823227
JWST,49896879223545.39,1.7,3.213577113120219,0.3213577113120219
JWST,49890240910845.99,1.7,3.1691703905307245,0.3169170390530725
JWST,49883604364242.36,1.7,3.226514354559987,0.3226514354559987
JWST,49876969583029.78,1.7,3.3210850834456798,0.33210850834456795
JWST,49870336566503.96,1.7,3.3265827501126313,0.33265827501126316
JWST,49863705313960.914,1.7,3.2949472345118958,0.32949472345118963
JWST,49857075824697.086,1.7,3.264739700983385,0.3264739700983385
JWST,49850448098009.266,1.7,3.2354386275718756,0.3235438627571876
JWST,49843822133194.64,1.7,3.16050437171357,0.316050437171357
JWST,49837197929550.734,1.7,3.209770688138814,0.32097706881388144
JWST,49830575486375.48,1.7,3.3024817986210224,0.3302481798621023
JWST,49823954802967.16,1.7,3.2695818519864814,0.32695818519864817
JWST,49817335878624.445,1.7,3.2325265822362317,0.3232526582236232
JWST,49810718712646.37,1.7,3.1873606687449834,0.31873606687449835
JWST,49804103304332.34,1.7,3.2796719362717788,0.32796719362717786
JWST,49797489652982.164,1.7,3.281259516431505,0.32812595164315056
JWST,49790877757895.96,1.7,3.2350216352625476,0.32350216352625477
JWST,49784267618374.27,1.7,3.199962721635417,0.3199962721635417
JWST,49777659233717.99,1.7,3.227075707720619,0.32270757077206197
JWST,49771052603228.39,1.7,3.204425786125467,0.3204425786125467
JWST,49764447726207.11,1.7,3.243365607640796,0.32433656076407963
JWST,49757844601956.15,1.7,3.248794040490895,0.3248794040490895
JWST,49751243229777.9,1.7,3.251033499952225,0.3251033499952225
JWST,49744643608975.1,1.7,3.2440335812678907,0.32440335812678905
JWST,49738045738850.88,1.7,3.174957889120506,0.3174957889120506
JWST,49731449618708.73,1.7,3.1760579612225297,0.317605796122253
JWST,49724855247852.5,1.7,3.175273890857089,0.31752738908570893
JWST,49718262625586.43,1.7,3.1726409913846703,0.31726409913846704
JWST,49711671751215.1,1.7,3.254794647661643,0.3254794647661643
JWST,49705082624043.49,1.7,3.2403875034081726,0.3240387503408173
JWST,49698495243376.94,1.7,3.163838729842886,0.3163838729842886
JWST,49691909608521.14,1.7,3.1811470588148603,0.31811470588148605
JWST,49685325718782.16,1.7,3.1878792538927714,0.31878792538927714
JWST,49678743573466.44,1.7,3.101384581062235,0.31013845810622354
JWST,49672163171880.8,1.7,3.0607711245751,0.30607711245751007
JWST,49665584513332.39,1.7,3.207390530698232,0.3207390530698232
JWST,49659007597128.77,1.7,3.1948313416051852,0.31948313416051854
JWST,49652432422577.836,1.7,3.183434405757853,0.31834344057578534
JWST,49645858988987.87,1.7,3.1791511330974016,0.31791511330974015
JWST,49639287295667.49,1.7,3.198722449761724,0.31987224497617245
JWST,49632717341925.734,1.7,3.181143681271477,0.3181143681271477
JWST,49626149127071.945,1.7,3.1973395690953854,0.31973395690953854
JWST,49619582650415.875,1.7,3.1760544614965647,0.3176054461496565
JWST,49613017911267.62,1.7,3.170816613945271,0.3170816613945271
JWST,49606454908937.66,1.7,3.1506519536677966,0.3150651953667797
JWST,49599893642736.8,1.7,3.212776417366987,0.3212776417366987
JWST,49593334111976.266,1.7,3.188201526723164,0.3188201526723164
JWST,49586776315967.59,1.7,3.1708685014379285,0.3170868501437929
JWST,49580220254022.734,1.7,3.1968173015357104,0.31968173015357104
JWST,49573665925453.945,1.7,3.2549910870723817,0.32549910870723825
JWST,49567113329573.914,1.7,3.1858839535599874,0.31858839535599875
JWST,49560562465695.625,1.7,3.147676634444714,0.3147676634444714
JWST,49554013333132.48,1.7,3.267570161229018,0.32675701612290187
JWST,49547465931198.2,1.7,3.3009157029733984,0.3300915702973398
JWST,49540920259206.914,1.7,3.2089037234714466,0.3208903723471447
JWST,49534376316473.07,1.7,3.1649580283341807,0.3164958028334181
JWST,49527834102311.5,1.7,3.1496172922392813,0.3149617292239282
JWST,49521293616037.41,1.7,3.2127676039091364,0.3212767603909137
JWST,49514754856966.33,1.7,3.201324948077024,0.32013249480770245
JWST,49508217824414.19,1.7,3.1224073430386428,0.3122407343038643
JWST,49501682517697.25,1.7,3.1787493368890143,0.31787493368890146
JWST,49495148936132.164,1.7,3.237591479232163,0.32375914792321636
JWST,49488617079035.914,1.7,3.232219498701859,0.32322194987018593
JWST,49482086945725.875,1.7,3.2918984571091863,0.3291898457109187
JWST,49475558535519.74,1.7,3.3032837788570744,0.33032837788570746
JWST,49469031847735.62,1.7,3.1929744748538726,0.3192974474853873
JWST,49462506881691.914,1.7,3.209214722721881,0.3209214722721881
JWST,49455983636707.45,1.7,3.1588961825795523,0.3158896182579553
JWST,49449462112101.375,1.7,3.1294955485376836,0.31294955485376835
JWST,49442942307193.2,1.7,3.1157322757112165,0.31157322757112166
JWST,49436424221302.8,1.7,3.1267949422041332,0.31267949422041336
JWST,49429907853750.4,1.7,3.1735968506848296,0.317359685068483
JWST,49423393203856.62,1.7,3.264536262946495,0.3264536262946495
JWST,49416880270942.375,1.7,3.137283892756119,0.3137283892756119
JWST,49410369054328.99,1.7,3.1749586814764745,0.31749586814764746
JWST,49403859553338.13,1.7,3.2995225913407933,0.3299522591340794
JWST,49397351767291.82,1.7,3.2190131125960626,0.3219013112596063
JWST,49390845695512.43,1.7,3.1961535958307037,0.3196153595830704
JWST,49384341337322.7,1.7,3.1549840149860557,0.3154984014986056
JWST,49377838692045.73,1.7,3.2007963867753944,0.32007963867753947
JWST,49371337759004.95,1.7,3.2064785198156494,0.3206478519815649
JWST,49364838537524.19,1.7,3.1428551674125482,0.3142855167412548
JWST,49358341026927.6,1.7,3.2855581876011923,0.32855581876011924
JWST,49351845226539.7,1.7,3.2754208552023183,0.32754208552023184
JWST,49345351135685.37,1.7,3.2825687319785453,0.3282568731978545
JWST,49338858753689.81,1.7,3.3066592742597765,0.33066592742597767
JWST,49332368079878.64,1.7,3.220273307507097,0.3220273307507097
JWST,49325879113577.78,1.7,3.2239971456449137,0.3223997145644914
JWST,49319391854113.52,1.7,3.307650347493622,0.3307650347493622
JWST,49312906300812.52,1.7,3.183488897478159,0.31834888974781594
JWST,49306422453001.77,1.7,3.128685795390034,0.31286857953900343
JWST,49299940310008.64,1.7,3.189333978730716,0.31893339787307157
JWST,49293459871160.82,1.7,3.000453729173508,0.30004537291735084
JWST,49286981135786.39,1.7,2.935162265671117,0.29351622656711174
JWST,49280504103213.76,1.7,3.152926806215039,0.31529268062150395
JWST,49274028772771.69,1.7,3.1880109458241837,0.3188010945824184
JWST,49267555143789.305,1.7,3.1887939700634966,0.31887939700634965
JWST,49261083215596.09,1.7,3.2334750588508157,0.3233475058850816
JWST,49254612987521.86,1.7,3.242882049255253,0.3242882049255253
JWST,49248144458896.805,1.7,3.1842838394564947,0.3184283839456495
JWST,49241677629051.44,1.7,3.1943318547815736,0.31943318547815736
JWST,49235212497316.65,1.7,3.2504710642494943,0.32504710642494944
JWST,49228749063023.67,1.7,3.1966534498343657,0.3196653449834366
JWST,49222287325504.1,1.7,3.1280082384104464,0.31280082384104463
JWST,49215827284089.85,1.7,3.2708919288898315,0.32708919288898314
JWST,49209368938113.23,1.7,3.3450775621615882,0.3345077562161588
JWST,49202912286906.85,1.7,3.307059915096682,0.33070599150966823
JWST,49196457329803.72,1.7,3.216519393011644,0.3216519393011644
JWST,49190004066137.164,1.7,3.1895535520947553,0.31895535520947554
JWST,49183552495240.87,1.7,3.201150004239071,0.3201150004239071
JWST,49177102616448.875,1.7,3.2248304966065042,0.3224830496606504
JWST,49170654429095.555,1.7,3.2472305153806773,0.3247230515380678
JWST,49164207932515.664,1.7,3.2172475086612558,0.3217247508661256
JWST,49157763126044.266,1.7,3.2056854783234203,0.32056854783234207
JWST,49151320009016.81,1.7,3.2395662885618735,0.32395662885618737
JWST,49144878580769.055,1.7,3.3153732615739426,0.3315373261573943
JWST,49138438840637.16,1.7,3.2892503435100675,0.3289250343510068
JWST,49132000787957.555,1.7,3.237522863343241,0.3237522863343241
JWST,49125564422067.1,1.7,3.2398303235833215,0.32398303235833215
JWST,49119129742302.96,1.7,3.207904183021487,0.3207904183021487
JWST,49112696748002.65,1.7,3.1990537382148507,0.3199053738214851
JWST,49106265438504.02,1.7,3.180312835861852,0.3180312835861852
JWST,49099835813145.31,1.7,3.2529029926591937,0.3252902992659194
JWST,49093407871265.06,1.7,3.198774463152287,0.31987744631522874
JWST,49086981612202.19,1.7,3.2053174374301627,0.32053174374301624
JWST,49080557035295.93,1.7,3.1916754072186606,0.3191675407218661
JWST,49074134139885.89,1.7,3.164834845645095,0.31648348456450953
JWST,49067712925312.016,1.7,3.158006635013769,0.3158006635013769
JWST,49061293390914.58,1.7,3.223662780151262,0.32236627801512624
JWST,49054875536034.24,1.7,3.2285093579250335,0.32285093579250335
JWST,49048459360011.95,1.7,3.1262797336441754,0.3126279733644176
JWST,49042044862189.05,1.7,3.199964620647824,0.31999646206478244
JWST,49035632041907.195,1.7,3.2367025740634023,0.32367025740634026
JWST,49029220898508.41,1.7,3.2735810190658774,0.32735810190658776
JWST,49022811431335.04,1.7,3.313117969784353,0.33131179697843527
JWST,49016403639729.79,1.7,3.1006498826354276,0.3100649882635428
JWST,49009997523035.695,1.7,3.2315659741820326,0.3231565974182033
JWST,49003593080596.15,1.7,3.3012559534689943,0.33012559534689945
JWST,48997190311754.88,1.7,3.3035218260438914,0.33035218260438914
JWST,48990789215855.98,1.7,3.2359691889105053,0.3235969188910505
JWST,48984389792243.82,1.7,3.271472930552525,0.32714729305525253
JWST,48977992040263.2,1.7,3.3283267045590583,0.33283267045590587
JWST,48971595959259.2,1.7,3.344450707863761,0.33444507078637614
JWST,48965201548577.27,1.7,3.216386116366937,0.32163861163669366
JWST,48958808807563.19,1.7,3.2006050460980924,0.3200605046098093
JWST,48952417735563.08,1.7,3.2349985267214323,0.32349985267214326
JWST,48946028331923.42,1.7,3.2356618913797064,0.32356618913797064
JWST,48939640595991.016,1.7,3.166154245481629,0.3166154245481629
JWST,48933254527113.016,1.7,3.1219013849720394,0.31219013849720395
JWST,48926870124636.9,1.7,3.1552320629169293,0.31552320629169295
JWST,48920487387910.51,1.7,3.1801637780511602,0.31801637780511605
JWST,48914106316282.01,1.7,3.233760956019274,0.3233760956019274
JWST,48907726909099.914,1.7,3.2618420068274663,0.32618420068274667
JWST,48901349165713.07,1.7,2.8678668564192,0.28678668564192
JWST,48894973085470.68,1.7,2.9625945093171464,0.29625945093171463
JWST,48888598667722.26,1.7,3.0777961351104905,0.3077796135110491
JWST,48882225911817.68,1.7,3.073137179622692,0.3073137179622692
JWST,48875854817107.15,1.7,3.3594071003384047,0.33594071003384046
JWST,48869485382941.23,1.7,3.290311572363164,0.32903115723631643
JWST,48863117608670.77,1.7,3.3324228123031716,0.3332422812303172
JWST,48856751493647.03,1.7,3.3021698599414364,0.3302169859941437
JWST,48850387037221.555,1.7,3.224190130086216,0.32241901300862164
JWST,48844024238746.25,1.7,3.2444530158375158,0.3244453015837516
JWST,48837663097573.336,1.7,3.2355702567144093,0.32355702567144096
JWST,48831303613055.4,1.7,3.2361917045247193,0.32361917045247196
JWST,48824945784545.36,1.7,3.2617342143111094,0.326173421431111
JWST,48818589611396.45,1.7,3.2264068431455795,0.322640684314558
JWST,48812235092962.266,1.7,3.2596633480976527,0.3259663348097653
JWST,48805882228596.72,1.7,3.2418799159163214,0.32418799159163214
JWST,48799531017654.08,1.7,3.228654631832172,0.32286546318321724
JWST,48793181459488.93,1.7,3.347787811147621,0.3347787811147621
JWST,48786833553456.2,1.7,3.4310615990227125,0.3431061599022713
JWST,48780487298911.164,1.7,3.317746255346105,0.3317746255346105
JWST,48774142695209.42,1.7,3.2898377793372737,0.3289837779337274
JWST,48767799741706.9,1.7,3.244395386007132,0.32443953860071323
JWST,48761458437759.88,1.7,3.210235730299,0.32102357302990003
JWST,48755118782724.96,1.7,3.2009346017694886,0.3200934601769489
JWST,48748780775959.086,1.7,3.1698958667100263,0.3169895866710027
JWST,48742444416819.53,1.7,3.196083099023381,0.31960830990233813
JWST,48736109704663.91,1.7,3.187574904901216,0.3187574904901216
JWST,48729776638850.14,1.7,3.288432546626567,0.32884325466265674
JWST,48723445218736.53,1.7,3.2711821912203374,0.32711821912203376
JWST,48717115443681.67,1.7,3.2211663246116626,0.3221166324611663
JWST,48710787313044.51,1.7,3.1913647454476797,0.31913647454476796
JWST,48704460826184.336,1.7,3.1752515764417084,0.3175251576441709
JWST,48698135982460.734,1.7,3.2284904649026256,0.3228490464902626
JWST,48691812781233.664,1.7,3.2692221689811345,0.3269222168981135
JWST,48685491221863.39,1.7,3.2384304617112827,0.32384304617112825
JWST,48679171303710.53,1.7,3.17962050331394,0.317962050331394
JWST,48672853026136.01,1.7,3.15434894396346,0.31543489439634603
JWST,48666536388501.11,1.7,3.193790729540229,0.31937907295402296
JWST,48660221390167.414,1.7,3.223090612701231,0.3223090612701231
JWST,48653908030496.88,1.7,3.270097385755341,0.3270097385755341
JWST,48647596308851.75,1.7,3.316467762743697,0.3316467762743697
JWST,48641286224594.63,1.7,3.230848439875458,0.3230848439875458
JWST,48634977777088.445,1.7,3.278363174040269,0.3278363174040269
JWST,48628670965696.445,1.7,3.246565524922596,0.3246565524922596
JWST,48622365789782.22,1.7,3.302645415423593,0.3302645415423593
JWST,48616062248709.69,1.7,3.2654205870927204,0.3265420587092721
JWST,48609760341843.086,1.7,3.248889098242923,0.32488890982429225
JWST,48603460068547.01,1.7,3.325325825221467,0.3325325825221467
JWST,48597161428186.336,1.7,3.3299751745282546,0.33299751745282546
JWST,48590864420126.31,1.7,3.269863426733745,0.3269863426733745
JWST,48584569043732.516,1.7,3.1701239732273483,0.3170123973227349
JWST,48578275298370.81,1.7,3.2049500904596253,0.32049500904596256
JWST,48571983183407.445,1.7,3.23491856015739,0.32349185601573904
JWST,48565692698208.945,1.7,3.3438007555266482,0.3343800755526648
JWST,48559403842142.2,1.7,3.364818109293508,0.33648181092935087
JWST,48553116614574.414,1.7,3.310586361230331,0.3310586361230331
JWST,48546831014873.12,1.7,3.286085484678924,0.3286085484678924
JWST,48540547042406.16,1.7,3.3491009273745567,0.3349100927374557
JWST,48534264696541.74,1.7,3.3475609738250527,0.3347560973825053
JWST,48527983976648.375,1.7,3.361690479923904,0.33616904799239045
JWST,48521704882094.9,1.7,3.258384997328342,0.32583849973283424
JWST,48515427412250.48,1.7,3.163799928893679,0.3163799928893679
JWST,48509151566484.61,1.7,3.1874597005180765,0.31874597005180766
JWST,48502877344167.11,1.7,3.291833127365781,0.3291833127365781
JWST,48496604744668.13,1.7,3.2985653564240844,0.32985653564240847
JWST,48490333767358.14,1.7,3.25829623005551,0.325829623005551
JWST,48484064411607.945,1.7,3.2445504302889807,0.3244550430288981
JWST,48477796676788.65,1.7,3.268686863495502,0.3268686863495502
JWST,48471530562271.71,1.7,3.293043256450125,0.32930432564501255
JWST,48465266067428.914,1.7,3.282558067168798,0.3282558067168798
JWST,48459003191632.34,1.7,3.328835457485626,0.3328835457485626
JWST,48452741934254.42,1.7,3.3294499551147276,0.3329449955114728
JWST,48446482294667.9,1.7,3.2753134156976778,0.32753134156976776
JWST,48440224272245.84,1.7,3.271078449977022,0.32710784499770224
JWST,48433967866361.65,1.7,3.198757612714175,0.3198757612714175
JWST,48427713076389.04,1.7,3.3053775886074814,0.33053775886074815
JWST,48421459901702.05,1.7,3.3600369492883524,0.33600369492883525
JWST,48415208341675.05,1.7,3.323899114244924,0.3323899114244924
JWST,48408958395682.71,1.7,3.2281579236325464,0.32281579236325464
JWST,48402710063100.08,1.7,3.2450390269312774,0.3245039026931278
JWST,48396463343302.45,1.7,3.2489757874750302,0.324897578747503
JWST,48390218235665.51,1.7,3.3421992589101213,0.3342199258910122
JWST,48383974739565.21,1.7,3.395449851313585,0.3395449851313585
JWST,48377732854377.875,1.7,3.3217196653482683,0.33217196653482683
JWST,48371492579480.11,1.7,3.366681212052281,0.3366681212052281
JWST,48365253914248.86,1.7,3.309989107882072,0.3309989107882072
JWST,48359016858061.4,1.7,3.2963523552003586,0.3296352355200359
JWST,48352781410295.305,1.7,3.3056269523613078,0.3305626952361308
JWST,48346547570328.49,1.7,3.280551154839047,0.32805511548390476
JWST,48340315337539.18,1.7,3.2139521184161706,0.32139521184161707
JWST,48334084711305.93,1.7,3.2232801905683117,0.3223280190568312
JWST,48327855691007.59,1.7,3.1769159821997213,0.31769159821997217
JWST,48321628276023.37,1.7,3.210257547712788,0.3210257547712788
JWST,48315402465732.766,1.7,3.225935793315384,0.32259357933153837
JWST,48309178259515.61,1.7,3.2707109003793744,0.3270710900379375
JWST,48302955656752.05,1.7,3.3514450207195137,0.3351445020719514
JWST,48296734656822.555,1.7,3.360869334219769,0.3360869334219769
JWST,48290515259107.91,1.7,3.2505003347030796,0.325050033470308
JWST,48284297462989.22,1.7,3.2866939073627153,0.32866939073627155
JWST,48278081267847.91,1.7,3.23620241724053,0.32362024172405307
JWST,48271866673065.72,1.7,3.190318882231413,0.31903188822314127
JWST,48265653678024.71,1.7,3.2582175068789985,0.32582175068789987
JWST,48259442282107.27,1.7,3.214586350059272,0.3214586350059272
JWST,48253232484696.09,1.7,3.2134973899643757,0.3213497389964376
JWST,48247024285174.18,1.7,3.32893099006712,0.33289309900671205
JWST,48240817682924.88,1.7,3.3187911040834424,0.3318791104083443
JWST,48234612677331.836,1.7,3.3147629626247825,0.3314762962624783
JWST,48228409267779.016,1.7,3.2262633306147612,0.3226263330614762
JWST,48222207453650.695,1.7,3.223236737847903,0.3223236737847904
JWST,48216007234331.49,1.7,3.251978952254084,0.32519789522540843
JWST,48209808609206.3,1.7,3.285691800462526,0.32856918004625263
JWST,48203611577660.37,1.7,3.3308520434090636,0.3330852043409064
JWST,48197416139079.234,1.7,3.2339985005739305,0.3233998500573931
JWST,48191222292848.77,1.7,3.273712789703616,0.32737127897036167
JWST,48185030038355.16,1.7,3.321678926757693,0.33216789267576935
JWST,48178839374984.9,1.7,3.3485733124123453,0.33485733124123457
JWST,48172650302124.78,1.7,3.304333857692764,0.3304333857692764
JWST,48166462819161.95,1.7,3.2580510843912287,0.3258051084391229
JWST,48160276925483.836,1.7,3.2813370523054557,0.3281337052305456
JWST,48154092620478.21,1.7,3.2621905996373033,0.32621905996373035
JWST,48147909903533.125,1.7,3.2987853732339945,0.3298785373233995
JWST,48141728774036.98,1.7,3.2965155329566,0.32965155329566004
JWST,48135549231378.445,1.7,3.2536453991520724,0.32536453991520725
JWST,48129371274946.56,1.7,3.3517873832104064,0.33517873832104067
JWST,48123194904130.66,1.7,3.351214282628327,0.3351214282628327
JWST,48117020118320.35,1.7,3.4016293359721113,0.3401629335972111
JWST,48110846916905.61,1.7,3.4081262775049073,0.3408126277504908
JWST,48104675299276.68,1.7,3.3276314025879534,0.33276314025879533
JWST,48098505264824.17,1.7,3.357179766820093,0.3357179766820093
JWST,48092336812938.94,1.7,3.318967262588912,0.3318967262588913
JWST,48086169943012.22,1.7,3.18813149568053,0.31881314956805296
JWST,48080004654435.5,1.7,3.232411178114454,0.32324111781144543
JWST,48073840946600.625,1.7,3.2111057109109833,0.32111057109109836
JWST,48067678818899.73,1.7,3.2656658343142535,0.32656658343142536
JWST,48061518270725.26,1.7,3.2928577848831884,0.32928577848831886
JWST,48055359301469.984,1.7,3.235207839889662,0.3235207839889662
JWST,48049201910526.98,1.7,3.3091136698092107,0.3309113669809211
JWST,48043046097289.62,1.7,3.282999943916187,0.3282999943916187
JWST,48036891861151.61,1.7,3.304275952523249,0.3304275952523249
JWST,48030739201506.94,1.7,3.3178265515175887,0.3317826551517589
JWST,48024588117749.95,1.7,3.3236545459562064,0.33236545459562067
JWST,48018438609275.25,1.7,3.2203822489695977,0.32203822489695977
JWST,48012290675477.78,1.7,3.213157770184515,0.32131577701845154
JWST,48006144315752.8,1.7,3.2093239895366676,0.32093239895366676
JWST,47999999529495.836,1.7,3.2203063553181024,0.32203063553181027
JWST,47993856316102.79,1.7,3.2371129790925184,0.32371129790925185
JWST,47987714674969.805,1.7,3.2108078911540834,0.3210807891154083
JWST,47981574605493.39,1.7,3.1413795064038816,0.3141379506403882
JWST,47975436107070.32,1.7,3.1742593225059603,0.317425932250596
JWST,47969299179097.71,1.7,3.242247154012227,0.3242247154012227
JWST,47963163820972.95,1.7,3.2001702376173773,0.32001702376173774
JWST,47957030032093.78,1.7,3.301999124594898,0.3301999124594898
JWST,47950897811858.22,1.7,3.2968562401402477,0.32968562401402485
JWST,47944767159664.59,1.7,3.32026364522738,0.33202636452273804
JWST,47938638074911.55,1.7,3.331352513904615,0.3331352513904616
JWST,47932510556998.05,1.7,3.3390293371182507,0.3339029337118251
JWST,47926384605323.32,1.7,3.2579769650963257,0.32579769650963264
JWST,47920260219286.95,1.7,3.22032500431982,0.322032500431982
JWST,47914137398288.805,1.7,3.2452023453645906,0.3245202345364591
JWST,47908016141729.055,1.7,3.2377819211178287,0.32377819211178294
JWST,47901896449008.19,1.7,3.2477502524164454,0.32477502524164453
JWST,47895778319526.99,1.7,3.2933905273297484,0.32933905273297487
JWST,47889661752686.57,1.7,3.294632043787318,0.32946320437873183
JWST,47883546747888.31,1.7,3.2454382227004,0.32454382227004
JWST,47877433304533.94,1.7,3.2206122852925754,0.32206122852925756
JWST,47871321422025.445,1.7,3.2531921962335795,0.32531921962335797
JWST,47865211099765.164,1.7,3.229822540333995,0.3229822540333995
JWST,47859102337155.71,1.7,3.2426638711662057,0.3242663871166206
JWST,47852995133600.03,1.7,3.2409414518016044,0.32409414518016044
JWST,47846889488501.33,1.7,3.212744042125148,0.32127440421251485
JWST,47840785401263.17,1.7,3.238256507742313,0.3238256507742313
JWST,47834682871289.375,1.7,3.2020723870788097,0.320207238707881
JWST,47828581897984.11,1.7,3.2467556656483203,0.32467556656483204
JWST,47822482480751.8,1.7,3.19477948669851,0.319477948669851
JWST,47816384618997.23,1.7,3.1988583503727988,0.31988583503727996
JWST,47810288312125.42,1.7,3.2179887079768945,0.3217988707976895
JWST,47804193559541.76,1.7,3.194720022766016,0.31947200227660155
JWST,47798100360651.9,1.7,3.242725335273646,0.32427253352736457
JWST,47792008714861.82,1.7,3.262136449585714,0.3262136449585714
JWST,47785918621577.77,1.7,3.287344344429554,0.3287344344429554
JWST,47779830080206.336,1.7,3.2747816826277933,0.32747816826277937
JWST,47773743090154.39,1.7,3.28076551928487,0.328076551928487
JWST,47767657650829.11,1.7,3.290766216524365,0.3290766216524365
JWST,47761573761637.98,1.7,3.1254417306186175,0.3125441730618618
JWST,47755491421988.766,1.7,3.1093741506801615,0.31093741506801614
JWST,47749410631289.56,1.7,3.167190957596483,0.31671909575964835
JWST,47743331388948.74,1.7,3.2893920899918445,0.32893920899918444
JWST,47737253694375.0,1.7,3.306067601637907,0.3306067601637907
JWST,47731177546977.32,1.7,3.235895355604451,0.3235895355604451
JWST,47725102946164.99,1.7,3.247892277629801,0.32478922776298014
JWST,47719029891347.586,1.7,3.1379461698894375,0.3137946169889438
JWST,47712958381935.016,1.7,3.173326568498848,0.3173326568498848
JWST,47706888417337.45,1.7,3.1736348212430707,0.3173634821243071
JWST,47700819996965.4,1.7,3.2485099094239045,0.32485099094239045
JWST,47694753120229.625,1.7,3.22608285557991,0.322608285557991
JWST,47688687786541.234,1.7,3.2927993010099437,0.3292799301009944
JWST,47682623995311.59,1.7,3.3324221596886563,0.33324221596886566
JWST,47676561745952.42,1.7,3.3036918008269764,0.33036918008269767
JWST,47670501037875.68,1.7,3.321424355368851,0.33214243553688516
JWST,47664441870493.66,1.7,3.2832753528798913,0.32832753528798914
JWST,47658384243218.945,1.7,3.2205106632779383,0.32205106632779384
JWST,47652328155464.42,1.7,3.2676458292747705,0.32676458292747707
JWST,47646273606643.27,1.7,3.1634991091096047,0.3163499109109605
JWST,47640220596168.97,1.7,3.2434017900246603,0.32434017900246603
JWST,47634169123455.29,1.7,3.2577207890725965,0.3257720789072596
JWST,47628119187916.31,1.7,3.2603454066429944,0.32603454066429943
JWST,47622070788966.414,1.7,3.296409774977368,0.32964097749773685
JWST,47616023926020.25,1.7,3.2504895696492007,0.3250489569649201
JWST,47609978598492.8,1.7,3.199270048833845,0.3199270048833845
JWST,47603934805799.32,1.7,3.2171737632922537,0.32171737632922537
JWST,47597892547355.38,1.7,3.3165185367315764,0.3316518536731577
JWST,47591851822576.836,1.7,3.3536415397558383,0.33536415397558383
JWST,47585812630879.836,1.7,3.279515626873591,0.32795156268735914
JWST,47579774971680.836,1.7,3.2538870580730053,0.32538870580730056
JWST,47573738844396.586,1.7,3.2105540363737726,0.32105540363737733
JWST,47567704248444.11,1.7,3.216443218477745,0.32164432184777453
JWST,47561671183240.77,1.7,3.248400394175177,0.3248400394175177
JWST,47555639648204.19,1.7,3.2404675141020216,0.32404675141020217
JWST,47549609642752.3,1.7,3.298968471066093,0.3298968471066093
JWST,47543581166303.32,1.7,3.2990865216828342,0.32990865216828347
JWST,47537554218275.77,1.7,3.2449681386009663,0.32449681386009666
JWST,47531528798088.48,1.7,3.2110078248502627,0.32110078248502627
JWST,47525504905160.54,1.7,3.2423073678539107,0.32423073678539105
JWST,47519482538911.36,1.7,3.1565979088454057,0.3156597908845406
JWST,47513461698760.64,1.7,3.157869375568222,0.31578693755682224
JWST,47507442384128.37,1.7,3.258900810160557,0.3258900810160557
JWST,47501424594434.83,1.7,3.2205271560636044,0.32205271560636045
JWST,47495408329100.62,1.7,3.2531204463098793,0.32531204463098795
JWST,47489393587546.58,1.7,3.273443643528874,0.3273443643528874
JWST,47483380369193.9,1.7,3.238173454647149,0.3238173454647149
JWST,47477368673464.03,1.7,3.3109713133643237,0.33109713133643237
JWST,47471358499778.734,1.7,3.271712140582738,0.32717121405827376
JWST,47465349847560.04,1.7,3.2447960433348495,0.32447960433348494
JWST,47459342716230.3,1.7,3.193733365367699,0.3193733365367699
JWST,47453337105212.13,1.7,3.1657497797530003,0.31657497797530004
JWST,47447333013928.46,1.7,3.214094837077063,0.32140948370770633
JWST,47441330441802.516,1.7,3.23807369922042,0.323807369922042
JWST,47435329388257.78,1.7,3.2736171759085884,0.32736171759085886
JWST,47429329852718.07,1.7,3.2810671374692926,0.3281067137469293
JWST,47423331834607.46,1.7,3.2299738172088204,0.3229973817208821
JWST,47417335333350.34,1.7,3.1857457558381297,0.31857457558381297
JWST,47411340348371.38,1.7,3.1320500881567757,0.31320500881567753
JWST,47405346879095.55,1.7,3.183383845157194,0.31833838451571944
JWST,47399354924948.08,1.7,3.197326907487699,0.3197326907487699
JWST,47393364485354.54,1.7,3.2313907039339256,0.32313907039339257
JWST,47387375559740.74,1.7,3.176482486721109,0.31764824867211094
JWST,47381388147532.83,1.7,3.181185236769122,0.31811852367691223
JWST,47375402248157.2,1.7,3.2485068014768683,0.32485068014768687
JWST,47369417861040.58,1.7,3.1788013834806494,0.317880138348065
JWST,47363434985609.93,1.7,3.1071475886776265,0.3107147588677627
JWST,47357453621292.57,1.7,3.1695046205033077,0.3169504620503308
JWST,47351473767516.04,1.7,3.1970232877364877,0.3197023287736488
JWST,47345495423708.23,1.7,3.2241465379938883,0.3224146537993889
JWST,47339518589297.266,1.7,3.2259307921173925,0.3225930792117393
JWST,47333543263711.6,1.7,3.233248844925549,0.3233248844925549
JWST,47327569446379.96,1.7,3.23235632647215,0.32323563264721505
JWST,47321597136731.36,1.7,3.3759456050819265,0.3375945605081927
JWST,47315626334195.11,1.7,3.263502105410453,0.3263502105410453
JWST,47309657038200.79,1.7,3.0721775138079352,0.30721775138079355
JWST,47303689248178.29,1.7,3.1270375799139045,0.3127037579913905
JWST,47297722963557.766,1.7,3.2488586438527745,0.3248858643852775
JWST,47291758183769.695,1.7,3.237947629642713,0.3237947629642714
JWST,47285794908244.8,1.7,3.257673021812384,0.3257673021812384
JWST,47279833136414.11,1.7,3.1575982710684176,0.31575982710684175
JWST,47273872867708.95,1.7,3.093149957720738,0.30931499577207383
JWST,47267914101560.93,1.7,3.175896332448512,0.31758963324485123
JWST,47261956837401.92,1.7,3.1911406429492493,0.31911406429492495
JWST,47256001074664.12,1.7,3.2983504034423046,0.3298350403442305
JWST,47250046812779.96,1.7,3.27476531531266,0.327476531531266
JWST,47244094051182.22,1.7,3.2437136785771306,0.3243713678577131
JWST,47238142789303.92,1.7,3.227047390087631,0.32270473900876306
JWST,47232193026578.38,1.7,3.184989213873331,0.3184989213873331
JWST,47226244762439.2,1.7,3.2013982691171288,0.32013982691171294
JWST,47220297996320.28,1.7,3.2714342542491845,0.3271434254249185
JWST,47214352727655.805,1.7,3.289325499793112,0.3289325499793112
JWST,47208408955880.2,1.7,3.354138278850692,0.33541382788506924
JWST,47202466680428.26,1.7,3.3236225773046857,0.3323622577304686
JWST,47196525900734.96,1.7,3.1651734286755544,0.31651734286755545
JWST,47190586616235.664,1.7,3.1173127418206326,0.31173127418206326
JWST,47184648826365.94,1.7,3.103464808086092,0.31034648080860927
JWST,47178712530561.68,1.7,3.184775749475437,0.31847757494754375
JWST,47172777728259.04,1.7,3.225921899874229,0.3225921899874229
JWST,47166844418894.49,1.7,3.2067086440570813,0.3206708644057082
JWST,47160912601904.74,1.7,3.1537824176077764,0.31537824176077767
JWST,47154982276726.836,1.7,3.2283061412177556,0.3228306141217756
JWST,47149053442798.05,1.7,3.2176546192984667,0.3217654619298467
JWST,47143126099555.98,1.7,3.2251168983346385,0.3225116898334639
JWST,47137200246438.484,1.7,3.2317289701446037,0.3231728970144604
JWST,47131275882883.72,1.7,3.3057021655700782,0.33057021655700786
JWST,47125353008330.1,1.7,3.3539909133780945,0.3353990913378095
JWST,47119431622216.36,1.7,3.328514360941099,0.33285143609410994
JWST,47113511723981.48,1.7,3.3105060069174876,0.3310506006917488
JWST,47107593313064.734,1.7,3.330648398812391,0.33306483988123914
JWST,47101676388905.7,1.7,3.3072937715018593,0.33072937715018597
JWST,47095760950944.2,1.7,3.274404566706264,0.32744045667062643
JWST,47089846998620.37,1.7,3.2770968722598197,0.327709687225982
JWST,47083934531374.586,1.7,3.2668622515117827,0.3266862251511783
JWST,47078023548647.57,1.7,3.3030673995463644,0.3303067399546365
JWST,47072114049880.25,1.7,3.2909593483163175,0.3290959348316318
JWST,47066206034513.9,1.7,3.2098008702780456,0.32098008702780456
JWST,47060299501990.02,1.7,3.2607480973948864,0.32607480973948866
JWST,47054394451750.445,1.7,3.2549443122839006,0.3254944312283901
JWST,47048490883237.234,1.7,3.2352233476137187,0.32352233476137193
JWST,47042588795892.766,1.7,3.2997470211766267,0.32997470211766267
JWST,47036688189159.69,1.7,3.2516860112926698,0.325168601129267
JWST,47030789062480.92,1.7,3.275473741667876,0.3275473741667876
JWST,47024891415299.664,1.7,3.278377347294268,0.32783773472942684
JWST,47018995247059.42,1.7,3.3004255941991265,0.3300425594199127
JWST,47013100557203.94,1.7,3.310597896225528,0.3310597896225528
JWST,47007207345177.26,1.7,3.2176278742291093,0.321762787422911
JWST,47001315610423.71,1.7,3.212854906066259,0.3212854906066259
JWST,46995425352387.88,1.7,3.219827655727013,0.32198276557270133
JWST,46989536570514.664,1.7,3.197019296645066,0.3197019296645066
JWST,46983649264249.2,1.7,3.2014019643979164,0.32014019643979164
JWST,46977763433036.945,1.7,3.210146256585741,0.3210146256585741
JWST,46971879076323.586,1.7,3.219309557707611,0.32193095577076114
JWST,46965996193555.13,1.7,3.2175528051780984,0.3217552805178098
JWST,46960114784177.836,1.7,3.2268959200261147,0.3226895920026115
JWST,46954234847638.25,1.7,3.3396778115573396,0.33396778115573394
JWST,46948356383383.18,1.7,3.289506568278574,0.3289506568278574
JWST,46942479390859.76,1.7,3.27913822629351,0.327913822629351
JWST,46936603869515.32,1.7,3.338523997589559,0.3338523997589559
JWST,46930729818797.55,1.7,3.2801658615514833,0.32801658615514834
JWST,46924857238154.36,1.7,3.335975243986437,0.3335975243986437
JWST,46918986127033.95,1.7,3.3316331065608003,0.33316331065608
JWST,46913116484884.82,1.7,3.3580194292754024,0.3358019429275403
JWST,46907248311155.71,1.7,3.2832089932723023,0.32832089932723024
JWST,46901381605295.664,1.7,3.1779210033906136,0.3177921003390614
JWST,46895516366753.98,1.7,3.3162139021830104,0.331621390218301
JWST,46889652594980.24,1.7,3.3424114844788035,0.3342411484478804
JWST,46883790289424.31,1.7,3.3685707567327365,0.33685707567327366
JWST,46877929449536.336,1.7,3.317585828511201,0.33175858285112014
JWST,46872070074766.7,1.7,3.2862793777445605,0.32862793777445604
JWST,46866212164566.12,1.7,3.3026399353080422,0.3302639935308042
JWST,46860355718385.516,1.7,3.2932956391351493,0.329329563913515
JWST,46854500735676.14,1.7,3.3027060544375395,0.330270605443754
JWST,46848647215889.5,1.7,3.3657613505694886,0.3365761350569489
JWST,46842795158477.375,1.7,3.3705940728617128,0.3370594072861713
JWST,46836944562891.81,1.7,3.3241234719255064,0.33241234719255064
JWST,46831095428585.16,1.7,3.2464578125928627,0.3246457812592863
JWST,46825247755009.99,1.7,3.1744872206791412,0.3174487220679142
JWST,46819401541619.21,1.7,3.184834011332248,0.3184834011332248
JWST,46813556787865.945,1.7,3.2721785004294373,0.32721785004294374
JWST,46807713493203.63,1.7,3.3317540727096615,0.3331754072709662
JWST,46801871657085.95,1.7,3.236429265218958,0.32364292652189586
JWST,46796031278966.88,1.7,3.117918605935766,0.31179186059357655
JWST,46790192358300.66,1.7,3.141269603966107,0.3141269603966107
JWST,46784354894541.8,1.7,3.162577821835915,0.3162577821835915
JWST,46778518887145.07,1.7,3.2600271380511696,0.326002713805117
JWST,46772684335565.54,1.7,3.302358399024841,0.3302358399024841
JWST,46766851239258.55,1.7,3.2328733648528365,0.3232873364852837
JWST,46761019597679.68,1.7,3.2517525319463476,0.3251752531946348
JWST,46755189410284.81,1.7,3.275545225198165,0.32755452251981654
JWST,46749360676530.08,1.7,3.2456460568259917,0.32456460568259915
JWST,46743533395871.91,1.7,3.2756079835853513,0.32756079835853513
JWST,46737707567766.97,1.7,3.3168333085627344,0.3316833308562735
JWST,46731883191672.234,1.7,3.2159549423557956,0.3215954942355796
JWST,46726060267044.914,1.7,3.2584382161419887,0.3258438216141989
JWST,46720238793342.516,1.7,3.2175486823925397,0.321754868239254
JWST,46714418770022.8,1.7,3.1809202226436093,0.31809202226436095
JWST,46708600196543.81,1.7,3.271612115494848,0.32716121154948485
JWST,46702783072363.84,1.7,3.325052211843317,0.33250522118433173
JWST,46696967396941.49,1.7,3.315752229277984,0.3315752229277984
JWST,46691153169735.586,1.7,3.308010042567918,0.3308010042567918
JWST,46685340390205.26,1.7,3.2461006788793245,0.32461006788793245
JWST,46679529057809.88,1.7,3.1982285988338375,0.31982285988338377
JWST,46673719172009.12,1.7,3.2675611513589167,0.3267561151358917
JWST,46667910732262.88,1.7,3.24462849067957,0.324462849067957
JWST,46662103738031.375,1.7,3.309641134234221,0.33096411342342213
JWST,46656298188775.06,1.7,3.3054303153534437,0.3305430315353444
JWST,46650494083954.66,1.7,3.148439296052418,0.31484392960524177
JWST,46644691423031.17,1.7,3.199269168699454,0.3199269168699454
JWST,46638890205465.87,1.7,3.2164054989889808,0.3216405498988981
JWST,46633090430720.27,1.7,3.203730542905396,0.32037305429053964
JWST,46627292098256.195,1.7,3.24168951526015,0.324168951526015
JWST,46621495207535.71,1.7,3.238240176849957,0.3238240176849957
JWST,46615699758021.14,1.7,3.136882827533707,0.31368828275337074
JWST,46609905749175.1,1.7,3.2230433671435703,0.32230433671435704
JWST,46604113180460.46,1.7,3.162663506967094,0.3162663506967094
JWST,46598322051340.36,1.7,3.2466526062551884,0.3246652606255188
JWST,46592532361278.195,1.7,3.275855426538789,0.32758554265387896
JWST,46586744109737.65,1.7,3.325326241722518,0.3325326241722518
JWST,46580957296182.65,1.7,3.286656419422998,0.3286656419422998
JWST,46575171920077.414,1.7,3.2759086710551903,0.327590867105519
JWST,46569387980886.4,1.7,3.1613813410318494,0.316138134103185
JWST,46563605478074.34,1.7,3.236765437203852,0.3236765437203852
JWST,46557824411106.266,1.7,3.2699622920129396,0.32699622920129395
JWST,46552044779447.42,1.7,3.2600163796763786,0.3260016379676379
JWST,46546266582563.34,1.7,3.2489739757870386,0.3248973975787039
JWST,46540489819919.836,1.7,3.252229676137095,0.3252229676137095
JWST,46534714490982.96,1.7,3.3263053574461687,0.3326305357446169
JWST,46528940595219.04,1.7,3.2875122702252004,0.3287512270225201
JWST,46523168132094.68,1.7,3.248094994155954,0.3248094994155954
JWST,46517397101076.734,1.7,3.2730099898898626,0.3273009989889863
JWST,46511627501632.33,1.7,3.336169120120081,0.3336169120120081
JWST,46505859333228.836,1.7,3.376419045520838,0.3376419045520838
JWST,46500092595333.93,1.7,3.3144958087680987,0.3314495808768099
JWST,46494327287415.516,1.7,3.2091254426166316,0.32091254426166316
JWST,46488563408941.77,1.7,3.3036566082718415,0.33036566082718416
JWST,46482800959381.14,1.7,3.209001179481539,0.32090011794815393
JWST,46477039938202.336,1.7,3.0376208180248687,0.30376208180248687
JWST,46471280344874.32,1.7,3.1252976242855164,0.3125297624285517
JWST,46465522178866.33,1.7,3.257020081895962,0.3257020081895962
JWST,46459765439647.86,1.7,3.2443716338510984,0.32443716338510986
JWST,46454010126688.67,1.7,3.2541698486721082,0.3254169848672109
JWST,46448256239458.79,1.7,3.2601278177028687,0.3260127817702869
JWST,46442503777428.49,1.7,3.265409010400305,0.32654090104003053
JWST,46436752740068.33,1.7,3.2699634537055227,0.3269963453705523
JWST,46431003126849.11,1.7,3.2335056863895146,0.32335056863895145
JWST,46425254937241.91,1.7,3.2457018655661334,0.32457018655661335
JWST,46419508170718.05,1.7,3.2447168496512604,0.3244716849651261
JWST,46413762826749.14,1.7,3.2722007409312885,0.32722007409312887
JWST,46408018904807.02,1.7,3.2159360262030945,0.32159360262030945
JWST,46402276404363.83,1.7,3.1652821735575536,0.3165282173557554
JWST,46396535324891.92,1.7,3.148910782751127,0.3148910782751127
JWST,46390795665863.95,1.7,3.1281041110473575,0.3128104111047358
JWST,46385057426752.82,1.7,3.2296970896653368,0.3229697089665337
JWST,46379320607031.695,1.7,3.2697389764248297,0.32697389764248297
JWST,46373585206173.984,1.7,3.178333782024199,0.3178333782024199
JWST,46367851223653.375,1.7,3.1320683442763206,0.31320683442763214
JWST,46362118658943.81,1.7,3.1560935265935863,0.31560935265935863
JWST,46356387511519.51,1.7,3.158627767538506,0.31586277675385066
JWST,46350657780854.91,1.7,3.2202048263303884,0.32202048263303884
JWST,46344929466424.74,1.7,3.308653300293607,0.33086533002936075
JWST,46339202567704.01,1.7,3.263903993436948,0.3263903993436948
JWST,46333477084167.92,1.7,3.369182042496574,0.33691820424965746
JWST,46327753015292.01,1.7,3.2762798893737908,0.3276279889373791
JWST,46322030360552.01,1.7,3.1742127758971708,0.3174212775897171
JWST,46316309119423.96,1.7,3.1594281385083347,0.31594281385083345
JWST,46310589291384.125,1.7,3.2048992879543894,0.32048992879543897
JWST,46304870875909.055,1.7,3.174067526166063,0.31740675261660634
JWST,46299153872475.53,1.7,3.220463765003131,0.32204637650031315
JWST,46293438280560.625,1.7,3.217292390449475,0.3217292390449475
JWST,46287724099641.63,1.7,3.1972594594790356,0.3197259459479036
JWST,46282011329196.13,1.7,3.178293946288511,0.3178293946288511
JWST,46276299968701.945,1.7,3.179592389555821,0.3179592389555821
JWST,46270590017637.164,1.7,3.163080705005518,0.3163080705005518
JWST,46264881475480.125,1.7,3.1927388187097514,0.3192738818709751
JWST,46259174341709.445,1.7,3.267831065002258,0.32678310650022585
JWST,46253468615803.96,1.7,3.2118489769020275,0.3211848976902028
JWST,46247764297242.805,1.7,3.2441118871533545,0.3244111887153355
JWST,46242061385505.336,1.7,3.2939298537230726,0.32939298537230727
JWST,46236359880071.19,1.7,3.2455559644193386,0.3245555964419339
JWST,46230659780420.25,1.7,3.2542580314110596,0.325425803141106
JWST,46224961086032.66,1.7,3.2819797782622344,0.32819797782622345
JWST,46219263796388.82,1.7,3.3274538154268183,0.33274538154268185
JWST,46213567910969.375,1.7,3.2768449122690217,0.32768449122690224
JWST,46207873429255.25,1.7,3.256882300983142,0.3256882300983142
JWST,46202180350727.59,1.7,3.2547122841095915,0.32547122841095916
JWST,46196488674867.84,1.7,3.25673758566278,0.325673758566278
JWST,46190798401157.664,1.7,3.240620242896181,0.3240620242896181
JWST,46185109529078.99,1.7,3.1825336261209087,0.3182533626120909
JWST,46179422058114.02,1.7,3.1696916778235487,0.3169691677823549
JWST,46173735987745.19,1.7,3.2618454861624295,0.32618454861624296
JWST,46168051317455.195,1.7,3.2042702988559095,0.320427029885591
JWST,46162368046726.99,1.7,3.241503906778411,0.3241503906778411
JWST,46156686175043.78,1.7,3.288460979737692,0.32884609797376924
JWST,46151005701889.03,1.7,3.272765027371571,0.3272765027371571
JWST,46145326626746.445,1.7,3.217447267159387,0.32174472671593873
JWST,46139648949100.016,1.7,3.214105438891204,0.32141054388912044
JWST,46133972668433.945,1.7,3.2033640183278904,0.32033640183278905
JWST,46128297784232.72,1.7,3.22230274024797,0.32223027402479704
JWST,46122624295981.07,1.7,3.2638760183276943,0.3263876018327695
JWST,46116952203163.98,1.7,3.231462555580097,0.3231462555580097
JWST,46111281505266.69,1.7,3.2400227681072655,0.3240022768107266
JWST,46105612201774.68,1.7,3.2244404770347295,0.32244404770347296
JWST,46099944292173.71,1.7,3.1447887301740325,0.31447887301740324
JWST,46094277775949.766,1.7,3.1228391506922883,0.3122839150692288
JWST,46088612652589.1,1.7,3.1927955352860193,0.319279553528602
JWST,46082948921578.22,1.7,3.2155068375970703,0.321550683759707
JWST,46077286582403.87,1.7,3.264394674723834,0.3264394674723834
JWST,46071625634553.06,1.7,3.21677312352786,0.321677312352786
JWST,46065966077513.055,1.7,3.19630783571933,0.31963078357193303
JWST,46060307910771.36,1.7,3.1642553832031566,0.31642553832031567
JWST,46054651133815.74,1.7,3.2229968999861227,0.3222996899986123
JWST,46048995746134.2,1.7,3.208557433153322,0.32085574331533223
JWST,46043341747215.02,1.7,3.196164408733818,0.3196164408733818
JWST,46037689136546.71,1.7,3.2390464504356333,0.32390464504356337
JWST,46032037913618.03,1.7,3.2111525532417353,0.32111525532417357
JWST,46026388077918.016,1.7,3.1857390759530837,0.3185739075953084
JWST,46020739628935.914,1.7,3.2109777596506808,0.3210977759650681
JWST,46015092566161.27,1.7,3.1591359915688395,0.31591359915688394
JWST,46009446889083.84,1.7,3.232195589320898,0.32321955893208976
JWST,46003802597193.66,1.7,3.2448613474678862,0.32448613474678867
JWST,45998159689980.97,1.7,3.2960174239581086,0.3296017423958109
JWST,45992518166936.33,1.7,3.2010944989963233,0.3201094498996323
JWST,45986878027550.48,1.7,3.2092486812863132,0.32092486812863136
JWST,45981239271314.46,1.7,3.276377478310819,0.3276377478310819
JWST,45975601897719.53,1.7,3.2599545029599977,0.3259954502959998
JWST,45969965906257.23,1.7,3.2555616414687476,0.32555616414687477
JWST,45964331296419.3,1.7,3.243312863079229,0.3243312863079229
JWST,45958698067697.78,1.7,3.259491564280277,0.3259491564280277
JWST,45953066219584.92,1.7,3.3566981097100737,0.3356698109710074
JWST,45947435751573.266,1.7,3.3320591333273253,0.33320591333273253
JWST,45941806663155.555,1.7,3.3089771452321357,0.3308977145232136
JWST,45936178953824.82,1.7,3.263778518088758,0.3263778518088758
JWST,45930552623074.305,1.7,3.200061723794196,0.3200061723794196
JWST,45924927670397.54,1.7,3.278042571403731,0.32780425714037315
JWST,45919304095288.26,1.7,3.24211522382835,0.324211522382835
JWST,45913681897240.49,1.7,3.2217183497277317,0.3221718349727732
JWST,45908061075748.484,1.7,3.2308733389764765,0.3230873338976477
JWST,45902441630306.734,1.7,3.2180426530751114,0.3218042653075111
JWST,45896823560410.0,1.7,3.226605218555914,0.3226605218555914
JWST,45891206865553.266,1.7,3.2147214087753957,0.3214721408775396
JWST,45885591545231.79,1.7,3.2365849488966387,0.32365849488966386
JWST,45879977598941.05,1.7,3.290510990534685,0.3290510990534685
JWST,45874365026176.79,1.7,3.2820026546851087,0.32820026546851083
JWST,45868753826434.99,1.7,3.3515827994265646,0.33515827994265646
JWST,45863143999211.9,1.7,3.367879600718494,0.3367879600718494
JWST,45857535544003.97,1.7,3.3550015630252026,0.3355001563025203
JWST,45851928460307.94,1.7,3.3421720548294704,0.3342172054829471
JWST,45846322747620.766,1.7,3.2684912376056086,0.32684912376056086
JWST,45840718405439.69,1.7,3.228567074659698,0.32285670746596984
JWST,45835115433262.14,1.7,3.2578442883610417,0.3257844288361042
JWST,45829513830585.85,1.7,3.245369959017533,0.32453699590175333
JWST,45823913596908.76,1.7,3.204851413713431,0.32048514137134315
JWST,45818314731729.07,1.7,3.10401052209546,0.310401052209546
JWST,45812717234545.23,1.7,3.0909235018818255,0.3090923501881826
JWST,45807121104855.914,1.7,3.16116381384135,0.31611638138413506
JWST,45801526342160.07,1.7,3.1639763476390805,0.3163976347639081
JWST,45795932945956.87,1.7,3.243287373854674,0.3243287373854674
JWST,45790340915745.74,1.7,3.273172600108142,0.32731726001081424
JWST,45784750251026.336,1.7,3.264509214532305,0.3264509214532305
JWST,45779160951298.586,1.7,3.266592994954679,0.3266592994954679
JWST,45773573016062.63,1.7,3.333084289297106,0.33330842892971063
JWST,45767986444818.88,1.7,3.3027557847191704,0.3302755784719171
JWST,45762401237067.98,1.7,3.242960841220593,0.3242960841220593
JWST,45756817392310.805,1.7,3.2263343838499847,0.3226334383849985
JWST,45751234910048.484,1.7,3.2141205908454444,0.32141205908454445
JWST,45745653789782.414,1.7,3.2189341164816803,0.32189341164816804
JWST,45740074031014.19,1.7,3.158047070984579,0.3158047070984579
JWST,45734495633245.69,1.7,3.194308765457514,0.3194308765457514
JWST,45728918595978.99,1.7,3.2330759618989253,0.3233075961898925
JWST,45723342918716.48,1.7,3.1819379287762803,0.31819379287762806
JWST,45717768600960.7,1.7,3.2265162772627187,0.32265162772627193
JWST,45712195642214.516,1.7,3.2461509045423114,0.32461509045423115
JWST,45706624041981.0,1.7,3.2656723082972596,0.32656723082972594
JWST,45701053799763.45,1.7,3.183343462459026,0.31833434624590257
JWST,45695484915065.445,1.7,3.1793715804523424,0.3179371580452343
JWST,45689917387390.766,1.7,3.279663979840079,0.32796639798400795
JWST,45684351216243.47,1.7,3.2510561356293013,0.32510561356293016
JWST,45678786401127.83,1.7,3.296172585281119,0.32961725852811197
JWST,45673222941548.38,1.7,3.247674380865876,0.3247674380865876
JWST,45667660837009.88,1.7,3.3047784357810315,0.3304778435781031
JWST,45662100087017.35,1.7,3.196752689556768,0.31967526895567683
JWST,45656540691076.02,1.7,3.144239491938104,0.3144239491938104
JWST,45650982648691.4,1.7,3.1779567838756786,0.3177956783875679
JWST,45645425959369.2,1.7,3.2070833045489406,0.3207083304548941
JWST,45639870622615.414,1.7,3.1854018969801614,0.3185401896980162
JWST,45634316637936.234,1.7,3.2532707103445935,0.32532707103445935
JWST,45628764004838.12,1.7,3.303116287492305,0.3303116287492305
JWST,45623212722827.766,1.7,3.2584263524528363,0.3258426352452836
JWST,45617662791412.1,1.7,3.3328779072268664,0.33328779072268666
JWST,45612114210098.3,1.7,3.3597636330378733,0.3359763633037874
JWST,45606566978393.76,1.7,3.3044322843432616,0.33044322843432616
JWST,45601021095806.164,1.7,3.356709456527706,0.33567094565277056
JWST,45595476561843.375,1.7,3.368532753428399,0.33685327534283993
JWST,45589933376013.54,1.7,3.3018524507825417,0.3301852450782542
JWST,45584391537825.01,1.7,3.2744937421300193,0.32744937421300196
JWST,45578851046786.414,1.7,3.262381657018056,0.3262381657018056
JWST,45573311902406.586,1.7,3.234278271419521,0.3234278271419521
JWST,45567774104194.625,1.7,3.221499400845524,0.32214994008455244
JWST,45562237651659.836,1.7,3.2557442581721556,0.3255744258172156
JWST,45556702544311.805,1.7,3.17929393416827,0.3179293934168271
JWST,45551168781660.305,1.7,3.2087255275076934,0.32087255275076937
JWST,45545636363215.41,1.7,3.261786130755603,0.32617861307556034
JWST,45540105288487.37,1.7,3.2831092412040723,0.3283109241204073
JWST,45534575556986.71,1.7,3.283812705204203,0.3283812705204203
JWST,45529047168224.18,1.7,3.28289573760828,0.32828957376082807
JWST,45523520121710.78,1.7,3.307976530194467,0.33079765301944675
JWST,45517994416957.734,1.7,3.331055204603004,0.3331055204603004
JWST,45512470053476.5,1.7,3.292368986051559,0.3292368986051559
JWST,45506947030778.79,1.7,3.286709746710812,0.3286709746710812
JWST,45501425348376.53,1.7,3.3178824242202576,0.33178824242202576
JWST,45495905005781.914,1.7,3.3091523253608655,0.33091523253608657
JWST,45490386002507.34,1.7,3.2701172013629662,0.32701172013629665
JWST,45484868338065.48,1.7,3.2464983645952543,0.3246498364595255
JWST,45479352011969.19,1.7,3.2356875472868434,0.32356875472868435
JWST,45473837023731.62,1.7,3.2536447253167733,0.32536447253167733
JWST,45468323372866.09,1.7,3.226843174483322,0.3226843174483322
JWST,45462811058886.25,1.7,3.238642196404623,0.3238642196404623
JWST,45457300081305.88,1.7,3.2718431902535805,0.3271843190253581
JWST,45451790439639.08,1.7,3.259434705100103,0.3259434705100103
JWST,45446282133400.125,1.7,3.205844883102786,0.3205844883102786
JWST,45440775162103.57,1.7,3.208276822417294,0.3208276822417294
JWST,45435269525264.18,1.7,3.269762899173548,0.32697628991735483
JWST,45429765222396.97,1.7,3.312721074396702,0.3312721074396702
JWST,45424262253017.17,1.7,3.310931707308734,0.33109317073087335
JWST,45418760616640.27,1.7,3.304436858227614,0.3304436858227614
JWST,45413260312781.97,1.7,3.268641437093191,0.32686414370931915
JWST,45407761340958.23,1.7,3.230260793776109,0.32302607937761096
JWST,45402263700685.21,1.7,3.201206784250689,0.3201206784250689
JWST,45396767391479.35,1.7,3.216288075440187,0.3216288075440187
JWST,45391272412857.29,1.7,3.1835804254611575,0.31835804254611577
JWST,45385778764335.9,1.7,3.1902767206331686,0.3190276720633169
JWST,45380286445432.32,1.7,3.2393144945632066,0.3239314494563207
JWST,45374795455663.88,1.7,3.2662229207443234,0.3266222920744324
JWST,45369305794548.19,1.7,3.297301506667541,0.3297301506667541
JWST,45363817461603.03,1.7,3.299839393266352,0.32998393932663517
JWST,45358330456346.49,1.7,3.281807574216978,0.32818075742169783
JWST,45352844778296.83,1.7,3.251658347985507,0.3251658347985507
JWST,45347360426972.58,1.7,3.2882624136982526,0.3288262413698253
JWST,45341877401892.48,1.7,3.3083652746954835,0.3308365274695484
JWST,45336395702575.52,1.7,3.284640125682635,0.3284640125682635
JWST,45330915328540.914,1.7,3.291138710869492,0.32911387108694923
JWST,45325436279308.11,1.7,3.246096761893882,0.3246096761893882
JWST,45319958554396.78,1.7,3.2088538033205145,0.3208853803320515
JWST,45314482153326.86,1.7,3.203572503400726,0.3203572503400726
JWST,45309007075618.47,1.7,3.226921638982269,0.3226921638982269
JWST,45303533320791.99,1.7,3.2210615667840727,0.3221061566784073
JWST,45298060888368.04,1.7,3.2059650355239198,0.32059650355239205
JWST,45292589777867.45,1.7,3.1618946490514896,0.316189464905149
JWST,45287119988811.305,1.7,3.1521338400234207,0.31521338400234206
JWST,45281651520720.88,1.7,3.239478637331379,0.3239478637331379
JWST,45276184373117.74,1.7,3.267195398338931,0.3267195398338931
JWST,45270718545523.625,1.7,3.2770757447082777,0.3277075744708278
JWST,45265254037460.555,1.7,3.3176725351340086,0.3317672535134009
JWST,45259790848450.73,1.7,3.3270573020198535,0.33270573020198535
JWST,45254328978016.625,1.7,3.307096767529716,0.3307096767529716
JWST,45248868425680.914,1.7,3.333507578393466,0.3333507578393466
JWST,45243409190966.53,1.7,3.303664382903941,0.3303664382903941
JWST,45237951273396.62,1.7,3.2379593764534422,0.32379593764534426
JWST,45232494672494.55,1.7,3.218486673811507,0.3218486673811507
JWST,45227039387783.93,1.7,3.1985910824014225,0.3198591082401423
JWST,45221585418788.61,1.7,3.239084061179483,0.3239084061179483
JWST,45216132765032.64,1.7,3.2829529693299278,0.3282952969329928
JWST,45210681426040.336,1.7,3.2463435650810695,0.32463435650810696
JWST,45205231401336.21,1.7,3.254981775366385,0.32549817753663857
JWST,45199782690445.02,1.7,3.2747855014662464,0.3274785501466247
JWST,45194335292891.766,1.7,3.3993883972643912,0.3399388397264392
JWST,45188889208201.63,1.7,3.3203055528261443,0.33203055528261444
JWST,45183444435900.09,1.7,3.3089686436442824,0.3308968643644283
JWST,45178000975512.8,1.7,3.3869618054681885,0.3386961805468189
JWST,45172558826565.664,1.7,3.321415024219122,0.3321415024219122
JWST,45167117988584.8,1.7,3.347964801087422,0.3347964801087422
JWST,45161678461096.58,1.7,3.354596307227557,0.3354596307227557
JWST,45156240243627.57,1.7,3.282217436550687,0.3282217436550687
JWST,45150803335704.6,1.7,3.293019039577324,0.3293019039577324
JWST,45145367736854.695,1.7,3.2976533600669025,0.3297653360066902
JWST,45139933446605.15,1.7,3.302399575799595,0.33023995757995955
JWST,45134500464483.42,1.7,3.297240402168341,0.3297240402168341
JWST,45129068790017.27,1.7,3.2649579707262646,0.32649579707262644
JWST,45123638422734.625,1.7,3.296634466960982,0.3296634466960982
JWST,45118209362163.67,1.7,3.2915719913138353,0.3291571991313835
JWST,45112781607832.805,1.7,3.2920783218038365,0.32920783218038363
JWST,45107355159270.67,1.7,3.3539988018725406,0.3353998801872541
JWST,45101930016006.12,1.7,3.351290241414075,0.33512902414140755
JWST,45096506177568.24,1.7,3.2850939043894076,0.3285093904389408
JWST,45091083643486.336,1.7,3.3131548817782615,0.33131548817782613
JWST,45085662413289.95,1.7,3.3462733012970602,0.3346273301297061
JWST,45080242486508.86,1.7,3.3473393118349466,0.3347339311834947
JWST,45074823862673.04,1.7,3.3883256175604544,0.3388325617560455
JWST,45069406541312.7,1.7,3.375531951639067,0.3375531951639067
JWST,45063990521958.305,1.7,3.3416928886893,0.33416928886893
JWST,45058575804140.5,1.7,3.386766718685865,0.3386766718685865
JWST,45053162387390.195,1.7,3.3818020905338693,0.33818020905338697
JWST,45047750271238.5,1.7,3.3335926504767253,0.33335926504767255
JWST,45042339455216.76,1.7,3.3438729627844124,0.33438729627844127
JWST,45036929938856.54,1.7,3.299349450653847,0.32993494506538473
JWST,45031521721689.64,1.7,3.2684535178786582,0.32684535178786583
JWST,45026114803248.086,1.7,3.2900666201302853,0.32900666201302853
JWST,45020709183064.11,1.7,3.2915136947213117,0.3291513694721312
JWST,45015304860670.19,1.7,3.2997301286277296,0.329973012862773
JWST,45009901835599.0,1.7,3.2616983851285957,0.3261698385128596
JWST,45004500107383.48,1.7,3.2898906917292368,0.32898906917292364
JWST,44999099675556.75,1.7,3.37017463428932,0.337017463428932
JWST,44993700539652.195,1.7,3.2987478822806295,0.32987478822806293
JWST,44988302699203.4,1.7,3.2582565034861033,0.32582565034861033
JWST,44982906153744.164,1.7,3.2696953296148026,0.32696953296148024
JWST,44977510902808.55,1.7,3.269947755842535,0.32699477558425355
JWST,44972116945930.78,1.7,3.3043696883641127,0.3304369688364113
JWST,44966724282645.375,1.7,3.3103370326113835,0.33103370326113835
JWST,44961332912487.02,1.7,3.312563599179296,0.33125635991792957
JWST,44955942834990.66,1.7,3.391912354920106,0.3391912354920106
JWST,44950554049691.43,1.7,3.3962698520279724,0.33962698520279727
JWST,44945166556124.73,1.7,3.4020092484228384,0.34020092484228387
JWST,44939780353826.125,1.7,3.3940730544306486,0.33940730544306486
JWST,44934395442331.47,1.7,3.3604964444024503,0.33604964444024504
JWST,44929011821176.79,1.7,3.342232626773973,0.3342232626773973
JWST,44923629489898.35,1.7,3.3365714680363725,0.3336571468036373
JWST,44918248448032.65,1.7,3.3356194341656495,0.333561943416565
JWST,44912868695116.39,1.7,3.2986957104959314,0.32986957104959314
JWST,44907490230686.51,1.7,3.238977450174338,0.32389774501743385
JWST,44902113054280.16,1.7,3.2874627887419092,0.32874627887419094
JWST,44896737165434.7,1.7,3.308016263328912,0.3308016263328912
JWST,44891362563687.76,1.7,3.344450403919466,0.3344450403919466
JWST,44885989248577.13,1.7,3.327134634549784,0.33271346345497843
JWST,44880617219640.87,1.7,3.299640700925532,0.32996407009255324
JWST,44875246476417.23,1.7,3.265788339102445,0.3265788339102445
JWST,44869877018444.68,1.7,3.2816374211186417,0.32816374211186417
JWST,44864508845261.945,1.7,3.2906520485313075,0.3290652048531308
JWST,44859141956407.94,1.7,3.2963586779874485,0.3296358677987449
JWST,44853776351421.81,1.7,3.33003555215853,0.33300355521585306
JWST,44848412029842.914,1.7,3.299770244452382,0.3299770244452382
JWST,44843048991210.84,1.7,3.3003871689121156,0.3300387168912116
JWST,44837687235065.4,1.7,3.314803605321377,0.3314803605321377
JWST,44832326760946.62,1.7,3.2749036069625337,0.32749036069625337
JWST,44826967568394.72,1.7,3.2686650109530833,0.32686650109530835
JWST,44821609656950.195,1.7,3.234211015264951,0.3234211015264951
JWST,44816253026153.71,1.7,3.2498621002449455,0.32498621002449457
JWST,44810897675546.19,1.7,3.236920587371776,0.32369205873717766
JWST,44805543604668.73,1.7,3.243176327657195,0.3243176327657195
JWST,44800190813062.695,1.7,3.2878099320131673,0.3287809932013167
JWST,44794839300269.63,1.7,3.312544729070519,0.3312544729070519
JWST,44789489065831.336,1.7,3.2456880136200827,0.3245688013620083
JWST,44784140109289.805,1.7,3.2388711083523334,0.3238871108352333
JWST,44778792430187.25,1.7,3.282634174161353,0.32826341741613535
JWST,44773446028066.11,1.7,3.299055743545531,0.32990557435455314
JWST,44768100902469.05,1.7,3.221694170478793,0.3221694170478793
JWST,44762757052938.93,1.7,3.2541779725455533,0.3254177972545554
JWST,44757414479018.84,1.7,3.3142603662044574,0.33142603662044573
JWST,44752073180252.12,1.7,3.33848484880086,0.333848484880086
JWST,44746733156182.26,1.7,3.3672926824780323,0.33672926824780325
JWST,44741394406353.03,1.7,3.2647682109836342,0.32647682109836346
JWST,44736056930308.39,1.7,3.1737030204006493,0.31737030204006494
JWST,44730720727592.52,1.7,3.258918892691223,0.3258918892691224
JWST,44725385797749.81,1.7,3.2756191894310542,0.32756191894310543
JWST,44720052140324.9,1.7,3.2480149094135773,0.32480149094135774
JWST,44714719754862.6,1.7,3.299899343080497,0.32998993430804974
JWST,44709388640907.97,1.7,3.28380459110209,0.328380459110209
JWST,44704058798006.27,1.7,3.2727281668668535,0.3272728166866854
JWST,44698730225703.01,1.7,3.30548441710517,0.330548441710517
JWST,44693402923543.85,1.7,3.3436841171054237,0.3343684117105424
JWST,44688076891074.74,1.7,3.368266377217515,0.33682663772175153
JWST,44682752127841.81,1.7,3.334674649756197,0.3334674649756197
JWST,44677428633391.4,1.7,3.2978311376123464,0.32978311376123465
JWST,44672106407270.08,1.7,3.272053691829045,0.32720536918290455
JWST,44666785449024.63,1.7,3.270262187999841,0.3270262187999841
JWST,44661465758202.055,1.7,3.319810306662834,0.3319810306662835
JWST,44656147334349.57,1.7,3.31641038158006,0.331641038158006
JWST,44650830177014.59,1.7,3.284650308036941,0.3284650308036941
JWST,44645514285744.78,1.7,3.299577512465098,0.32995775124650983
JWST,44640199660088.0,1.7,3.321789077380571,0.33217890773805714
JWST,44634886299592.305,1.7,3.2161188920869126,0.3216118892086913
JWST,44629574203806.01,1.7,3.242889775644418,0.3242889775644418
JWST,44624263372277.59,1.7,3.271710079649794,0.3271710079649794
JWST,44618953804555.81,1.7,3.2507966970694144,0.32507966970694147
JWST,44613645500189.57,1.7,3.303083163282108,0.3303083163282108
JWST,44608338458728.04,1.7,3.3620534916619276,0.33620534916619277
JWST,44603032679720.57,1.7,3.197118603421191,0.3197118603421191
JWST,44597728162716.76,1.7,3.1922477125125863,0.31922477125125864
JWST,44592424907266.38,1.7,3.1946010442732695,0.319460104427327
JWST,44587122912919.445,1.7,3.187092417492112,0.31870924174921117
JWST,44581822179226.195,1.7,3.205943481327119,0.3205943481327119
JWST,44576522705737.04,1.7,3.2443673433569837,0.3244367343356984
JWST,44571224492002.65,1.7,3.287456123261725,0.32874561232617255
JWST,44565927537573.87,1.7,3.294069980383001,0.32940699803830015
JWST,44560631842001.78,1.7,3.2102984578108305,0.321029845781083
JWST,44555337404837.68,1.7,3.203008954021624,0.32030089540216244
JWST,44550044225633.07,1.7,3.1582933531345145,0.3158293353134515
JWST,44544752303939.66,1.7,3.1914208041942675,0.31914208041942677
JWST,44539461639309.38,1.7,3.226891295448488,0.3226891295448488
JWST,44534172231294.38,1.7,3.21694198204418,0.321694198204418
JWST,44528884079447.01,1.7,3.27027508972259,0.327027508972259
JWST,44523597183319.83,1.7,3.2990704222912086,0.3299070422291209
JWST,44518311542465.63,1.7,3.2227129020911756,0.3222712902091176
JWST,44513027156437.39,1.7,3.2564543464403877,0.3256454346440388
JWST,44507744024788.336,1.7,3.2926365035583234,0.3292636503558323
JWST,44502462147071.86,1.7,3.2058498619795257,0.32058498619795256
JWST,44497181522841.6,1.7,3.2371514755939197,0.32371514755939196
JWST,44491902151651.4,1.7,3.2098351439283426,0.3209835143928343
JWST,44486624033055.305,1.7,3.2531491321442894,0.32531491321442896
JWST,44481347166607.586,1.7,3.3012364142390886,0.3301236414239089
JWST,44476071551862.7,1.7,3.166216166859364,0.3166216166859364
JWST,44470797188375.37,1.7,3.1116400718487665,0.31116400718487663
JWST,44465524075700.45,1.7,3.140016789552721,0.3140016789552722
JWST,44460252213393.086,1.7,3.1248402382328937,0.3124840238232894
JWST,44454981601008.57,1.7,3.1325994687316,0.31325994687316006
JWST,44449712238102.445,1.7,3.142086038396076,0.31420860383960764
JWST,44444444124230.45,1.7,3.18108081196828,0.31810808119682804
JWST,44439177258948.54,1.7,3.210796940602649,0.32107969406026493
JWST,44433911641812.87,1.7,3.24301095869406,0.32430109586940603
JWST,44428647272379.82,1.7,3.2105425767434346,0.3210542576743435
JWST,44423384150205.96,1.7,3.208192604471673,0.32081926044716735
JWST,44418122274848.09,1.7,3.1726686394823007,0.3172668639482301
JWST,44412861645863.23,1.7,3.2314933632228557,0.32314933632228554
JWST,44407602262808.56,1.7,3.258639135405347,0.32586391354053473
JWST,44402344125241.52,1.7,3.2810663431140634,0.32810663431140635
JWST,44397087232719.76,1.7,3.276887203546248,0.3276887203546248
JWST,44391831584801.08,1.7,3.2728915292089558,0.3272891529208956
JWST,44386577181043.555,1.7,3.247692287020851,0.3247692287020851
JWST,44381324021005.45,1.7,3.252533987260063,0.32525339872600634
JWST,44376072104245.22,1.7,3.2131840029870156,0.32131840029870157
JWST,44370821430321.555,1.7,3.206031264143599,0.3206031264143599
JWST,44365571998793.336,1.7,3.1621075603161435,0.31621075603161436
JWST,44360323809219.66,1.7,3.130321181098309,0.31303211810983095
JWST,44355076861159.82,1.7,3.2428175925215745,0.3242817592521574
JWST,44349831154173.34,1.7,3.228071793221031,0.3228071793221031
JWST,44344586687819.945,1.7,3.150060551658539,0.31500605516585395
JWST,44339343461659.555,1.7,3.116375207179127,0.31163752071791273
JWST,44334101475252.31,1.7,3.17232930380669,0.3172329303806691
JWST,44328860728158.56,1.7,3.179771566704723,0.3179771566704723
JWST,44323621219938.85,1.7,3.1778395770379735,0.31778395770379736
JWST,44318382950153.945,1.7,3.2313186874779922,0.32313186874779926
JWST,44313145918364.81,1.7,3.231004276372135,0.3231004276372135
JWST,44307910124132.63,1.7,3.276136796965612,0.32761367969656124
JWST,44302675567018.78,1.7,3.3011833598536144,0.3301183359853615
JWST,44297442246584.86,1.7,3.1609323929911106,0.3160932392991111
JWST,44292210162392.65,1.7,3.1379609160724335,0.31379609160724337
JWST,44286979314004.17,1.7,3.158771455539962,0.3158771455539962
JWST,44281749700981.63,1.7,3.1817514057659957,0.31817514057659957
JWST,44276521322887.44,1.7,3.1934446684800957,0.3193444668480096
JWST,44271294179284.234,1.7,3.2270545172220135,0.3227054517222014
JWST,44266068269734.836,1.7,3.2381723921935888,0.32381723921935884
JWST,44260843593802.3,1.7,3.234295115242508,0.32342951152425087
JWST,44255620151049.84,1.7,3.2933029329488677,0.32933029329488683
JWST,44250397941040.94,1.7,3.2977934929879114,0.32977934929879116
JWST,44245176963339.23,1.7,3.2727477118896653,0.32727477118896653
JWST,44239957217508.586,1.7,3.2479947214627964,0.3247994721462797
JWST,44234738703113.08,1.7,3.2761114285937745,0.3276111428593775
JWST,44229521419716.97,1.7,3.236926707004895,0.32369267070048957
JWST,44224305366884.75,1.7,3.2169361767649214,0.3216936176764922
JWST,44219090544181.09,1.7,3.2445799182209503,0.32445799182209506
JWST,44213876951170.9,1.7,3.248870726968104,0.32488707269681044
JWST,44208664587419.26,1.7,3.2707098094498566,0.32707098094498566
JWST,44203453452491.47,1.7,3.239725066126887,0.3239725066126887
JWST,44198243545953.04,1.7,3.239189730595728,0.32391897305957285
JWST,44193034867369.68,1.7,3.2538916437923358,0.3253891643792336
JWST,44187827416307.305,1.7,3.280314674536021,0.3280314674536021
JWST,44182621192332.04,1.7,3.2969733496024274,0.3296973349602427
JWST,44177416195010.19,1.7,3.274701389671752,0.3274701389671752
JWST,44172212423908.305,1.7,3.2706558187470365,0.3270655818747037
JWST,44167009878593.1,1.7,3.3035021611222137,0.33035021611222143
JWST,44161808558631.52,1.7,3.3132189668885514,0.33132189668885514
JWST,44156608463590.7,1.7,3.273087495019778,0.3273087495019778
JWST,44151409593038.0,1.7,3.2730132248989863,0.3273013224898987
JWST,44146211946540.95,1.7,3.248894429185548,0.3248894429185548
JWST,44141015523667.31,1.7,3.305773333588798,0.3305773333588799
JWST,44135820323985.02,1.7,3.302735473542445,0.3302735473542445
JWST,44130626347062.27,1.7,3.290387777156206,0.3290387777156207
JWST,44125433592467.39,1.7,3.222911776015756,0.3222911776015756
JWST,44120242059768.96,1.7,3.237294182050661,0.3237294182050661
JWST,44115051748535.75,1.7,3.292224604157736,0.3292224604157736
JWST,44109862658336.72,1.7,3.266582515816579,0.32665825158165795
JWST,44104674788741.055,1.7,3.269173519784327,0.32691735197843275
JWST,44099488139318.12,1.7,3.215958438222097,0.32159584382220974
JWST,44094302709637.5,1.7,3.1823308512385586,0.3182330851238559
JWST,44089118499268.98,1.7,3.1741519079816007,0.31741519079816005
JWST,44083935507782.53,1.7,3.1807370556846606,0.3180737055684661
JWST,44078753734748.35,1.7,3.2140010417865903,0.32140010417865905
JWST,44073573179736.82,1.7,3.2399109151242014,0.3239910915124201
JWST,44068393842318.53,1.7,3.262818393585096,0.3262818393585096
JWST,44063215722064.28,1.7,3.2696699163916403,0.32696699163916404
JWST,44058038818545.055,1.7,3.2513711428979817,0.3251371142897982
JWST,44052863131332.05,1.7,3.2250939975434347,0.32250939975434345
JWST,44047688659996.66,1.7,3.2307269034551163,0.32307269034551167
JWST,44042515404110.484,1.7,3.2458909252386827,0.3245890925238683
JWST,44037343363245.32,1.7,3.305858991039241,0.3305858991039241
JWST,44032172536973.18,1.7,3.2781666150109134,0.32781666150109134
JWST,44027002924866.24,1.7,3.1828842325106077,0.31828842325106077
JWST,44021834526496.92,1.7,3.2344622436851536,0.32344622436851533
JWST,44016667341437.82,1.7,3.255304083823555,0.32553040838235553
JWST,44011501369261.75,1.7,3.257003998701101,0.3257003998701101
JWST,44006336609541.695,1.7,3.3056454597573697,0.330564545975737
JWST,44001173061850.87,1.7,3.307361412100812,0.3307361412100812
JWST,43996010725762.68,1.7,3.273129113661534,0.32731291136615337
JWST,43990849600850.73,1.7,3.2471689463316302,0.324716894633163
JWST,43985689686688.82,1.7,3.228540961411922,0.3228540961411922
JWST,43980530982850.96,1.7,3.320725686410589,0.33207256864105894
JWST,43975373488911.35,1.7,3.271788396396243,0.3271788396396243
JWST,43970217204444.4,1.7,3.235108931115928,0.32351089311159276
JWST,43965062129024.71,1.7,3.229888385002183,0.32298883850021826
JWST,43959908262227.08,1.7,3.241597169631195,0.3241597169631195
JWST,43954755603626.516,1.7,3.2803462572008693,0.328034625720087
JWST,43949604152798.22,1.7,3.3120948043696234,0.33120948043696236
JWST,43944453909317.59,1.7,3.27791746100556,0.32779174610055606
JWST,43939304872760.23,1.7,3.3028443375789083,0.33028443375789085
JWST,43934157042701.94,1.7,3.189619459755559,0.3189619459755559
JWST,43929010418718.71,1.7,3.165295597615651,0.3165295597615651
JWST,43923865000386.74,1.7,3.2174797106384756,0.32174797106384756
JWST,43918720787282.42,1.7,3.2002872789503005,0.32002872789503
JWST,43913577778982.36,1.7,3.18630143462891,0.31863014346289104
JWST,43908435975063.336,1.7,3.2726279872620276,0.3272627987262028
JWST,43903295375102.336,1.7,3.2702819397116287,0.3270281939711629
JWST,43898155978676.56,1.7,3.271307755542122,0.3271307755542122
JWST,43893017785363.38,1.7,3.2764932799499027,0.3276493279949903
JWST,43887880794740.39,1.7,3.2475974176157894,0.32475974176157896
JWST,43882745006385.37,1.7,3.2547085843968477,0.32547085843968476
JWST,43877610419876.3,1.7,3.259584988287457,0.3259584988287457
JWST,43872477034791.34,1.7,3.191696973709872,0.3191696973709872
JWST,43867344850708.89,1.7,3.208596603543319,0.32085966035433194
JWST,43862213867207.49,1.7,3.22526841425802,0.32252684142580207
JWST,43857084083865.945,1.7,3.1961882451559687,0.31961882451559687
JWST,43851955500263.19,1.7,3.229465151531623,0.32294651515316236
JWST,43846828115978.4,1.7,3.2318561062967053,0.32318561062967055
JWST,43841701930590.93,1.7,3.222981020588807,0.32229810205888065
JWST,43836576943680.34,1.7,3.2540383128684063,0.32540383128684064
JWST,43831453154826.375,1.7,3.213436432727231,0.3213436432727231
JWST,43826330563608.99,1.7,3.1747845175885643,0.3174784517588565
JWST,43821209169608.336,1.7,3.22067134029903,0.32206713402990306
JWST,43816088972404.74,1.7,3.1642846740731803,0.31642846740731806
JWST,43810969971578.74,1.7,3.074401654153792,0.3074401654153792
JWST,43805852166711.08,1.7,3.2072021770764803,0.320720217707648
JWST,43800735557382.69,1.7,3.166166019515768,0.3166166019515768
JWST,43795620143174.67,1.7,3.1201557079846345,0.3120155707984635
JWST,43790505923668.375,1.7,3.1831567700394294,0.318315677003943
JWST,43785392898445.305,1.7,3.1158121579379285,0.3115812157937929
JWST,43780281067087.17,1.7,3.130353422035373,0.3130353422035373
JWST,43775170429175.875,1.7,3.2006575103405237,0.3200657510340524
JWST,43770060984293.53,1.7,3.1744490418212146,0.3174449041821215
JWST,43764952732022.43,1.7,3.1897612130379316,0.31897612130379316
JWST,43759845671945.06,1.7,3.1974683579881633,0.31974683579881635
JWST,43754739803644.12,1.7,3.206391941463878,0.3206391941463878
JWST,43749635126702.48,1.7,3.2193324252528006,0.32193324252528005
JWST,43744531640703.22,1.7,3.236937567466993,0.32369375674669937
JWST,43739429345229.61,1.7,3.242511221841501,0.32425112218415014
JWST,43734328239865.12,1.7,3.2384354639337825,0.32384354639337826
JWST,43729228324193.41,1.7,3.2114510157047813,0.32114510157047815
JWST,43724129597798.32,1.7,3.1567436967628804,0.31567436967628804
JWST,43719032060263.914,1.7,3.137594063542244,0.31375940635422445
JWST,43713935711174.42,1.7,3.21929604138933,0.321929604138933
JWST,43708840550114.29,1.7,3.210199896094402,0.32101998960944017
JWST,43703746576668.14,1.7,3.2306920412542612,0.3230692041254261
JWST,43698653790420.8,1.7,3.2213624004685353,0.32213624004685354
JWST,43693562190957.29,1.7,3.2121954718722945,0.3212195471872295
JWST,43688471777862.8,1.7,3.2454246426516193,0.324542464265162
JWST,43683382550722.76,1.7,3.2794512804803206,0.3279451280480321
JWST,43678294509122.74,1.7,3.2740383553952563,0.3274038355395256
JWST,43673207652648.555,1.7,3.2403840605577865,0.32403840605577866
JWST,43668121980886.17,1.7,3.2506535093897364,0.32506535093897365
JWST,43663037493421.766,1.7,3.1247482665990898,0.312474826659909
JWST,43657954189841.7,1.7,3.141166528937569,0.3141166528937569
JWST,43652872069732.56,1.7,3.2004895390841686,0.32004895390841687
JWST,43647791132681.07,1.7,3.183305251338644,0.3183305251338644
JWST,43642711378274.19,1.7,3.1404732328509617,0.3140473232850962
JWST,43637632806099.05,1.7,3.110425161283093,0.3110425161283093
JWST,43632555415742.984,1.7,3.2007309896248946,0.3200730989624895
JWST,43627479206793.516,1.7,3.2009635579984783,0.3200963557998479
JWST,43622404178838.36,1.7,3.1633244260747317,0.31633244260747323
JWST,43617330331465.41,1.7,3.2301397457937515,0.32301397457937514
JWST,43612257664262.766,1.7,3.2128148592339865,0.32128148592339867
JWST,43607186176818.734,1.7,3.262728810145779,0.3262728810145779
JWST,43602115868721.78,1.7,3.2639113023132786,0.32639113023132793
JWST,43597046739560.58,1.7,3.229376494945963,0.32293764949459636
JWST,43591978788923.99,1.7,3.2573598259357746,0.3257359825935775
JWST,43586912016401.07,1.7,3.250014069834214,0.3250014069834214
JWST,43581846421581.06,1.7,3.2127567674527997,0.32127567674527996
JWST,43576782004053.414,1.7,3.182658244624864,0.3182658244624864
JWST,43571718763407.734,1.7,3.1922404669909277,0.31922404669909277
JWST,43566656699233.85,1.7,3.1652892551962055,0.3165289255196206
JWST,43561595811121.766,1.7,3.209820979122991,0.3209820979122991
JWST,43556536098661.69,1.7,3.185088515207142,0.31850885152071423
JWST,43551477561443.99,1.7,3.1530648306920908,0.31530648306920905
JWST,43546420199059.27,1.7,3.202429774887151,0.3202429774887151
JWST,43541364011098.29,1.7,3.173111600201702,0.31731116002017024
JWST,43536308997152.01,1.7,3.0855956745637347,0.30855956745637353
JWST,43531255156811.57,1.7,3.1886220113804153,0.3188622011380416
JWST,43526202489668.32,1.7,3.2227373651480486,0.32227373651480484
JWST,43521150995313.78,1.7,3.2082656792007422,0.32082656792007425
JWST,43516100673339.67,1.7,3.2837872831942088,0.3283787283194209
JWST,43511051523337.914,1.7,3.279652274548222,0.3279652274548222
JWST,43506003544900.59,1.7,3.248371594287358,0.3248371594287358
JWST,43500956737620.0,1.7,3.295411961554232,0.3295411961554232
JWST,43495911101088.6,1.7,3.242843338393293,0.32428433383932936
JWST,43490866634899.08,1.7,3.2104890117366014,0.32104890117366014
JWST,43485823338644.266,1.7,3.2342357967962387,0.32342357967962393
JWST,43480781211917.23,1.7,3.161729647250993,0.3161729647250993
JWST,43475740254311.17,1.7,3.1579805052989616,0.3157980505298962
JWST,43470700465419.53,1.7,3.2211729405117144,0.32211729405117145
JWST,43465661844835.914,1.7,3.2142535995182495,0.321425359951825
JWST,43460624392154.125,1.7,3.2178985864329133,0.32178985864329135
JWST,43455588106968.125,1.7,3.235970683870873,0.3235970683870873
JWST,43450552988872.12,1.7,3.1744599174738535,0.31744599174738536
JWST,43445519037460.44,1.7,3.1386682137977235,0.31386682137977234
JWST,43440486252327.66,1.7,3.216335175078418,0.3216335175078418
JWST,43435454633068.49,1.7,3.1597692616655086,0.31597692616655093
JWST,43430424179277.88,1.7,3.168993904147432,0.3168993904147432
JWST,43425394890550.94,1.7,3.149306521196556,0.3149306521196556
JWST,43420366766482.945,1.7,3.1302547991228926,0.3130254799122893
JWST,43415339806669.414,1.7,3.188194595308297,0.31881945953082974
JWST,43410314010706.01,1.7,3.184702037128136,0.3184702037128136
JWST,43405289378188.586,1.7,3.1303990908322206,0.3130399090832221
JWST,43400265908713.2,1.7,3.1589068294896507,0.3158906829489651
JWST,43395243601876.09,1.7,3.207019354086716,0.32070193540867165
JWST,43390222457273.67,1.7,3.1452317476952776,0.3145231747695278
JWST,43385202474502.56,1.7,3.124679402139571,0.31246794021395713
JWST,43380183653159.555,1.7,3.1950428240111717,0.31950428240111717
JWST,43375165992841.63,1.7,3.2264884134169787,0.3226488413416979
JWST,43370149493145.95,1.7,3.2801757667679556,0.3280175766767956
JWST,43365134153669.9,1.7,3.2568878585967127,0.32568878585967126
JWST,43360119974010.984,1.7,3.234963416954631,0.3234963416954631
JWST,43355106953766.95,1.7,3.2406547832872197,0.32406547832872196
JWST,43350095092535.72,1.7,3.244526505421911,0.3244526505421911
JWST,43345084389915.375,1.7,3.2183069330445706,0.32183069330445707
JWST,43340074845504.21,1.7,3.23158570415455,0.32315857041545504
JWST,43335066458900.69,1.7,3.285265626814535,0.3285265626814535
JWST,43330059229703.484,1.7,3.283620505129914,0.32836205051299144
JWST,43325053157511.43,1.7,3.2453836532496783,0.3245383653249678
JWST,43320048241923.555,1.7,3.1197542870184987,0.3119754287018499
JWST,43315044482539.06,1.7,3.188129522890971,0.3188129522890971
JWST,43310041878957.37,1.7,3.225053892108509,0.3225053892108509
JWST,43305040430778.04,1.7,3.156518465829494,0.3156518465829494
JWST,43300040137600.86,1.7,3.1561987246171226,0.3156198724617123
JWST,43295040999025.77,1.7,3.212881589006572,0.3212881589006572
JWST,43290043014652.914,1.7,3.2566274976451184,0.3256627497645118
JWST,43285046184082.61,1.7,3.155840336974277,0.3155840336974277
JWST,43280050506915.37,1.7,3.1516381575354906,0.3151638157535491
JWST,43275055982751.875,1.7,3.147795443908742,0.31477954439087424
JWST,43270062611193.02,1.7,3.138139219980444,0.3138139219980444
JWST,43265070391839.84,1.7,3.1694075879888257,0.3169407587988826
JWST,43260079324293.61,1.7,3.2087748625610146,0.32087748625610146
JWST,43255089408155.73,1.7,3.168343588435841,0.31683435884358413
JWST,43250100643027.82,1.7,3.1821418048059757,0.3182141804805976
JWST,43245113028511.67,1.7,3.261727456606495,0.32617274566064947
JWST,43240126564209.27,1.7,3.2275557752905057,0.3227555775290506
JWST,43235141249722.8,1.7,3.1883321582738233,0.31883321582738233
JWST,43230157084654.56,1.7,3.1276679659150144,0.3127667965915015
JWST,43225174068607.12,1.7,3.137185266673665,0.3137185266673665
JWST,43220192201183.17,1.7,3.138239627240498,0.3138239627240499
JWST,43215211481985.62,1.7,3.116371720016425,0.31163717200164254
JWST,43210231910617.54,1.7,3.13025632042885,0.313025632042885
JWST,43205253486682.195,1.7,3.1347378071628533,0.3134737807162854
JWST,43200276209783.02,1.7,3.222903642980747,0.3222903642980747
JWST,43195300079523.67,1.7,3.2456537972193935,0.3245653797219394
JWST,43190325095507.92,1.7,3.262130612559038,0.3262130612559038
JWST,43185351257339.8,1.7,3.3427870919940523,0.3342787091994053
JWST,43180378564623.445,1.7,3.3207391643450817,0.3320739164345082
JWST,43175407016963.24,1.7,3.30515804800463,0.330515804800463
JWST,43170436613963.72,1.7,3.3085889125551704,0.33085889125551704
JWST,43165467355229.59,1.7,3.269022344743491,0.32690223447434913
JWST,43160499240365.78,1.7,3.2995592155905933,0.32995592155905934
JWST,43155532268977.36,1.7,3.4343386461541963,0.34343386461541964
JWST,43150566440669.586,1.7,3.436988401480759,0.34369884014807595
JWST,43145601755047.93,1.7,3.341974433145416,0.33419744331454165
JWST,43140638211718.01,1.7,3.3062772516181345,0.33062772516181343
JWST,43135675810285.63,1.7,3.2688943225667324,0.3268894322566733
JWST,43130714550356.81,1.7,3.2323106611742873,0.3232310661174288
JWST,43125754431537.695,1.7,3.206671600875005,0.32066716008750057
JWST,43120795453434.66,1.7,3.3431387365956775,0.3343138736595678
JWST,43115837615654.23,1.7,3.341305710119516,0.33413057101195165
JWST,43110880917803.125,1.7,3.3502025020808928,0.3350202502080893
JWST,43105925359488.25,1.7,3.324120511159039,0.33241205111590394
JWST,43100970940316.68,1.7,3.2946952796046785,0.32946952796046786
JWST,43096017659895.664,1.7,3.297453121742266,0.3297453121742266
JWST,43091065517832.664,1.7,3.230099450255694,0.3230099450255694
JWST,43086114513735.28,1.7,3.222731480606506,0.3222731480606506
JWST,43081164647211.33,1.7,3.318027814721727,0.33180278147217274
JWST,43076215917868.77,1.7,3.340933330110052,0.33409333301100524
JWST,43071268325315.8,1.7,3.355317619181851,0.3355317619181852
JWST,43066321869160.72,1.7,3.3854292952774125,0.3385429295277413
JWST,43061376549012.086,1.7,3.351597965002692,0.3351597965002692
JWST,43056432364478.57,1.7,3.297397171518303,0.3297397171518303
JWST,43051489315169.07,1.7,3.2578658088084245,0.32578658088084245
JWST,43046547400692.65,1.7,3.2351738651565443,0.3235173865156544
JWST,43041606620658.53,1.7,3.21724672242803,0.32172467224280304
JWST,43036666974676.16,1.7,3.27585622957776,0.327585622957776
JWST,43031728462355.09,1.7,3.3327338046073836,0.33327338046073834
JWST,43026791083305.16,1.7,3.244334055907545,0.3244334055907545
JWST,43021854837136.266,1.7,3.22755551031565,0.32275555103156506
JWST,43016919723458.586,1.7,3.2543418382620515,0.32543418382620515
JWST,43011985741882.414,1.7,3.2600002241548816,0.32600002241548814
JWST,43007052892018.25,1.7,3.2523800178035187,0.32523800178035195
JWST,43002121173476.766,1.7,3.2640711528177113,0.32640711528177113
JWST,42997190585868.81,1.7,3.296272289772719,0.32962722897727187
JWST,42992261128805.41,1.7,3.3280658433285786,0.33280658433285787
JWST,42987332801897.77,1.7,3.3272534096432134,0.3327253409643213
JWST,42982405604757.29,1.7,3.2674197138549363,0.32674197138549366
JWST,42977479536995.52,1.7,3.3262202397071516,0.3326220239707152
JWST,42972554598224.21,1.7,3.4617029417825464,0.3461702941782547
JWST,42967630788055.27,1.7,3.4670856785943958,0.3467085678594396
JWST,42962708106100.81,1.7,3.4429282604919744,0.3442928260491975
JWST,42957786551973.09,1.7,3.4315547626338168,0.3431554762633817
JWST,42952866125284.58,1.7,3.461427071402767,0.3461427071402767
JWST,42947946825647.9,1.7,3.4894675217278004,0.3489467521727801
JWST,42943028652675.86,1.7,3.5014607680692436,0.3501460768069244
JWST,42938111605981.44,1.7,3.591021117822143,0.35910211178221435
JWST,42933195685177.805,1.7,3.6230762586094074,0.3623076258609408
JWST,42928280889878.305,1.7,3.723048136251275,0.37230481362512746
JWST,42923367219696.445,1.7,3.77777635152913,0.37777763515291307
JWST,42918454674245.914,1.7,3.7384319617628363,0.3738431961762837
JWST,42913543253140.6,1.7,3.761171502646773,0.37611715026467735
JWST,42908632955994.54,1.7,3.825891985407886,0.3825891985407886
JWST,42903723782421.95,1.7,3.7602598268114593,0.3760259826811459
JWST,42898815732037.24,1.7,3.7762796650546937,0.37762796650546937
JWST,42893908804455.0,1.7,3.9035334971316002,0.39035334971316005
JWST,42889002999289.95,1.7,3.974132751697656,0.39741327516976566
JWST,42884098316157.05,1.7,4.0780811830892025,0.40780811830892033
JWST,42879194754671.38,1.7,4.157274054540529,0.4157274054540529
JWST,42874292314448.24,1.7,4.156441378005285,0.41564413780052856
JWST,42869390995103.08,1.7,4.25291377885714,0.42529137788571403
JWST,42864490796251.53,1.7,4.387393526094948,0.4387393526094948
JWST,42859591717509.414,1.7,4.343831070125021,0.43438310701250216
JWST,42854693758492.695,1.7,4.361196693755432,0.4361196693755432
JWST,42849796918817.555,1.7,4.37279219644472,0.4372792196444719
JWST,42844901198100.305,1.7,4.274907146085496,0.42749071460854965
JWST,42840006595957.48,1.7,4.268942980415964,0.42689429804159645
JWST,42835113112005.74,1.7,4.181107319211331,0.4181107319211331
JWST,42830220745861.97,1.7,4.158085522551715,0.41580855225517144
JWST,42825329497143.195,1.7,4.230216819103818,0.42302168191038186
JWST,42820439365466.63,1.7,4.190196757356885,0.4190196757356885
JWST,42815550350449.66,1.7,4.128396993855788,0.4128396993855788
JWST,42810662451709.836,1.7,4.107023060379046,0.41070230603790464
JWST,42805775668864.9,1.7,4.147148294393944,0.4147148294393945
JWST,42800890001532.77,1.7,4.129158134050896,0.41291581340508965
JWST,42796005449331.516,1.7,4.1316428397694125,0.4131642839769413
JWST,42791122011879.41,1.7,4.170851254529148,0.4170851254529148
JWST,42786239688794.875,1.7,4.145849992486635,0.4145849992486636
JWST,42781358479696.516,1.7,4.059972766589423,0.40599727665894236
JWST,42776478384203.125,1.7,4.012932353528142,0.40129323535281425
JWST,42771599401933.64,1.7,3.950384330506887,0.3950384330506887
JWST,42766721532507.21,1.7,3.944586155800978,0.3944586155800978
JWST,42761844775543.12,1.7,4.066608211540322,0.4066608211540322
JWST,42756969130660.85,1.7,4.109356962643094,0.4109356962643094
JWST,42752094597480.06,1.7,4.178010343389997,0.41780103433899973
JWST,42747221175620.56,1.7,4.425041077048781,0.4425041077048781
JWST,42742348864702.35,1.7,4.458860737220095,0.4458860737220095
JWST,42737477664345.61,1.7,4.466343049936152,0.44663430499361517
JWST,42732607574170.66,1.7,4.691950993317687,0.4691950993317688
JWST,42727738593798.03,1.7,4.698156019329723,0.46981560193297234
JWST,42722870722848.414,1.7,4.449619275406026,0.4449619275406026
JWST,42718003960942.664,1.7,4.5091221513314865,0.4509122151331487
JWST,42713138307701.805,1.7,4.491110639116134,0.4491110639116135
JWST,42708273762747.07,1.7,4.452332114976165,0.4452332114976165
JWST,42703410325699.81,1.7,4.555918069508867,0.45559180695088675
JWST,42698547996181.6,1.7,4.655557062305384,0.4655557062305384
JWST,42693686773814.15,1.7,4.50109775676054,0.450109775676054
JWST,42688826658219.36,1.7,4.339658968640748,0.4339658968640748
JWST,42683967649019.3,1.7,4.285455617563751,0.42854556175637515
JWST,42679109745836.2,1.7,4.272487867266453,0.4272487867266454
JWST,42674252948292.49,1.7,4.228954211171571,0.4228954211171571
JWST,42669397256010.74,1.7,4.1504132470524935,0.4150413247052494
JWST,42664542668613.73,1.7,4.082038986249686,0.4082038986249686
JWST,42659689185724.34,1.7,3.960044446193422,0.39600444461934226
JWST,42654836806965.72,1.7,3.8787475615047247,0.3878747561504725
JWST,42649985531961.11,1.7,3.818096353913053,0.38180963539130536
JWST,42645135360333.97,1.7,3.7330201145965285,0.37330201145965286
JWST,42640286291707.9,1.7,3.7256103372555422,0.3725610337255542
JWST,42635438325706.69,1.7,3.6251267299273677,0.36251267299273676
JWST,42630591461954.29,1.7,3.4790806757852653,0.34790806757852655
JWST,42625745700074.836,1.7,3.463378625890645,0.3463378625890645
JWST,42620901039692.62,1.7,3.40893582524355,0.34089358252435503
JWST,42616057480432.11,1.7,3.2531000941051844,0.32531000941051846
JWST,42611215021917.945,1.7,3.2598895115824202,0.32598895115824206
JWST,42606373663774.94,1.7,3.298718216045136,0.32987182160451356
JWST,42601533405628.07,1.7,3.2574912416200354,0.3257491241620036
JWST,42596694247102.48,1.7,3.2490308590532093,0.32490308590532097
JWST,42591856187823.5,1.7,3.2186349226427446,0.32186349226427446
JWST,42587019227416.62,1.7,3.218424377036255,0.32184243770362553
JWST,42582183365507.5,1.7,3.2303246910382017,0.3230324691038202
JWST,42577348601721.97,1.7,3.298699099218844,0.3298699099218844
JWST,42572514935686.03,1.7,3.2599224402742593,0.32599224402742594
JWST,42567682367025.84,1.7,3.2579598627538515,0.32579598627538514
JWST,42562850895367.77,1.7,3.2731570565087096,0.327315705650871
JWST,42558020520338.305,1.7,3.2958555098696896,0.32958555098696896
JWST,42553191241564.13,1.7,3.3172353420001914,0.3317235342000192
JWST,42548363058672.09,1.7,3.3641970926246754,0.3364197092624675
JWST,42543535971289.23,1.7,3.2427445525307954,0.3242744552530796
JWST,42538709979042.695,1.7,3.2621237786705146,0.3262123778670515
JWST,42533885081559.875,1.7,3.3085244940416834,0.33085244940416836
JWST,42529061278468.28,1.7,3.215007188539374,0.3215007188539374
JWST,42524238569395.61,1.7,3.2417427825868974,0.3241742782586898
JWST,42519416953969.73,1.7,3.269314013090039,0.32693140130900394
JWST,42514596431818.67,1.7,3.268030179202417,0.32680301792024175
JWST,42509777002570.625,1.7,3.2465306664881024,0.3246530666488103
JWST,42504958665853.98,1.7,3.239366259341907,0.3239366259341907
JWST,42500141421297.26,1.7,3.2146140707924014,0.32146140707924015
JWST,42495325268529.17,1.7,3.2008428129540865,0.32008428129540867
JWST,42490510207178.6,1.7,3.266515246981563,0.32665152469815634
JWST,42485696236874.58,1.7,3.2668420147047357,0.3266842014704736
JWST,42480883357246.32,1.7,3.246216674881144,0.3246216674881144
JWST,42476071567923.21,1.7,3.243778023745922,0.3243778023745922
JWST,42471260868534.79,1.7,3.1910892857459854,0.3191089285745986
JWST,42466451258710.766,1.7,3.182425675703745,0.3182425675703745
JWST,42461642738081.04,1.7,3.2055122092647963,0.32055122092647964
JWST,42456835306275.64,1.7,3.1949012211269188,0.3194901221126919
JWST,42452028962924.805,1.7,3.1229659154587144,0.31229659154587147
JWST,42447223707658.91,1.7,3.144148611732436,0.31441486117324363
JWST,42442419540108.51,1.7,3.181267513655608,0.3181267513655608
JWST,42437616459904.31,1.7,3.103679190178896,0.3103679190178896
JWST,42432814466677.22,1.7,3.0667037192316795,0.306670371923168
JWST,42428013560058.27,1.7,3.1514264176639095,0.31514264176639095
JWST,42423213739678.71,1.7,3.1344977585503493,0.313449775855035
JWST,42418415005169.9,1.7,3.11840195874089,0.31184019587408907
JWST,42413617356163.41,1.7,3.1661689341892902,0.316616893418929
JWST,42408820792290.945,1.7,3.164234466611011,0.31642344666110117
JWST,42404025313184.414,1.7,3.1399289841262816,0.31399289841262823
JWST,42399230918475.86,1.7,3.1960376619976674,0.31960376619976677
JWST,42394437607797.51,1.7,3.190392226575709,0.3190392226575709
JWST,42389645380781.734,1.7,3.133551938393635,0.3133551938393635
JWST,42384854237061.1,1.7,3.1684193414851465,0.3168419341485147
JWST,42380064176268.33,1.7,3.2277961003240367,0.3227796100324037
JWST,42375275198036.3,1.7,3.1630548112717767,0.3163054811271777
JWST,42370487301998.055,1.7,3.0684712360328414,0.30684712360328414
JWST,42365700487786.82,1.7,3.0843239724512546,0.30843239724512544
JWST,42360914755035.99,1.7,3.1542296449605134,0.3154229644960514
JWST,42356130103379.09,1.7,3.195363964926515,0.31953639649265153
JWST,42351346532449.85,1.7,3.1920843454040693,0.319208434540407
JWST,42346564041882.14,1.7,3.094713565930202,0.3094713565930202
JWST,42341782631310.016,1.7,3.0682837891706924,0.30682837891706927
JWST,42337002300367.67,1.7,3.072668299281708,0.30726682992817084
JWST,42332223048689.5,1.7,3.0873904266042023,0.30873904266042024
JWST,42327444875910.016,1.7,3.0955822045859165,0.30955822045859166
JWST,42322667781663.95,1.7,3.158403226157895,0.31584032261578954
JWST,42317891765586.164,1.7,3.1729820061916922,0.3172982006191692
JWST,42313116827311.69,1.7,3.13694360442488,0.31369436044248805
JWST,42308342966475.73,1.7,3.143039833138595,0.3143039833138595
JWST,42303570182713.63,1.7,3.1622813108355707,0.31622813108355713
JWST,42298798475660.95,1.7,3.0880007895085826,0.30880007895085826
JWST,42294027844953.37,1.7,3.1047101564714352,0.3104710156471435
JWST,42289258290226.74,1.7,3.1299344797354944,0.3129934479735495
JWST,42284489811117.086,1.7,3.155105919649878,0.31551059196498776
JWST,42279722407260.6,1.7,3.1893283472077845,0.3189328347207785
JWST,42274956078293.625,1.7,3.126429630363416,0.3126429630363416
JWST,42270190823852.67,1.7,3.0783328768760474,0.3078332876876048
JWST,42265426643574.42,1.7,3.0733098967513355,0.30733098967513356
JWST,42260663537095.73,1.7,3.0347315455791164,0.3034731545579117
JWST,42255901504053.57,1.7,3.040179844658359,0.3040179844658359
JWST,42251140544085.13,1.7,3.069258383380723,0.30692583833807235
JWST,42246380656827.75,1.7,3.0749431187683154,0.3074943118768315
JWST,42241621841918.914,1.7,3.105241509922697,0.3105241509922697
JWST,42236864098996.28,1.7,3.093683549331603,0.3093683549331603
JWST,42232107427697.68,1.7,3.0805649627526313,0.30805649627526316
JWST,42227351827661.086,1.7,3.1540427879633945,0.3154042787963395
JWST,42222597298524.66,1.7,3.0873636247537095,0.30873636247537095
JWST,42217843839926.7,1.7,3.0942601912645618,0.3094260191264562
JWST,42213091451505.69,1.7,3.1104932132576018,0.31104932132576024
JWST,42208340132900.26,1.7,3.1253534852221345,0.3125353485222135
JWST,42203589883749.21,1.7,3.115343883954298,0.31153438839542985
JWST,42198840703691.516,1.7,3.1081825113903907,0.3108182511390391
JWST,42194092592366.28,1.7,3.096861555222062,0.30968615552220624
JWST,42189345549412.805,1.7,3.119449282376222,0.3119449282376222
JWST,42184599574470.54,1.7,3.1026273226273235,0.3102627322627324
JWST,42179854667179.086,1.7,3.0663709481615684,0.3066370948161568
JWST,42175110827178.23,1.7,3.041357937318874,0.3041357937318874
JWST,42170368054107.89,1.7,3.024872892231896,0.3024872892231896
JWST,42165626347608.18,1.7,3.058395365747761,0.3058395365747761
JWST,42160885707319.36,1.7,3.0084428787881845,0.30084428787881845
JWST,42156146132881.836,1.7,2.9929349068136286,0.2992934906813629
JWST,42151407623936.2,1.7,3.02692298074398,0.302692298074398
JWST,42146670180123.2,1.7,3.1141590838437425,0.3114159083843743
JWST,42141933801083.74,1.7,3.1360604449269744,0.31360604449269747
JWST,42137198486458.89,1.7,3.128091127458666,0.31280911274586654
JWST,42132464235889.87,1.7,3.136035491477481,0.31360354914774813
JWST,42127731049018.08,1.7,3.1051807058438894,0.310518070584389
JWST,42122998925485.055,1.7,3.0820949904632227,0.3082094990463223
JWST,42118267864932.52,1.7,3.097619416383215,0.30976194163832155
JWST,42113537867002.35,1.7,3.0791251754102618,0.3079125175410262
JWST,42108808931336.58,1.7,3.1082600389201476,0.31082600389201476
JWST,42104081057577.39,1.7,3.094285493172704,0.30942854931727043
JWST,42099354245367.16,1.7,3.0642779230630097,0.30642779230630096
JWST,42094628494348.375,1.7,2.99641200067418,0.29964120006741807
JWST,42089903804163.734,1.7,2.9942395621458138,0.2994239562145814
JWST,42085180174456.06,1.7,3.008366265754443,0.3008366265754443
JWST,42080457604868.37,1.7,2.9800143412288356,0.2980014341228836
JWST,42075736095043.8,1.7,3.0140318459340802,0.30140318459340804
JWST,42071015644625.68,1.7,3.0409630994794665,0.3040963099479467
JWST,42066296253257.484,1.7,3.0912772526778793,0.309127725267788
JWST,42061577920582.84,1.7,3.0890881064535884,0.30890881064535886
JWST,42056860646245.57,1.7,3.0731829666222152,0.30731829666222155
JWST,42052144429889.6,1.7,3.018836042524301,0.3018836042524301
JWST,42047429271159.08,1.7,2.9606542620504834,0.2960654262050484
JWST,42042715169698.26,1.7,3.041209032880503,0.30412090328805036
JWST,42038002125151.586,1.7,3.175446393860153,0.31754463938601535
JWST,42033290137163.65,1.7,3.13078279330632,0.31307827933063204
JWST,42028579205379.21,1.7,3.0586708394052775,0.3058670839405278
JWST,42023869329443.18,1.7,3.0740803092782754,0.3074080309278276
JWST,42019160509000.64,1.7,3.142027374024489,0.3142027374024489
JWST,42014452743696.805,1.7,3.095631236630759,0.3095631236630759
JWST,42009746033177.08,1.7,3.0871513080425084,0.30871513080425084
JWST,42005040377087.01,1.7,3.0641072308680406,0.30641072308680406
JWST,42000335775072.3,1.7,2.9587480990904296,0.29587480990904297
JWST,41995632226778.82,1.7,2.9616207074143994,0.29616207074143996
JWST,41990929731852.61,1.7,3.106314942588843,0.31063149425888437
JWST,41986228289939.836,1.7,3.085693324408485,0.3085693324408485
JWST,41981527900686.85,1.7,3.0985618658788043,0.3098561865878805
JWST,41976828563740.15,1.7,3.071629975734196,0.30716299757341964
JWST,41972130278746.39,1.7,3.0495968210403253,0.3049596821040325
JWST,41967433045352.4,1.7,3.0105026546048426,0.3010502654604843
JWST,41962736863205.15,1.7,3.0796975782613,0.30796975782613006
JWST,41958041731951.78,1.7,3.124863199542529,0.3124863199542529
JWST,41953347651239.57,1.7,3.0997197596635555,0.30997197596635556
JWST,41948654620715.984,1.7,3.1250326882415793,0.31250326882415796
JWST,41943962640028.62,1.7,3.0963593157739204,0.30963593157739205
JWST,41939271708825.24,1.7,3.086011879359368,0.3086011879359368
JWST,41934581826753.77,1.7,3.068062931430987,0.3068062931430987
JWST,41929892993462.305,1.7,3.054525286718877,0.3054525286718877
JWST,41925205208599.055,1.7,2.896961442473457,0.28969614424734574
JWST,41920518471812.44,1.7,2.967126632601765,0.29671266326017653
JWST,41915832782750.99,1.7,3.0189858340375264,0.3018985834037527
JWST,41911148141063.44,1.7,3.008918931651374,0.30089189316513737
JWST,41906464546398.625,1.7,2.981449248857412,0.29814492488574124
JWST,41901781998405.59,1.7,2.9704122166120412,0.29704122166120417
JWST,41897100496733.51,1.7,3.0044467311444225,0.3004446731144423
JWST,41892420041031.72,1.7,3.0015486589153193,0.30015486589153195
JWST,41887740630949.71,1.7,3.042249845803677,0.30422498458036773
JWST,41883062266137.14,1.7,3.133658472150909,0.3133658472150909
JWST,41878384946243.81,1.7,3.124454017084157,0.3124454017084157
JWST,41873708670919.68,1.7,3.0852873627407646,0.3085287362740765
JWST,41869033439814.88,1.7,3.0758781505896917,0.3075878150589692
JWST,41864359252579.67,1.7,3.033275443316785,0.30332754433167847
JWST,41859686108864.49,1.7,2.9695334173151937,0.2969533417315194
JWST,41855014008319.93,1.7,3.0109644795101254,0.30109644795101254
JWST,41850342950596.734,1.7,3.0530680169764555,0.30530680169764557
JWST,41845672935345.79,1.7,3.0364165864401347,0.3036416586440135
JWST,41841003962218.17,1.7,3.0653472597129485,0.30653472597129483
JWST,41836336030865.07,1.7,3.1322506331853095,0.313225063318531
JWST,41831669140937.87,1.7,3.049452405290197,0.3049452405290197
JWST,41827003292088.08,1.7,2.9542756114904316,0.2954275611490432
JWST,41822338483967.39,1.7,3.021244254680262,0.3021244254680262
JWST,41817674716227.62,1.7,3.038750074598288,0.3038750074598288
JWST,41813011988520.766,1.7,3.0259746351548165,0.3025974635154816
JWST,41808350300498.97,1.7,3.041392809263934,0.3041392809263935
JWST,41803689651814.53,1.7,3.0885355488686255,0.30885355488686256
JWST,41799030042119.9,1.7,3.0574237491332075,0.30574237491332074
JWST,41794371471067.69,1.7,3.0751070572299763,0.30751070572299766
JWST,41789713938310.664,1.7,3.077244606587509,0.3077244606587509
JWST,41785057443501.734,1.7,3.1159212049856806,0.3115921204985681
JWST,41780401986293.984,1.7,3.103728803455929,0.3103728803455929
JWST,41775747566340.63,1.7,3.089870668736115,0.3089870668736115
JWST,41771094183295.06,1.7,3.092720733181764,0.3092720733181764
JWST,41766441836810.81,1.7,2.9472244700855605,0.2947224470085561
JWST,41761790526541.58,1.7,2.964129882634953,0.2964129882634953
JWST,41757140252141.19,1.7,3.0596106006606107,0.3059610600660611
JWST,41752491013263.664,1.7,3.0277825642680263,0.3027782564268026
JWST,41747842809563.14,1.7,2.939524358744982,0.2939524358744982
JWST,41743195640693.94,1.7,2.9139374281250583,0.29139374281250585
JWST,41738549506310.5,1.7,3.0172865435241945,0.30172865435241947
JWST,41733904406067.46,1.7,3.0232916081432952,0.30232916081432953
JWST,41729260339619.58,1.7,3.0269928230349574,0.3026992823034958
JWST,41724617306621.79,1.7,3.0439857676862707,0.3043985767686271
JWST,41719975306729.14,1.7,3.015021952593121,0.3015021952593121
JWST,41715334339596.89,1.7,3.082112247188629,0.3082112247188629
JWST,41710694404880.41,1.7,3.1148976326423434,0.31148976326423433
JWST,41706055502235.234,1.7,3.096201807101816,0.3096201807101816
JWST,41701417631317.055,1.7,3.0176087968730645,0.30176087968730647
JWST,41696780791781.71,1.7,3.044630131843425,0.30446301318434255
JWST,41692144983285.2,1.7,3.2425092341381907,0.32425092341381906
JWST,41687510205483.67,1.7,3.103233545170537,0.31032335451705373
JWST,41682876458033.43,1.7,3.0782472522805135,0.3078247252280514
JWST,41678243740590.92,1.7,3.120998783056189,0.3120998783056189
JWST,41673612052812.766,1.7,3.0654513664744836,0.30654513664744837
JWST,41668981394355.7,1.7,3.093404643894558,0.30934046438945584
JWST,41664351764876.664,1.7,3.073907641423697,0.3073907641423697
JWST,41659723164032.7,1.7,3.0519403727603205,0.30519403727603206
JWST,41655095591481.04,1.7,3.0747034159223814,0.30747034159223813
JWST,41650469046879.04,1.7,3.077031859857893,0.3077031859857894
JWST,41645843529884.234,1.7,3.042871763048786,0.30428717630487856
JWST,41641219040154.28,1.7,2.9817037468232144,0.29817037468232144
JWST,41636595577347.02,1.7,3.007478637928249,0.300747863792825
JWST,41631973141120.42,1.7,3.1544348673512395,0.31544348673512396
JWST,41627351731132.625,1.7,3.147295642531346,0.3147295642531346
JWST,41622731347041.89,1.7,3.1038211282737853,0.31038211282737854
JWST,41618111988506.664,1.7,3.1480913654416347,0.3148091365441635
JWST,41613493655185.54,1.7,3.1481479716021616,0.31481479716021615
JWST,41608876346737.234,1.7,3.1167715268906933,0.31167715268906937
JWST,41604260062820.65,1.7,3.1533157305313058,0.3153315730531306
JWST,41599644803094.81,1.7,3.14543051901863,0.31454305190186305
JWST,41595030567218.93,1.7,3.0356963390246126,0.3035696339024613
JWST,41590417354852.33,1.7,3.049717061090992,0.30497170610909924
JWST,41585805165654.5,1.7,3.1707235094583885,0.3170723509458389
JWST,41581193999285.09,1.7,3.1730025730918032,0.3173002573091804
JWST,41576583855403.91,1.7,3.0826075373694746,0.30826075373694745
JWST,41571974733670.875,1.7,3.105926904322999,0.3105926904322999
JWST,41567366633746.11,1.7,3.095308333484364,0.3095308333484364
JWST,41562759555289.836,1.7,3.0626896864647097,0.30626896864647096
JWST,41558153497962.47,1.7,3.0824237205395963,0.30824237205395966
JWST,41553548461424.55,1.7,3.065870820292195,0.3065870820292195
JWST,41548944445336.78,1.7,3.0030113100984748,0.3003011310098475
JWST,41544341449360.0,1.7,2.9848047454535975,0.29848047454535975
JWST,41539739473155.22,1.7,3.0865195975819137,0.3086519597581914
JWST,41535138516383.57,1.7,3.1287352366709467,0.3128735236670947
JWST,41530538578706.37,1.7,3.0846251663061643,0.30846251663061647
JWST,41525939659785.06,1.7,3.089126634965945,0.3089126634965945
JWST,41521341759281.24,1.7,3.0772165600566637,0.3077216560056664
JWST,41516744876856.664,1.7,3.04551513197417,0.304551513197417
JWST,41512149012173.22,1.7,3.1183212321067817,0.3118321232106782
JWST,41507554164892.97,1.7,3.18504451569374,0.318504451569374
JWST,41502960334678.09,1.7,3.1435437136571838,0.3143543713657184
JWST,41498367521190.96,1.7,3.0646435101092724,0.3064643510109273
JWST,41493775724094.05,1.7,3.1234010941335257,0.3123401094133526
JWST,41489184943050.016,1.7,3.127814009887033,0.31278140098870333
JWST,41484595177721.66,1.7,3.073832064356796,0.3073832064356796
JWST,41480006427771.914,1.7,3.1395887920771526,0.31395887920771526
JWST,41475418692863.875,1.7,3.1833437803940994,0.31833437803940995
JWST,41470831972660.79,1.7,3.143588659033307,0.31435886590333073
JWST,41466246266826.055,1.7,3.093152472294396,0.3093152472294396
JWST,41461661575023.2,1.7,3.1387573569072797,0.31387573569072796
JWST,41457077896915.92,1.7,3.1239545777279223,0.3123954577727922
JWST,41452495232168.06,1.7,3.111484847323688,0.31114848473236884
JWST,41447913580443.6,1.7,3.0880806960052296,0.308808069600523
JWST,41443332941406.67,1.7,3.1994882683269457,0.3199488268326946
JWST,41438753314721.57,1.7,3.2031932125447398,0.320319321254474
JWST,41434174700052.71,1.7,3.131636549447835,0.3131636549447835
JWST,41429597097064.695,1.7,3.2289194170429902,0.3228919417042991
JWST,41425020505422.234,1.7,3.215842856669596,0.3215842856669596
JWST,41420444924790.22,1.7,3.0887901255608137,0.3088790125560814
JWST,41415870354833.66,1.7,3.1572888346085137,0.3157288834608514
JWST,41411296795217.74,1.7,3.2065462059871757,0.32065462059871763
JWST,41406724245607.78,1.7,3.1250460327182576,0.3125046032718258
JWST,41402152705669.24,1.7,3.1410594633919637,0.31410594633919636
JWST,41397582175067.75,1.7,3.1836492302468127,0.3183649230246813
JWST,41393012653469.07,1.7,3.0821933044521876,0.30821933044521876
JWST,41388444140539.1,1.7,3.075524601457662,0.3075524601457662
JWST,41383876635943.91,1.7,3.0708007311249643,0.30708007311249647
JWST,41379310139349.7,1.7,3.1005443281794594,0.310054432817946
JWST,41374744650422.836,1.7,3.228612128955775,0.3228612128955775
JWST,41370180168829.8,1.7,3.1902626293018046,0.3190262629301805
JWST,41365616694237.25,1.7,3.2118621795161397,0.321186217951614
JWST,41361054226311.99,1.7,3.2344106392649254,0.3234410639264926
JWST,41356492764720.95,1.7,3.2735047305909375,0.32735047305909376
JWST,41351932309131.23,1.7,3.2446056848938847,0.3244605684893885
JWST,41347372859210.05,1.7,3.1920981709006764,0.3192098170900677
JWST,41342814414624.805,1.7,3.238607692520577,0.3238607692520577
JWST,41338256975043.016,1.7,3.278403805886177,0.3278403805886177
JWST,41333700540132.375,1.7,3.2031684862560086,0.3203168486256009
JWST,41329145109560.68,1.7,3.220837540916272,0.3220837540916272
JWST,41324590682995.92,1.7,3.1789776370934297,0.317897763709343
JWST,41320037260106.2,1.7,3.1495557998042005,0.3149555799804201
JWST,41315484840559.8,1.7,3.1774356078155925,0.3177435607815593
JWST,41310933424025.09,1.7,3.2329237482956583,0.32329237482956585
JWST,41306383010170.66,1.7,3.1525052088275047,0.3152505208827505
JWST,41301833598665.19,1.7,3.1804544196687314,0.3180454419668731
JWST,41297285189177.53,1.7,3.2119701260461135,0.32119701260461136
JWST,41292737781376.67,1.7,3.17919013852602,0.317919013852602
JWST,41288191374931.766,1.7,3.165158939534769,0.31651589395347696
JWST,41283645969512.07,1.7,3.198451982055093,0.3198451982055094
JWST,41279101564787.03,1.7,3.173609255966337,0.3173609255966337
JWST,41274558160426.22,1.7,3.2240906950891515,0.3224090695089151
JWST,41270015756099.35,1.7,3.2954417916807337,0.3295441791680734
JWST,41265474351476.3,1.7,3.3078625099176953,0.3307862509917695
JWST,41260933946227.055,1.7,3.2273163599275545,0.32273163599275545
JWST,41256394540021.8,1.7,3.1960574652728777,0.3196057465272878
JWST,41251856132530.81,1.7,3.22070207614435,0.322070207614435
JWST,41247318723424.56,1.7,3.2178783338854453,0.32178783338854455
JWST,41242782312373.61,1.7,3.135340106767239,0.31353401067672393
JWST,41238246899048.72,1.7,3.145323850773761,0.31453238507737613
JWST,41233712483120.75,1.7,3.2296496165832447,0.32296496165832445
JWST,41229179064260.74,1.7,3.13199996187654,0.31319999618765404
JWST,41224646642139.85,1.7,3.14119523083311,0.31411952308331104
JWST,41220115216429.41,1.7,3.22522289094517,0.322522289094517
JWST,41215584786800.85,1.7,3.2340827202265316,0.3234082720226532
JWST,41211055352925.805,1.7,3.244043817533855,0.32440438175338554
JWST,41206526914476.0,1.7,3.2297998916919175,0.3229799891691918
JWST,41201999471123.34,1.7,3.175614271611003,0.31756142716110036
JWST,41197473022539.86,1.7,3.145335095870262,0.3145335095870262
JWST,41192947568397.734,1.7,3.1921567060824905,0.31921567060824907
JWST,41188423108369.29,1.7,3.2661075219681104,0.32661075219681107
JWST,41183899642127.0,1.7,3.313741131991433,0.33137411319914334
JWST,41179377169343.47,1.7,3.278655374173363,0.3278655374173364
JWST,41174855689691.445,1.7,3.287055562358737,0.32870555623587366
JWST,41170335202843.85,1.7,3.2910406786393267,0.32910406786393265
JWST,41165815708473.71,1.7,3.282893620794223,0.32828936207942233
JWST,41161297206254.23,1.7,3.325660636569184,0.33256606365691843
JWST,41156779695858.7,1.7,3.370077068575258,0.3370077068575259
JWST,41152263176960.65,1.7,3.3386497969699245,0.3338649796969924
JWST,41147747649233.65,1.7,3.323416530965231,0.3323416530965231
JWST,41143233112351.484,1.7,3.294965828260209,0.3294965828260209
JWST,41138719565988.04,1.7,3.353330700577598,0.33533307005775975
JWST,41134207009817.38,1.7,3.269053945994683,0.3269053945994683
JWST,41129695443513.69,1.7,3.209780362133907,0.3209780362133907
JWST,41125184866751.3,1.7,3.2191627192259133,0.3219162719225913
JWST,41120675279204.68,1.7,3.2258380902431893,0.32258380902431893
JWST,41116166680548.45,1.7,3.213932843859384,0.3213932843859384
JWST,41111659070457.375,1.7,3.2534725721281377,0.3253472572128138
JWST,41107152448606.35,1.7,3.284278851199702,0.3284278851199702
JWST,41102646814670.44,1.7,3.265078701935966,0.32650787019359667
JWST,41098142168324.81,1.7,3.2913391641774346,0.3291339164177435
JWST,41093638509244.81,1.7,3.3036121580950697,0.330361215809507
JWST,41089135837105.89,1.7,3.2789017537650786,0.3278901753765079
JWST,41084634151583.695,1.7,3.3213544234632058,0.3321354423463206
JWST,41080133452353.95,1.7,3.323829083361328,0.3323829083361329
JWST,41075633739092.586,1.7,3.2383818821724795,0.32383818821724797
JWST,41071135011475.62,1.7,3.2396890314807507,0.3239689031480751
JWST,41066637269179.24,1.7,3.2186637664584747,0.3218663766458475
JWST,41062140511879.77,1.7,3.2143332022027784,0.3214333202202779
JWST,41057644739253.695,1.7,3.203102089007972,0.3203102089007972
JWST,41053149950977.6,1.7,3.226277831294023,0.3226277831294024
JWST,41048656146728.26,1.7,3.280898437222484,0.3280898437222484
JWST,41044163326182.53,1.7,3.2873218236642283,0.3287321823664228
JWST,41039671489017.484,1.7,3.2462686971222148,0.3246268697122215
JWST,41035180634910.266,1.7,3.194010072448669,0.3194010072448669
JWST,41030690763538.2,1.7,3.2538683014626546,0.32538683014626546
JWST,41026201874578.75,1.7,3.3138494415184785,0.3313849441518479
JWST,41021713967709.51,1.7,3.312614604620024,0.33126146046200244
JWST,41017227042608.22,1.7,3.3249131381588994,0.3324913138158899
JWST,41012741098952.75,1.7,3.280792346577943,0.32807923465779437
JWST,41008256136421.14,1.7,3.247530987146228,0.3247530987146228
JWST,41003772154691.54,1.7,3.293172838710077,0.3293172838710077
JWST,40999289153442.25,1.7,3.2808457914665525,0.3280845791466553
JWST,40994807132351.72,1.7,3.2546438792449846,0.32546438792449844
JWST,40990326091098.53,1.7,3.3275744843161426,0.3327574484316143
JWST,40985846029361.4,1.7,3.3100046893663135,0.3310004689366314
JWST,40981366946819.21,1.7,3.234153341554025,0.3234153341554026
JWST,40976888843150.945,1.7,3.2109296249928643,0.3210929624992865
JWST,40972411718035.766,1.7,3.2904016159203207,0.3290401615920321
JWST,40967935571152.95,1.7,3.235576840887379,0.3235576840887379
JWST,40963460402181.93,1.7,3.2373079647376595,0.32373079647376596
JWST,40958986210802.266,1.7,3.286411133082608,0.3286411133082608
JWST,40954512996693.664,1.7,3.2764748149941263,0.32764748149941264
JWST,40950040759535.97,1.7,3.245310495423372,0.3245310495423372
JWST,40945569499009.17,1.7,3.2185778562831002,0.32185778562831
JWST,40941099214793.39,1.7,3.2998188146500445,0.32998188146500446
JWST,40936629906568.9,1.7,3.286598760096878,0.3286598760096878
JWST,40932161574016.09,1.7,3.2199898989952014,0.32199898989952014
JWST,40927694216815.52,1.7,3.249386701298292,0.3249386701298292
JWST,40923227834647.875,1.7,3.3000764925624755,0.3300076492562476
JWST,40918762427193.95,1.7,3.3575163553138108,0.3357516355313811
JWST,40914297994134.74,1.7,3.334050547180226,0.3334050547180226
JWST,40909834535151.336,1.7,3.234690945387418,0.3234690945387419
JWST,40905372049924.98,1.7,3.207456328307042,0.32074563283070423
JWST,40900910538137.03,1.7,3.2112575157915946,0.32112575157915946
JWST,40896449999469.03,1.7,3.1950939047707743,0.3195093904770775
JWST,40891990433602.63,1.7,3.288949796643488,0.3288949796643489
JWST,40887531840219.63,1.7,3.200665238347964,0.32006652383479645
JWST,40883074219001.95,1.7,3.1986255351122463,0.31986255351122467
JWST,40878617569631.69,1.7,3.2724497167635804,0.3272449716763581
JWST,40874161891791.04,1.7,3.2197973274754497,0.321979732747545
JWST,40869707185162.36,1.7,3.2385374056016394,0.32385374056016397
JWST,40865253449428.13,1.7,3.2779651695057743,0.3277965169505775
JWST,40860800684271.0,1.7,3.288399335001464,0.3288399335001464
JWST,40856348889373.71,1.7,3.253801663460818,0.32538016634608186
JWST,40851898064419.17,1.7,3.266894585351949,0.3266894585351949
JWST,40847448209090.445,1.7,3.241370585485354,0.32413705854853536
JWST,40842999323070.69,1.7,3.350182156577606,0.3350182156577607
JWST,40838551406043.234,1.7,3.198059965016152,0.31980599650161523
JWST,40834104457691.53,1.7,3.146524100613876,0.31465241006138767
JWST,40829658477699.18,1.7,3.1945328357750395,0.31945328357750397
JWST,40825213465749.91,1.7,3.1416181590893433,0.3141618159089343
JWST,40820769421527.59,1.7,3.2246785669151663,0.3224678566915167
JWST,40816326344716.23,1.7,3.2449666379683073,0.32449666379683073
JWST,40811884234999.97,1.7,3.243304847173303,0.3243304847173303
JWST,40807443092063.09,1.7,3.258543564530587,0.3258543564530587
JWST,40803002915590.03,1.7,3.2813544242614614,0.3281354424261462
JWST,40798563705265.33,1.7,3.2250887283646166,0.3225088728364617
JWST,40794125460773.68,1.7,3.1954007760654513,0.3195400776065452
JWST,40789688181799.92,1.7,3.1567741645805727,0.31567741645805725
JWST,40785251868029.03,1.7,3.227988407460367,0.32279884074603676
JWST,40780816519146.09,1.7,3.180079897489721,0.3180079897489721
JWST,40776382134836.37,1.7,3.159937183340639,0.3159937183340639
JWST,40771948714785.23,1.7,3.1310961697801294,0.313109616978013
JWST,40767516258678.195,1.7,3.201608687794927,0.32016086877949274
JWST,40763084766200.914,1.7,3.219525710513452,0.3219525710513452
JWST,40758654237039.19,1.7,3.2289436858348686,0.32289436858348686
JWST,40754224670878.93,1.7,3.2494409427209785,0.32494409427209786
JWST,40749796067406.2,1.7,3.247451897041843,0.3247451897041843
JWST,40745368426307.23,1.7,3.306624008095024,0.3306624008095024
JWST,40740941747268.31,1.7,3.2966343461272225,0.3296634346127223
JWST,40736516029975.945,1.7,3.2805543068576837,0.3280554306857684
JWST,40732091274116.73,1.7,3.3099096569226707,0.3309909656922671
JWST,40727667479377.414,1.7,3.311157570511118,0.33111575705111185
JWST,40723244645444.875,1.7,3.254285230193664,0.3254285230193664
JWST,40718822772006.13,1.7,3.273242154508272,0.3273242154508272
JWST,40714401858748.33,1.7,3.27948936554024,0.327948936554024
JWST,40709981905358.77,1.7,3.261615097261063,0.3261615097261063
JWST,40705562911524.87,1.7,3.242264716211913,0.32422647162119134
JWST,40701144876934.19,1.7,3.280998010247989,0.3280998010247989
JWST,40696727801274.42,1.7,3.2609235152442677,0.3260923515244268
JWST,40692311684233.4,1.7,3.1998154615862213,0.3199815461586222
JWST,40687896525499.09,1.7,3.234270177894621,0.3234270177894621
JWST,40683482324759.59,1.7,3.254376913602567,0.32543769136025674
JWST,40679069081703.16,1.7,3.2400905065770327,0.3240090506577033
JWST,40674656796018.14,1.7,3.259006509476497,0.3259006509476497
JWST,40670245467393.06,1.7,3.2928315298339133,0.32928315298339134
JWST,40665835095516.55,1.7,3.2194144057548493,0.32194144057548496
JWST,40661425680077.4,1.7,3.2437071599369403,0.324370715993694
JWST,40657017220764.51,1.7,3.2614606086711206,0.32614606086711206
JWST,40652609717266.94,1.7,3.239604658690185,0.3239604658690185
JWST,40648203169273.86,1.7,3.3086959622390157,0.3308695962239016
JWST,40643797576474.59,1.7,3.3085244102097864,0.33085244102097866
JWST,40639392938558.59,1.7,3.25720983403051,0.32572098340305106
JWST,40634989255215.45,1.7,3.2100522536973926,0.32100522536973924
JWST,40630586526134.88,1.7,3.1932630694508037,0.3193263069450804
JWST,40626184751006.74,1.7,3.1899719657531183,0.3189971965753119
JWST,40621783929521.016,1.7,3.2627163834878363,0.32627163834878364
JWST,40617384061367.836,1.7,3.3177003271731196,0.331770032717312
JWST,40612985146237.46,1.7,3.3529979609559732,0.33529979609559735
JWST,40608587183820.27,1.7,3.278338180532918,0.32783381805329187
JWST,40604190173806.82,1.7,3.2760363838070776,0.32760363838070783
JWST,40599794115887.74,1.7,3.3124327640717977,0.3312432764071798
JWST,40595399009753.84,1.7,3.2661871043641066,0.3266187104364107
JWST,40591004855096.05,1.7,3.232780359687777,0.3232780359687777
JWST,40586611651605.43,1.7,3.2809540940412547,0.32809540940412546
JWST,40582219398973.164,1.7,3.2121098702728172,0.32121098702728174
JWST,40577828096890.6,1.7,3.157397139087134,0.3157397139087134
JWST,40573437745049.195,1.7,3.1905923562803102,0.319059235628031
JWST,40569048343140.55,1.7,3.1612732475863745,0.3161273247586375
JWST,40564659890856.375,1.7,3.1577105771624163,0.31577105771624164
JWST,40560272387888.56,1.7,3.1764111877886494,0.317641118778865
JWST,40555885833929.09,1.7,3.2087655771813375,0.3208765577181338
JWST,40551500228670.1,1.7,3.2540537674678776,0.32540537674678777
JWST,40547115571803.84,1.7,3.2137637485859485,0.3213763748585948
JWST,40542731863022.734,1.7,3.2210671948002765,0.32210671948002767
JWST,40538349102019.28,1.7,3.2114051607364207,0.3211405160736421
JWST,40533967288486.164,1.7,3.2383278744326076,0.32383278744326083
JWST,40529586422116.164,1.7,3.1997514426348523,0.3199751442634853
JWST,40525206502602.22,1.7,3.2384051612882163,0.32384051612882164
JWST,40520827529637.39,1.7,3.2664197156597736,0.3266419715659774
JWST,40516449502914.87,1.7,3.292376823707754,0.3292376823707754
JWST,40512072422127.98,1.7,3.295206561284037,0.3295206561284037
JWST,40507696286970.17,1.7,3.285808035551012,0.3285808035551012
JWST,40503321097135.06,1.7,3.261248912078474,0.32612489120784743
JWST,40498946852316.34,1.7,3.2440580646911537,0.3244058064691154
JWST,40494573552207.9,1.7,3.2158121353494993,0.32158121353495
JWST,40490201196503.695,1.7,3.2597421267250066,0.32597421267250065
JWST,40485829784897.87,1.7,3.258489521217985,0.32584895212179854
JWST,40481459317084.66,1.7,3.2244129923583182,0.32244129923583187
JWST,40477089792758.46,1.7,3.215137853219924,0.32151378532199243
JWST,40472721211613.78,1.7,3.228808787569316,0.3228808787569316
JWST,40468353573345.27,1.7,3.2110601287484055,0.3211060128748406
JWST,40463986877647.71,1.7,3.1871226780774875,0.3187122678077488
JWST,40459621124216.016,1.7,3.242040885172992,0.3242040885172992
JWST,40455256312745.22,1.7,3.3012919908547773,0.3301291990854778
JWST,40450892442930.51,1.7,3.299430856417314,0.3299430856417314
JWST,40446529514467.17,1.7,3.2434895478197063,0.3243489547819706
JWST,40442167527050.664,1.7,3.1911590230377826,0.3191159023037783
JWST,40437806480376.555,1.7,3.2013153964326144,0.32013153964326146
JWST,40433446374140.53,1.7,3.232592391601885,0.32325923916018856
JWST,40429087208038.44,1.7,3.2489293606757887,0.3248929360675789
JWST,40424728981766.23,1.7,3.263185153560507,0.3263185153560507
JWST,40420371695020.01,1.7,3.231112962138045,0.3231112962138045
JWST,40416015347495.98,1.7,3.2285479765971914,0.3228547976597192
JWST,40411659938890.52,1.7,3.2424448111184763,0.32424448111184767
JWST,40407305468900.11,1.7,3.242203940519043,0.32422039405190434
JWST,40402951937221.36,1.7,3.2536787614466687,0.3253678761446669
JWST,40398599343551.02,1.7,3.2506476033178946,0.3250647603317895
JWST,40394247687585.984,1.7,3.217512918268259,0.32175129182682594
JWST,40389896969023.24,1.7,3.205005200624623,0.3205005200624623
JWST,40385547187559.95,1.7,3.1865364107803154,0.3186536410780315
JWST,40381198342893.37,1.7,3.2390558793225557,0.3239055879322556
JWST,40376850434720.89,1.7,3.2785240959249196,0.32785240959249196
JWST,40372503462740.06,1.7,3.2788989362460526,0.32788989362460524
JWST,40368157426648.55,1.7,3.209163908555972,0.32091639085559726
JWST,40363812326144.12,1.7,3.1348457643199237,0.3134845764319924
JWST,40359468160924.71,1.7,3.117867063474525,0.3117867063474526
JWST,40355124930688.38,1.7,3.1497889948046685,0.31497889948046687
JWST,40350782635133.3,1.7,3.183313588625303,0.3183313588625303
JWST,40346441273957.78,1.7,3.182336621393,0.31823366213930004
JWST,40342100846860.266,1.7,3.2490414247185813,0.32490414247185817
JWST,40337761353539.33,1.7,3.1935340388323965,0.3193534038832397
JWST,40333422793693.664,1.7,3.1581841686561196,0.31581841686561196
JWST,40329085167022.11,1.7,3.1785098642327045,0.3178509864232705
JWST,40324748473223.625,1.7,3.150954020491113,0.3150954020491113
JWST,40320412711997.3,1.7,3.143463966292122,0.31434639662921227
JWST,40316077883042.336,1.7,3.15538828962559,0.3155388289625591
JWST,40311743986058.11,1.7,3.2288433117709507,0.3228843311770951
JWST,40307411020744.08,1.7,3.140101633250971,0.31401016332509707
JWST,40303078986799.85,1.7,3.1657562911451502,0.31657562911451503
JWST,40298747883925.17,1.7,3.2382147894711824,0.32382147894711827
JWST,40294417711819.9,1.7,3.2527862457928785,0.32527862457928786
JWST,40290088470184.03,1.7,3.205440188033333,0.3205440188033334
JWST,40285760158717.69,1.7,3.177498538940547,0.3177498538940547
JWST,40281432777121.11,1.7,3.221792160245456,0.3221792160245456
JWST,40277106325094.695,1.7,3.213271695812844,0.3213271695812844
JWST,40272780802338.945,1.7,3.2346510182450112,0.32346510182450117
JWST,40268456208554.5,1.7,3.2829004698249884,0.32829004698249886
JWST,40264132543442.125,1.7,3.2739115291950234,0.3273911529195024
JWST,40259809806702.7,1.7,3.26932122537924,0.326932122537924
JWST,40255487998037.28,1.7,3.2466964978413064,0.32466964978413065
JWST,40251167117146.99,1.7,3.2886516408283866,0.32886516408283867
JWST,40246847163733.125,1.7,3.2776671750485264,0.32776671750485264
JWST,40242528137497.08,1.7,3.303123756621681,0.33031237566216815
JWST,40238210038140.4,1.7,3.238074144951358,0.32380741449513584
JWST,40233892865364.74,1.7,3.2129031304069695,0.32129031304069694
JWST,40229576618871.91,1.7,3.255889564096042,0.3255889564096042
JWST,40225261298363.805,1.7,3.284184302450819,0.32841843024508194
JWST,40220946903542.5,1.7,3.213294585371927,0.3213294585371927
JWST,40216633434110.15,1.7,3.2215485391001897,0.32215485391001897
JWST,40212320889769.07,1.7,3.1362863435434347,0.31362863435434346
JWST,40208009270221.69,1.7,3.2784354886136176,0.3278435488613618
JWST,40203698575170.57,1.7,3.2879429964873563,0.3287942996487357
JWST,40199388804318.39,1.7,3.284627421998121,0.3284627421998121
JWST,40195079957367.97,1.7,3.2547736974679293,0.325477369746793
JWST,40190772034022.25,1.7,3.227387797412351,0.32273877974123516
JWST,40186465033984.29,1.7,3.2848852948198304,0.3284885294819831
JWST,40182158956957.305,1.7,3.309491938652149,0.3309491938652149
JWST,40177853802644.6,1.7,3.2002982381743927,0.3200298238174393
JWST,40173549570749.64,1.7,3.233711532745643,0.3233711532745644
JWST,40169246260975.984,1.7,3.2562899386071344,0.3256289938607135
JWST,40164943873027.36,1.7,3.2826087007319957,0.3282608700731996
JWST,40160642406607.58,1.7,3.2602440430074884,0.32602440430074886
JWST,40156341861420.61,1.7,3.206569326140217,0.32065693261402173
JWST,40152042237170.53,1.7,3.217438178816469,0.32174381788164697
JWST,40147743533561.56,1.7,3.267996849348871,0.3267996849348871
JWST,40143445750298.04,1.7,3.305930555097569,0.33059305550975693
JWST,40139148887084.42,1.7,3.2835640694019377,0.3283564069401938
JWST,40134852943625.305,1.7,3.248676323410037,0.32486763234100374
JWST,40130557919625.41,1.7,3.238342645309198,0.32383426453091985
JWST,40126263814789.57,1.7,3.2624730925221663,0.3262473092522167
JWST,40121970628822.766,1.7,3.276406490076507,0.3276406490076507
JWST,40117678361430.1,1.7,3.275901240827024,0.32759012408270244
JWST,40113387012316.77,1.7,3.2653078682492627,0.32653078682492626
JWST,40109096581188.164,1.7,3.3341017951415104,0.33341017951415103
JWST,40104807067749.72,1.7,3.28831318175425,0.328831318175425
JWST,40100518471707.06,1.7,3.2867829227194907,0.3286782922719491
JWST,40096230792765.91,1.7,3.2324976070172218,0.3232497607017222
JWST,40091944030632.12,1.7,3.2246461402839577,0.32246461402839577
JWST,40087658185011.66,1.7,3.295582543543687,0.3295582543543687
JWST,40083373255610.64,1.7,3.3240932201783626,0.3324093220178363
JWST,40079089242135.3,1.7,3.3086819193185257,0.3308681919318526
JWST,40074806144291.984,1.7,3.2699714515425744,0.3269971451542575
JWST,40070523961787.18,1.7,3.2541460298666145,0.32541460298666147
JWST,40066242694327.49,1.7,3.2574291628508063,0.3257429162850806
JWST,40061962341619.64,1.7,3.3151549704916548,0.33151549704916544
JWST,40057682903370.51,1.7,3.3312115377890748,0.3331211537789075
JWST,40053404379287.055,1.7,3.2944139007101514,0.32944139007101514
JWST,40049126769076.4,1.7,3.3000683753665228,0.3300068375366523
JWST,40044850072445.766,1.7,3.2675255620358445,0.32675255620358445
JWST,40040574289102.52,1.7,3.242097223626349,0.3242097223626349
JWST,40036299418754.16,1.7,3.2430743223296465,0.32430743223296465
JWST,40032025461108.25,1.7,3.2634513923157145,0.3263451392315715
JWST,40027752415872.56,1.7,3.248687712331834,0.32486877123318336
JWST,40023480282754.945,1.7,3.2557114932537687,0.3255711493253769
JWST,40019209061463.37,1.7,3.276610137655434,0.3276610137655434
JWST,40014938751705.945,1.7,3.310158387694512,0.3310158387694512
JWST,40010669353190.914,1.7,3.2757077303479223,0.3275707730347922
JWST,40006400865626.625,1.7,3.3163188915695523,0.33163188915695524
JWST,40002133288721.555,1.7,3.319074975040586,0.3319074975040586
JWST,39997866622184.31,1.7,3.358445665357154,0.33584456653571537
JWST,39993600865723.63,1.7,3.3772951942815332,0.3377295194281533
JWST,39989336019048.35,1.7,3.33743119629705,0.33374311962970504
JWST,39985072081867.46,1.7,3.293207661532445,0.3293207661532445
JWST,39980809053890.055,1.7,3.2802628914964695,0.328026289149647
JWST,39976546934825.37,1.7,3.2886917714253907,0.32886917714253905
JWST,39972285724382.74,1.7,3.281695700066414,0.32816957000664143
JWST,39968025422271.65,1.7,3.2299845244786902,0.322998452447869
JWST,39963766028201.69,1.7,3.198731634465399,0.31987316344653993
JWST,39959507541882.586,1.7,3.2837975612431713,0.32837975612431713
JWST,39955249963024.18,1.7,3.260449530065094,0.32604495300650943
JWST,39950993291336.44,1.7,3.245326885898429,0.32453268858984297
JWST,39946737526529.46,1.7,3.320761246394347,0.33207612463943476
JWST,39943279324377.81,1.7,3.1440822619047384,0.31440822619047387
JWST,39936366836717.375,1.7,3.1430510402499077,0.3143051040249908
JWST,39929456741159.87,1.7,3.2632644232899346,0.3263264423289935
JWST,39922549036463.82,1.7,3.307883081107019,0.33078830811070187
JWST,39915643721388.6,1.7,3.3136401106714115,0.3313640110671412
JWST,39908740794694.445,1.7,3.3452966980984127,0.33452966980984133
JWST,39901840255142.44,1.7,3.21090393920311,0.321090393920311
JWST,39894942101494.53,1.7,3.22259084433293,0.32225908443329304
JWST,39888046332513.52,1.7,3.2078990091084085,0.32078990091084086
JWST,39881152946963.07,1.7,3.1277223807219867,0.3127722380721987
JWST,39874261943607.695,1.7,3.14835114099125,0.314835114099125
JWST,39867373321212.75,1.7,3.163470277222044,0.3163470277222044
JWST,39860487078544.45,1.7,3.2221873918905795,0.32221873918905797
JWST,39853603214369.89,1.7,3.19793982498351,0.319793982498351
JWST,39846721727456.98,1.7,3.184930239074996,0.3184930239074996
JWST,39839842616574.48,1.7,3.205940528013713,0.3205940528013714
JWST,39832965880492.02,1.7,3.2709258617814108,0.3270925861781411
JWST,39826091517980.086,1.7,3.3182732939230553,0.3318273293923055
JWST,39819219527809.99,1.7,3.271893180064913,0.32718931800649137
JWST,39812349908753.914,1.7,3.218423930651682,0.3218423930651682
JWST,39805482659584.85,1.7,3.1715915027695543,0.31715915027695546
JWST,39798617779076.68,1.7,3.1704313727871094,0.317043137278711
JWST,39791755266004.11,1.7,3.169092815808857,0.3169092815808857
JWST,39784895119142.69,1.7,3.1492635502554647,0.3149263550255465
JWST,39778037337268.81,1.7,3.057787655154447,0.30577876551544475
JWST,39771181919159.734,1.7,3.100995926379058,0.3100995926379058
JWST,39764328863593.52,1.7,3.104443854981635,0.31044438549816356
JWST,39757478169349.12,1.7,3.1180996088779107,0.3118099608877911
JWST,39750629835206.28,1.7,3.1184556605340124,0.3118455660534013
JWST,39743783859945.62,1.7,3.2652354621629245,0.3265235462162924
JWST,39736940242348.58,1.7,3.2819176000947077,0.3281917600094708
JWST,39730098981197.45,1.7,3.17923033728771,0.317923033728771
JWST,39723260075275.375,1.7,3.1873277945262215,0.31873277945262213
JWST,39716423523366.29,1.7,3.13723998165299,0.31372399816529906
JWST,39709589324255.0,1.7,3.149471581302681,0.31494715813026813
JWST,39702757476727.16,1.7,3.17370357632188,0.317370357632188
JWST,39695927979569.23,1.7,3.1695390455029178,0.31695390455029177
JWST,39689100831568.51,1.7,3.1935299478797456,0.31935299478797463
JWST,39682276031513.16,1.7,3.138083577497082,0.3138083577497083
JWST,39675453578192.13,1.7,3.123968583305319,0.3123968583305319
JWST,39668633470395.25,1.7,3.131860652294976,0.3131860652294976
JWST,39661815706913.15,1.7,3.143518307140863,0.31435183071408634
JWST,39655000286537.3,1.7,3.1028327047553175,0.3102832704755318
JWST,39648187208060.0,1.7,3.1002379877766635,0.31002379877766634
JWST,39641376470274.38,1.7,3.164928870191303,0.3164928870191303
JWST,39634568071974.414,1.7,3.1828574576288404,0.31828574576288404
JWST,39627762011954.875,1.7,3.2584254493648306,0.3258425449364831
JWST,39620958289011.38,1.7,3.091928148471306,0.3091928148471307
JWST,39614156901940.375,1.7,3.2113027847538302,0.321130278475383
JWST,39607357849539.13,1.7,3.193436312493943,0.3193436312493943
JWST,39600561130605.75,1.7,3.1976168051964726,0.31976168051964726
JWST,39593766743939.14,1.7,3.2502783154309376,0.3250278315430938
JWST,39586974688339.05,1.7,3.2565523883999417,0.3256552388399942
JWST,39580184962606.04,1.7,3.178402866575853,0.31784028665758535
JWST,39573397565541.51,1.7,3.2009355492526925,0.32009355492526925
JWST,39566612495947.664,1.7,3.1499218817493033,0.31499218817493035
JWST,39559829752627.55,1.7,3.216559535957191,0.32165595359571914
JWST,39553049334385.0,1.7,3.275196377512035,0.3275196377512036
JWST,39546271240024.71,1.7,3.252535767555901,0.32525357675559013
JWST,39539495468352.164,1.7,3.2054824745340524,0.32054824745340527
JWST,39532722018173.67,1.7,3.1801926476705757,0.31801926476705755
JWST,39525950888296.36,1.7,3.1021257786096554,0.31021257786096557
JWST,39519182077528.19,1.7,3.046067130138579,0.3046067130138579
JWST,39512415584677.91,1.7,3.087499632366312,0.30874996323663123
JWST,39505651408555.1,1.7,3.118073338850408,0.31180733388504084
JWST,39498889547970.164,1.7,3.119109560910278,0.3119109560910278
JWST,39492130001734.3,1.7,3.125614497405997,0.31256144974059974
JWST,39485372768659.53,1.7,3.2002056978193223,0.3200205697819323
JWST,39478617847558.7,1.7,3.2339542080619204,0.32339542080619205
JWST,39471865237245.445,1.7,3.1608043168227393,0.31608043168227395
JWST,39465114936534.234,1.7,3.1725271291633685,0.31725271291633683
JWST,39458366944240.33,1.7,3.180163468654001,0.3180163468654001
JWST,39451621259179.805,1.7,3.1809488036910745,0.3180948803691075
JWST,39444877880169.56,1.7,3.0934570575051694,0.309345705750517
JWST,39438136806027.29,1.7,3.0857541938947644,0.30857541938947647
JWST,39431398035571.5,1.7,3.1463778620138934,0.3146377862013893
JWST,39424661567621.5,1.7,3.1802296833903214,0.3180229683390322
JWST,39417927400997.42,1.7,3.1269048704648457,0.31269048704648456
JWST,39411195534520.17,1.7,3.1645976488749783,0.31645976488749783
JWST,39404465967011.49,1.7,3.1959379531178227,0.3195937953117822
JWST,39397738697293.92,1.7,3.267725250296734,0.3267725250296734
JWST,39391013724190.8,1.7,3.266844071183588,0.32668440711835883
JWST,39384291046526.266,1.7,3.232636145323264,0.32326361453232644
JWST,39377570663125.26,1.7,3.2371681597069832,0.32371681597069835
JWST,39370852572813.54,1.7,3.233522575375664,0.3233522575375664
JWST,39364136774417.65,1.7,3.22941421693409,0.322941421693409
JWST,39357423266764.94,1.7,3.205631403134086,0.3205631403134086
JWST,39350712048683.555,1.7,3.1658842663037845,0.3165884266303785
JWST,39344003119002.45,1.7,3.108251193059247,0.31082511930592477
JWST,39337296476551.375,1.7,3.1453047213892713,0.31453047213892715
JWST,39330592120160.86,1.7,3.1156833266825488,0.31156833266825495
JWST,39323890048662.266,1.7,3.1153535679910282,0.3115353567991028
JWST,39317190260887.7,1.7,3.1193840194627094,0.311938401946271
JWST,39310492755670.14,1.7,3.1779970484669113,0.3177997048466912
JWST,39303797531843.28,1.7,3.263153549930621,0.32631535499306213
JWST,39297104588241.66,1.7,3.225308761346642,0.3225308761346642
JWST,39290413923700.586,1.7,3.275076264536385,0.3275076264536385
JWST,39283725537056.17,1.7,3.216780439115928,0.3216780439115928
JWST,39277039427145.33,1.7,3.2659706380910554,0.3265970638091056
JWST,39270355592805.74,1.7,3.258470677157304,0.3258470677157304
JWST,39263674032875.89,1.7,3.2310533164847004,0.32310533164847005
JWST,39256994746195.07,1.7,3.1329227102977244,0.3132922710297724
JWST,39250317731603.336,1.7,3.1280715162556527,0.31280715162556527
JWST,39243642987941.53,1.7,3.124746471256121,0.31247464712561207
JWST,39236970514051.31,1.7,3.1363939946094685,0.3136393994609469
JWST,39230300308775.1,1.7,3.2159532921822116,0.32159532921822115
JWST,39223632370956.125,1.7,3.1588802251839327,0.31588802251839326
JWST,39216966699438.38,1.7,3.182829939457383,0.31828299394573834
JWST,39210303293066.66,1.7,3.229090820061333,0.32290908200613333
JWST,39203642150686.54,1.7,3.28844157349629,0.328844157349629
JWST,39196983271144.36,1.7,3.2726084036429985,0.32726084036429987
JWST,39190326653287.29,1.7,3.206339381880203,0.3206339381880203
JWST,39183672295963.24,1.7,3.183719304993728,0.3183719304993728
JWST,39177020198020.92,1.7,3.1258165290210393,0.312581652902104
JWST,39170370358309.82,1.7,3.150496181105634,0.3150496181105634
JWST,39163722775680.21,1.7,3.202513724366983,0.3202513724366983
JWST,39157077448983.14,1.7,3.168501826978887,0.31685018269788867
JWST,39150434377070.45,1.7,3.136383111741679,0.3136383111741679
JWST,39143793558794.73,1.7,3.1754150373709242,0.31754150373709245
JWST,39137154993009.38,1.7,3.2294225095357856,0.3229422509535786
JWST,39130518678568.58,1.7,3.3085171029807987,0.33085171029807986
JWST,39123884614327.234,1.7,3.3048445990438897,0.330484459904389
JWST,39117252799141.1,1.7,3.2777991072316564,0.32777991072316565
JWST,39110623231866.64,1.7,3.2566253170882264,0.32566253170882264
JWST,39103995911361.16,1.7,3.287768644594814,0.3287768644594814
JWST,39097370836482.67,1.7,3.2553832038776425,0.32553832038776426
JWST,39090748006090.0,1.7,3.2031875654886757,0.3203187565488676
JWST,39084127419042.76,1.7,3.150114801045502,0.3150114801045502
JWST,39077509074201.27,1.7,3.1334743151150946,0.31334743151150946
JWST,39070892970426.71,1.7,3.1519525673287028,0.3151952567328703
JWST,39064279106580.97,1.7,3.100900704278151,0.3100900704278151
JWST,39057667481526.72,1.7,3.188123027541226,0.3188123027541226
JWST,39051058094127.41,1.7,3.136297815985754,0.3136297815985754
JWST,39044450943247.25,1.7,3.1898023599768623,0.3189802359976862
JWST,39037846027751.25,1.7,3.1966772025444,0.31966772025444
JWST,39031243346505.13,1.7,3.1973008857239837,0.31973008857239843
JWST,39024642898375.43,1.7,3.2101465232549606,0.3210146523254961
JWST,39018044682229.43,1.7,3.2052860595582877,0.32052860595582877
JWST,39011448696935.18,1.7,3.234541262788576,0.3234541262788576
JWST,39004854941361.49,1.7,3.2285713820535835,0.32285713820535833
JWST,38998263414377.97,1.7,3.2449229930196797,0.324492299301968
JWST,38991674114854.93,1.7,3.189124780732035,0.31891247807320355
JWST,38985087041663.51,1.7,3.1357901376361164,0.3135790137636117
JWST,38978502193675.56,1.7,3.146133689963777,0.3146133689963777
JWST,38971919569763.73,1.7,3.2080735022653784,0.32080735022653784
JWST,38965339168801.4,1.7,3.1809001324972224,0.31809001324972225
JWST,38958760989662.734,1.7,3.196898135216113,0.31968981352161135
JWST,38952185031222.66,1.7,3.2074554728164255,0.32074554728164256
JWST,38945611292356.836,1.7,3.199510625376237,0.31995106253762373
JWST,38939039771941.7,1.7,3.1853555125876745,0.3185355512587675
JWST,38932470468854.46,1.7,3.167072529639047,0.31670725296390473
JWST,38925903381973.05,1.7,3.2010807976526183,0.32010807976526184
JWST,38919338510176.18,1.7,3.177072113383834,0.3177072113383834
JWST,38912775852343.32,1.7,3.2224011300524684,0.32224011300524685
JWST,38906215407354.69,1.7,3.2094444270358244,0.32094444270358247
JWST,38899657174091.26,1.7,3.228185852525607,0.3228185852525607
JWST,38893101151434.75,1.7,3.20970047365798,0.32097004736579804
JWST,38886547338267.66,1.7,3.1701285654977798,0.31701285654977795
JWST,38879995733473.22,1.7,3.1979270705308256,0.3197927070530826
JWST,38873446335935.414,1.7,3.2266474614940313,0.32266474614940316
JWST,38866899144538.984,1.7,3.238103146230716,0.3238103146230717
JWST,38860354158169.43,1.7,3.230615412618411,0.3230615412618411
JWST,38853811375712.98,1.7,3.2419052397380264,0.32419052397380266
JWST,38847270796056.63,1.7,3.3117667639997115,0.33117667639997117
JWST,38840732418088.125,1.7,3.1689524319987896,0.316895243199879
JWST,38834196240695.95,1.7,3.186756688706647,0.31867566887066473
JWST,38827662262769.36,1.7,3.16870940630145,0.31687094063014504
JWST,38821130483198.305,1.7,3.174167474072874,0.3174167474072874
JWST,38814600900873.555,1.7,3.1696882491972582,0.31696882491972583
JWST,38808073514686.56,1.7,3.1977731551691497,0.319777315516915
JWST,38801548323529.57,1.7,3.169869538864131,0.31698695388641307
JWST,38795025326295.53,1.7,3.217708763699493,0.3217708763699493
JWST,38788504521878.164,1.7,3.192294439810388,0.3192294439810388
JWST,38781985909171.93,1.7,3.1969122324206376,0.31969122324206384
JWST,38775469487072.02,1.7,3.1610399103296687,0.3161039910329669
JWST,38768955254474.39,1.7,3.2503440705346924,0.32503440705346925
JWST,38762443210275.71,1.7,3.288723926156866,0.32887239261568657
JWST,38755933353373.41,1.7,3.2176372399410385,0.32176372399410386
JWST,38749425682665.664,1.7,3.1878207095267044,0.31878207095267047
JWST,38742920197051.37,1.7,3.2259827154466665,0.3225982715446667
JWST,38736416895430.164,1.7,3.293403925589281,0.3293403925589281
JWST,38729915776702.445,1.7,3.2439952705900743,0.3243995270590075
JWST,38723416839769.32,1.7,3.074931207558546,0.30749312075585467
JWST,38716920083532.67,1.7,3.1346446784324398,0.31346446784324394
JWST,38710425506895.08,1.7,3.1890355734898725,0.3189035573489873
JWST,38703933108759.87,1.7,3.2277919861917623,0.32277919861917626
JWST,38697442888031.12,1.7,3.26363828154866,0.3263638281548661
JWST,38690954843613.625,1.7,3.247323431341787,0.3247323431341787
JWST,38684468974412.94,1.7,3.2213631680076205,0.32213631680076205
JWST,38677985279335.33,1.7,3.2741483236036495,0.327414832360365
JWST,38671503757287.77,1.7,3.2982534270474786,0.3298253427047479
JWST,38665024407178.04,1.7,3.180749316816871,0.3180749316816871
JWST,38658547227914.58,1.7,3.1135629232254636,0.3113562923225464
JWST,38652072218406.6,1.7,3.160009930344634,0.3160009930344634
JWST,38645599377564.03,1.7,3.1225846598436284,0.31225846598436285
JWST,38639128704297.53,1.7,3.1829607241369358,0.31829607241369356
JWST,38632660197518.49,1.7,3.22759182280575,0.32275918228057504
JWST,38626193856139.03,1.7,3.169657735371031,0.3169657735371031
JWST,38619729679071.984,1.7,3.1426253059730604,0.314262530597306
JWST,38613267665230.95,1.7,3.20369215174697,0.320369215174697
JWST,38606807813530.21,1.7,3.2359418415817855,0.3235941841581786
JWST,38600350122884.805,1.7,3.217212911763152,0.3217212911763152
JWST,38593894592210.484,1.7,3.160571118048984,0.31605711180489837
JWST,38587441220423.73,1.7,3.1588767689646295,0.31588767689646297
JWST,38580990006441.734,1.7,3.183854019670632,0.3183854019670632
JWST,38574540949182.43,1.7,3.1597798002478075,0.3159779800247808
JWST,38568094047564.484,1.7,3.159704602669055,0.31597046026690556
JWST,38561649300507.25,1.7,3.082355326626992,0.3082355326626992
JWST,38555206706930.83,1.7,3.1346352270179656,0.31346352270179656
JWST,38548766265756.05,1.7,3.140165711142791,0.31401657111427916
JWST,38542327975904.43,1.7,3.167743826074104,0.3167743826074104
JWST,38535891836298.25,1.7,3.1704057914512873,0.3170405791451288
JWST,38529457845860.484,1.7,3.1381765824804266,0.3138176582480427
JWST,38523026003514.81,1.7,3.199958615293818,0.31999586152938186
JWST,38516596308185.67,1.7,3.1938521261705626,0.31938521261705627
JWST,38510168758798.195,1.7,3.183704281591404,0.3183704281591404
JWST,38503743354278.22,1.7,3.1836546358638587,0.3183654635863859
JWST,38497320093552.32,1.7,3.2320282853703315,0.3232028285370332
JWST,38490898975547.79,1.7,3.1789013833309463,0.31789013833309465
JWST,38484479999192.625,1.7,3.1717026163173525,0.3171702616317353
JWST,38478063163415.54,1.7,3.1627686073542907,0.3162768607354291
JWST,38471648467145.95,1.7,3.1868512551277117,0.3186851255127712
JWST,38465235909314.02,1.7,3.1757452662464645,0.31757452662464647
JWST,38458825488850.6,1.7,3.2095645422627106,0.32095645422627106
JWST,38452417204687.26,1.7,3.176426494119189,0.31764264941191894
JWST,38446011055756.27,1.7,3.1982794030724593,0.31982794030724593
JWST,38439607040990.64,1.7,3.2150338114539228,0.3215033811453923
JWST,38433205159324.06,1.7,3.205026169930006,0.32050261699300064
JWST,38426805409690.945,1.7,3.182047531269302,0.31820475312693025
JWST,38420407791026.43,1.7,3.213406024010068,0.32134060240100687
JWST,38414012302266.336,1.7,3.2241295670104213,0.32241295670104214
JWST,38407618942347.2,1.7,3.241184690194823,0.3241184690194823
JWST,38401227710206.29,1.7,3.234026221392662,0.32340262213926624
JWST,38394838604781.55,1.7,3.266289818164547,0.3266289818164547
JWST,38388451625011.625,1.7,3.2820419033286994,0.32820419033287
JWST,38382066769835.914,1.7,3.2334901889829446,0.3233490188982945
JWST,38375684038194.46,1.7,3.218756075650971,0.32187560756509714
JWST,38369303429028.08,1.7,3.373495612111927,0.33734956121119275
JWST,38362924941278.234,1.7,3.2747385117602072,0.32747385117602074
JWST,38356548573887.1,1.7,3.223165004941049,0.32231650049410493
JWST,38350174325797.59,1.7,3.214575457564918,0.3214575457564918
JWST,38343802195953.28,1.7,3.229493661623731,0.3229493661623731
JWST,38337432183298.484,1.7,3.2180661545475404,0.32180661545475403
JWST,38331064286778.18,1.7,3.2570237787336955,0.3257023778733696
JWST,38324698505338.07,1.7,3.2720091651442917,0.32720091651442923
JWST,38318334837924.555,1.7,3.2273983481797526,0.3227398348179753
JWST,38311973283484.73,1.7,3.262499819247922,0.3262499819247922
JWST,38305613840966.39,1.7,3.2731375712450115,0.32731375712450117
JWST,38299256509318.04,1.7,3.263480261053404,0.3263480261053404
JWST,38292901287488.85,1.7,3.212970667520258,0.32129706675202585
JWST,38286548174428.74,1.7,3.197728345091438,0.31977283450914384
JWST,38280197169088.266,1.7,3.2451259097904783,0.32451259097904783
JWST,38273848270418.74,1.7,3.2305540788489995,0.3230554078849
JWST,38267501477372.125,1.7,3.1877370152831888,0.3187737015283189
JWST,38261156788901.08,1.7,3.1980691190030064,0.31980691190030064
JWST,38254814203959.0,1.7,3.2052492856904458,0.3205249285690446
JWST,38248473721499.945,1.7,3.2468116900890487,0.3246811690089049
JWST,38242135340478.64,1.7,3.204686352344369,0.32046863523443686
JWST,38235799059850.57,1.7,3.251273973525685,0.32512739735256846
JWST,38229464878571.85,1.7,3.1958293329249936,0.31958293329249937
JWST,38223132795599.33,1.7,3.2016807781205916,0.3201680778120592
JWST,38216802809890.52,1.7,3.1685455047052398,0.316854550470524
JWST,38210474920403.63,1.7,3.2048255671231525,0.3204825567123153
JWST,38204149126097.586,1.7,3.255274260831592,0.3255274260831592
JWST,38197825425931.95,1.7,3.2476511064800957,0.3247651106480096
JWST,38191503818867.02,1.7,3.231976774434424,0.3231976774434424
JWST,38185184303863.78,1.7,3.335702054248224,0.3335702054248224
JWST,38178866879883.85,1.7,3.2820727555306677,0.3282072755530668
JWST,38172551545889.6,1.7,3.2169442130667263,0.32169442130667264
JWST,38166238300844.055,1.7,3.250031506576647,0.3250031506576647
JWST,38159927143710.94,1.7,3.293319562311578,0.32933195623115785
JWST,38153618073454.64,1.7,3.2487107773739914,0.32487107773739915
JWST,38147311089040.24,1.7,3.2472987639510666,0.3247298763951067
JWST,38141006189433.53,1.7,3.2282563253514476,0.3228256325351448
JWST,38134703373600.95,1.7,3.1650875013551696,0.316508750135517
JWST,38128402640509.64,1.7,3.213373939159663,0.32133739391596633
JWST,38122103989127.43,1.7,3.2516759671142554,0.3251675967114256
JWST,38115807418422.8,1.7,3.21123652096189,0.321123652096189
JWST,38109512927364.95,1.7,3.2421588504173746,0.3242158850417375
JWST,38103220514923.75,1.7,3.247032064526852,0.3247032064526852
JWST,38096930180069.71,1.7,3.1869229233905143,0.31869229233905144
JWST,38090641921774.1,1.7,3.1566578671150634,0.31566578671150636
JWST,38084355739008.78,1.7,3.1325230365981027,0.3132523036598103
JWST,38078071630746.37,1.7,3.1177623874367124,0.3117762387436713
JWST,38071789595960.11,1.7,3.2169233081685764,0.32169233081685766
JWST,38065509633623.92,1.7,3.079805499317335,0.30798054993173357
JWST,38059231742712.45,1.7,3.1451832183910655,0.3145183218391066
JWST,38052955922200.96,1.7,3.2184841578435592,0.32184841578435597
JWST,38046682171065.44,1.7,3.236237145939582,0.3236237145939582
JWST,38040410488282.516,1.7,3.2039846459179095,0.320398464591791
JWST,38034140872829.5,1.7,3.1420027871372254,0.3142002787137225
JWST,38027873323684.4,1.7,3.119016713016779,0.31190167130167795
JWST,38021607839825.86,1.7,3.1583009582721457,0.3158300958272146
JWST,38015344420233.22,1.7,3.1711786222342226,0.31711786222342225
JWST,38009083063886.51,1.7,3.155978840001537,0.3155978840001537
JWST,38002823769766.375,1.7,3.1196339092607492,0.31196339092607495
JWST,37996566536854.2,1.7,3.1853090438969294,0.318530904389693
JWST,37990311364132.0,1.7,3.2665808978432502,0.32665808978432503
JWST,37984058250582.445,1.7,3.2863434407376118,0.3286343440737612
JWST,37977807195188.93,1.7,3.227151403366422,0.3227151403366422
JWST,37971558196935.46,1.7,3.2212122050100325,0.3221212205010033
JWST,37965311254806.76,1.7,3.1991246783876313,0.31991246783876315
JWST,37959066367788.18,1.7,2.956378200693274,0.29563782006932743
JWST,37952823534865.76,1.7,3.1355118067440753,0.3135511806744075
JWST,37946582755026.21,1.7,3.168300889727133,0.3168300889727133
JWST,37940344027256.89,1.7,3.2379549151403384,0.32379549151403386
JWST,37934107350545.85,1.7,3.203760742590348,0.3203760742590348
JWST,37927872723881.77,1.7,3.188779367915348,0.31887793679153487
JWST,37921640146254.03,1.7,3.2401497902036906,0.3240149790203691
JWST,37915409616652.66,1.7,3.276329857698847,0.3276329857698847
JWST,37909181134068.336,1.7,3.31843021434966,0.331843021434966
JWST,37902954697492.43,1.7,3.3069675877609286,0.33069675877609284
JWST,37896730305916.95,1.7,3.2300133332189382,0.32300133332189385
JWST,37890507958334.586,1.7,3.188011945017797,0.3188011945017797
JWST,37884287653738.69,1.7,3.2377534965587147,0.32377534965587146
JWST,37878069391123.24,1.7,3.197731112806058,0.3197731112806058
JWST,37871853169482.91,1.7,3.1741401720009423,0.3174140172000942
JWST,37865638987813.03,1.7,3.2113158233055845,0.32113158233055844
JWST,37859426845109.57,1.7,3.186840934521998,0.31868409345219983
JWST,37853216740369.19,1.7,3.181846456748911,0.31818464567489113
JWST,37847008672589.17,1.7,3.233784073023923,0.3233784073023923
JWST,37840802640767.47,1.7,3.190020835146588,0.3190020835146588
JWST,37834598643902.72,1.7,3.205281330112413,0.3205281330112413
JWST,37828396680994.17,1.7,3.242056270135247,0.32420562701352473
JWST,37822196751041.766,1.7,3.2536399262820574,0.3253639926282058
JWST,37815998853046.086,1.7,3.2498173208540457,0.3249817320854046
JWST,37809802986008.35,1.7,3.2357944282944477,0.3235794428294448
JWST,37803609148930.48,1.7,3.2198582877856774,0.32198582877856774
JWST,37797417340814.99,1.7,3.2074425864355347,0.3207442586435535
JWST,37791227560665.09,1.7,3.2771005485671485,0.3277100548567149
JWST,37785039807484.66,1.7,3.2386360289963996,0.32386360289964
JWST,37778854080278.16,1.7,3.222625189174414,0.32226251891744145
JWST,37772670378050.77,1.7,3.251574590234592,0.3251574590234592
JWST,37766488699808.31,1.7,3.2911114458979083,0.32911114458979085
JWST,37760309044557.21,1.7,3.1994444637527604,0.3199444463752761
JWST,37754131411304.59,1.7,3.20363210987706,0.32036321098770604
JWST,37747955799058.21,1.7,3.194701289227843,0.31947012892278426
JWST,37741782206826.484,1.7,3.1706408944366173,0.31706408944366177
JWST,37735610633618.46,1.7,3.172505575681381,0.31725055756813814
JWST,37729441078443.83,1.7,3.2056002204185954,0.32056002204185957
JWST,37723273540312.97,1.7,3.1913653609045785,0.31913653609045783
JWST,37717108018236.85,1.7,3.1882029133758025,0.3188202913375803
JWST,37710944511227.15,1.7,3.1771998065870206,0.3177199806587021
JWST,37704783018296.125,1.7,3.3038661002641683,0.33038661002641684
JWST,37698623538456.73,1.7,3.239729192704621,0.3239729192704621
JWST,37692466070722.55,1.7,3.3078012652412982,0.33078012652412986
JWST,37686310614107.8,1.7,3.2759996459124094,0.32759996459124097
JWST,37680157167627.336,1.7,3.2257427043138676,0.32257427043138676
JWST,37674005730296.7,1.7,3.204924906260347,0.3204924906260347
JWST,37667856301132.03,1.7,3.2482480348705813,0.3248248034870582
JWST,37661708879150.13,1.7,3.223753573965342,0.3223753573965342
JWST,37655563463368.445,1.7,3.28539941865203,0.328539941865203
JWST,37649420052805.03,1.7,3.248904159170256,0.3248904159170256
JWST,37643278646478.64,1.7,3.2204771140460986,0.32204771140460986
JWST,37637139243408.6,1.7,3.2400262117051795,0.324002621170518
JWST,37631001842614.95,1.7,3.2035756802748434,0.3203575680274844
JWST,37624866443118.305,1.7,3.1774659764017725,0.3177465976401773
JWST,37618733043939.94,1.7,3.249004106149646,0.3249004106149646
JWST,37612601644101.79,1.7,3.2897621556229875,0.3289762155622988
JWST,37606472242626.39,1.7,3.291788999989659,0.32917889999896593
JWST,37600344838536.945,1.7,3.172625414466789,0.31726254144667887
JWST,37594219430857.29,1.7,3.1792790242510467,0.31792790242510466
JWST,37588096018611.86,1.7,3.1874626631100034,0.31874626631100034
JWST,37581974600825.79,1.7,3.2636412369650847,0.3263641236965085
JWST,37575855176524.78,1.7,3.2053370337357405,0.3205337033735741
JWST,37569737744735.23,1.7,3.159603288560856,0.3159603288560856
JWST,37563622304484.12,1.7,3.1807087545061643,0.31807087545061646
JWST,37557508854799.086,1.7,3.2154774047754198,0.321547740477542
JWST,37551397394708.42,1.7,3.209773048631911,0.32097730486319115
JWST,37545287923241.01,1.7,3.2533460383101382,0.32533460383101387
JWST,37539180439426.37,1.7,3.2060490936691273,0.32060490936691277
JWST,37533074942294.695,1.7,3.1937569878530736,0.31937569878530736
JWST,37526971430876.76,1.7,3.1786337259869004,0.31786337259869
JWST,37520869904204.01,1.7,3.204220869557563,0.3204220869557563
JWST,37514770361308.484,1.7,3.2228975501755754,0.3222897550175575
JWST,37508672801222.87,1.7,3.1802469242669122,0.31802469242669124
JWST,37502577222980.484,1.7,3.1650948281315845,0.31650948281315844
JWST,37496483625615.266,1.7,3.133073908496746,0.3133073908496746
JWST,37490392008161.8,1.7,3.1755912245920266,0.3175591224592027
JWST,37484302369655.26,1.7,3.187198606527544,0.3187198606527544
JWST,37478214709131.48,1.7,3.1471560153966527,0.31471560153966527
JWST,37472129025626.914,1.7,3.1680814530437567,0.3168081453043757
JWST,37466045318178.625,1.7,3.253807815479681,0.3253807815479681
JWST,37459963585824.336,1.7,3.237134392725559,0.3237134392725559
JWST,37453883827602.36,1.7,3.236433724713697,0.3236433724713697
JWST,37447806042551.64,1.7,3.2080360072627365,0.3208036007262737
JWST,37441730229711.766,1.7,3.2127922793605594,0.32127922793605596
JWST,37435656388122.92,1.7,3.1660044682106725,0.3166004468210673
JWST,37429584516825.92,1.7,3.2012802027373572,0.32012802027373577
JWST,37423514614862.23,1.7,3.107080291883168,0.3107080291883168
JWST,37417446681273.88,1.7,3.0831157462143053,0.30831157462143055
JWST,37411380715103.59,1.7,3.1580360869654265,0.31580360869654267
JWST,37405316715394.66,1.7,3.1718186200618796,0.317181862006188
JWST,37399254681190.98,1.7,3.1945475809867663,0.3194547580986767
JWST,37393194611537.125,1.7,3.1605491373500163,0.31605491373500166
JWST,37387136505478.26,1.7,3.147079860489325,0.3147079860489325
JWST,37381080362060.16,1.7,3.0960269466751282,0.30960269466751283
JWST,37375026180329.23,1.7,3.010060268319899,0.3010060268319899
JWST,37368973959332.48,1.7,3.1036493169283847,0.3103649316928385
JWST,37362923698117.56,1.7,3.253183146644468,0.32531831466444683
JWST,37356875395732.71,1.7,3.2794312707294515,0.32794312707294515
JWST,37350829051226.81,1.7,3.252459134080503,0.32524591340805037
JWST,37344784663649.34,1.7,2.9532449667648106,0.29532449667648114
JWST,37338742232050.4,1.7,3.2034945611176697,0.32034945611176696
JWST,37332701755480.7,1.7,3.15791380016612,0.31579138001661206
JWST,37326663232991.58,1.7,3.1364628175138947,0.3136462817513894
JWST,37320626663634.96,1.7,3.2152353885824323,0.32152353885824325
JWST,37314592046463.43,1.7,3.2248080428146046,0.32248080428146053
JWST,37308559380530.125,1.7,3.1944852341735364,0.31944852341735364
JWST,37302528664888.84,1.7,3.2552448419091364,0.3255244841909137
JWST,37296499898593.98,1.7,3.2521785828968133,0.32521785828968136
JWST,37290473080700.516,1.7,3.201797378531432,0.32017973785314324
JWST,37284448210264.09,1.7,3.200297474603139,0.3200297474603139
JWST,37278425286340.914,1.7,3.2351399492309514,0.3235139949230952
JWST,37272404307987.83,1.7,3.2275520354934395,0.32275520354934395
JWST,37266385274262.27,1.7,3.266846349296621,0.32668463492966215
JWST,37260368184222.29,1.7,3.24728280262276,0.32472828026227607
JWST,37254353036926.56,1.7,3.205008233666883,0.32050082336668834
JWST,37248339831434.336,1.7,3.252264339775692,0.32522643397756923
JWST,37242328566805.51,1.7,3.2398116263873287,0.3239811626387329
JWST,37236319242100.54,1.7,3.290658526007039,0.3290658526007039
JWST,37230311856380.52,1.7,3.153391611765558,0.31533916117655575
JWST,37224306408707.164,1.7,3.15497790125158,0.315497790125158
JWST,37218302898142.76,1.7,3.1188337162684143,0.3118833716268415
JWST,37212301323750.195,1.7,3.229403748261152,0.3229403748261152
JWST,37206301684593.0,1.7,3.1980736473902933,0.3198073647390294
JWST,37200303979735.28,1.7,3.228463319927325,0.32284633199273255
JWST,37194308208241.76,1.7,3.197754461422007,0.31977544614220077
JWST,37188314369177.74,1.7,3.236885308614172,0.32368853086141725
JWST,37182322461609.16,1.7,3.1577130834543476,0.3157713083454348
JWST,37176332484602.52,1.7,3.1233598080227227,0.3123359808022723
JWST,37170344437224.97,1.7,3.1324088007371502,0.31324088007371503
JWST,37164358318544.23,1.7,3.1697447210957406,0.3169744721095741
JWST,37158374127628.61,1.7,3.1354360425465333,0.31354360425465333
JWST,37152391863547.05,1.7,3.1365645525093067,0.31365645525093067
JWST,37146411525369.07,1.7,3.18141358222868,0.31814135822286804
JWST,37140433112164.79,1.7,3.213037350222789,0.32130373502227894
JWST,37134456623004.95,1.7,3.084711803992555,0.30847118039925553
JWST,37128482056960.86,1.7,3.1509351297485164,0.3150935129748516
JWST,37122509413104.43,1.7,3.2050351304605953,0.3205035130460595
JWST,37116538690508.19,1.7,3.207016383682337,0.32070163836823373
JWST,37110569888245.24,1.7,3.1673871715701276,0.3167387171570128
JWST,37104603005389.3,1.7,3.158585566058293,0.31585855660582934
JWST,37098638041014.67,1.7,3.1974567191971786,0.31974567191971787
JWST,37092674994196.24,1.7,3.18106003001446,0.31810600300144604
JWST,37086713864009.52,1.7,3.222630958830845,0.32226309588308455
JWST,37080754649530.586,1.7,3.179727018246972,0.3179727018246972
JWST,37074797349836.125,1.7,3.2072804844950573,0.32072804844950575
JWST,37068841964003.41,1.7,3.1684837091763614,0.3168483709176362
JWST,37062888491110.305,1.7,3.150181179014879,0.3150181179014879
JWST,37056936930235.28,1.7,3.146757518329591,0.31467575183295915
JWST,37050987280457.38,1.7,3.229028198759833,0.32290281987598335
JWST,37045039540856.24,1.7,3.206936396599564,0.3206936396599564
JWST,37039093710512.12,1.7,3.17617091503481,0.317617091503481
JWST,37033149788505.81,1.7,3.2403345806340327,0.3240334580634033
JWST,37027207773918.76,1.7,3.2628606396880073,0.3262860639688008
JWST,37021267665832.95,1.7,3.2537677509985876,0.32537677509985874
JWST,37015329463330.98,1.7,3.2214750043303506,0.3221475004330351
JWST,37009393165496.03,1.7,3.2228258223067896,0.32228258223067896
JWST,37003458771411.875,1.7,3.2133343968648598,0.321333439686486
JWST,36997526280162.87,1.7,3.16641562185177,0.31664156218517703
JWST,36991595690833.95,1.7,3.135266162966892,0.3135266162966892
JWST,36985667002510.65,1.7,3.1376365726642437,0.3137636572664244
JWST,36979740214279.1,1.7,3.1429127512060004,0.31429127512060007
JWST,36973815325225.99,1.7,3.165330798431514,0.31653307984315143
JWST,36967892334438.6,1.7,3.155876374291904,0.3155876374291904
JWST,36961971241004.83,1.7,3.1574046860511378,0.3157404686051138
JWST,36956052044013.1,1.7,3.2274511129185526,0.3227451112918553
JWST,36950134742552.484,1.7,3.210403433265737,0.3210403433265737
JWST,36944219335712.59,1.7,3.242479653573719,0.32424796535737194
JWST,36938305822583.63,1.7,3.209082686873602,0.3209082686873602
JWST,36932394202256.39,1.7,3.1689020279873628,0.3168902027987363
JWST,36926484473822.24,1.7,3.1934841475474145,0.31934841475474146
JWST,36920576636373.14,1.7,3.192786894856131,0.3192786894856131
JWST,36914670689001.62,1.7,3.259524581259394,0.32595245812593937
JWST,36908766630800.79,1.7,3.2618776847265245,0.32618776847265246
JWST,36902864460864.34,1.7,3.1997960529991714,0.31997960529991715
JWST,36896964178286.56,1.7,3.2433514233264544,0.32433514233264543
JWST,36891065782162.3,1.7,3.1810524519074383,0.3181052451907439
JWST,36885169271586.984,1.7,3.1515373329724308,0.3151537332972431
JWST,36879274645656.62,1.7,3.2359094765253666,0.32359094765253665
JWST,36873381903467.81,1.7,3.1882225297174096,0.318822252971741
JWST,36867491044117.71,1.7,3.203352957129621,0.32033529571296215
JWST,36861602066704.055,1.7,3.234027868075709,0.3234027868075709
JWST,36855714970325.17,1.7,3.2501934051598393,0.32501934051598397
JWST,36849829754079.95,1.7,3.241240004528348,0.3241240004528348
JWST,36843946417067.88,1.7,3.1992192479139803,0.319921924791398
JWST,36838064958388.984,1.7,3.1389647034186736,0.31389647034186735
JWST,36832185377143.88,1.7,3.208329015694778,0.32083290156947786
JWST,36826307672433.78,1.7,3.231362966496651,0.32313629664966514
JWST,36820431843360.44,1.7,3.16184958000466,0.31618495800046603
JWST,36814557889026.195,1.7,3.1394071866776585,0.3139407186677659
JWST,36808685808533.97,1.7,3.205346633324903,0.32053466333249037
JWST,36802815600987.24,1.7,3.1346066076762895,0.31346066076762896
JWST,36796947265490.07,1.7,3.088233300204998,0.30882333002049983
JWST,36791080801147.086,1.7,3.119994881336406,0.3119994881336406
JWST,36785216207063.484,1.7,3.17468501891644,0.31746850189164405
JWST,36779353482345.05,1.7,3.1021170565852363,0.31021170565852363
JWST,36773492626098.09,1.7,3.1325518564947408,0.3132551856494741
JWST,36767633637429.55,1.7,3.1938157366505995,0.31938157366506
JWST,36761776515446.89,1.7,3.1667223746716715,0.31667223746716716
JWST,36755921259258.15,1.7,3.2679865876921017,0.32679865876921016
JWST,36750067867971.97,1.7,3.206260995114043,0.3206260995114043
JWST,36744216340697.5,1.7,3.127561836791445,0.3127561836791445
JWST,36738366676544.52,1.7,3.177318309761057,0.31773183097610574
JWST,36732518874623.34,1.7,3.168299970390047,0.3168299970390047
JWST,36726672934044.83,1.7,3.178465387093338,0.31784653870933377
JWST,36720828853920.45,1.7,3.242886327476293,0.3242886327476293
JWST,36714986633362.22,1.7,3.2419215666901726,0.3241921566690173
JWST,36709146271482.71,1.7,3.240236632505649,0.3240236632505649
JWST,36703307767395.07,1.7,3.2388813913930714,0.32388813913930714
JWST,36697471120213.0,1.7,3.2214073282046676,0.32214073282046674
JWST,36691636329050.78,1.7,3.2067655847317744,0.3206765584731775
JWST,36685803393023.24,1.7,3.214490859974346,0.32144908599743466
JWST,36679972311245.8,1.7,3.175429685140959,0.3175429685140959
JWST,36674143082834.38,1.7,3.212711598335571,0.3212711598335571
JWST,36668315706905.54,1.7,3.1042827750595845,0.31042827750595847
JWST,36662490182576.34,1.7,3.13295079020366,0.313295079020366
JWST,36656666508964.445,1.7,3.142554960603726,0.3142554960603726
JWST,36650844685188.04,1.7,3.173538688454329,0.3173538688454329
JWST,36645024710365.91,1.7,3.1979941196086226,0.3197994119608623
JWST,36639206583617.36,1.7,3.133793962185684,0.3133793962185684
JWST,36633390304062.29,1.7,3.0829649595058277,0.3082964959505828
JWST,36627575870821.13,1.7,3.1659160521290195,0.31659160521290197
JWST,36621763283014.9,1.7,3.175480305793833,0.3175480305793833
JWST,36615952539765.14,1.7,3.162303878006733,0.3162303878006733
JWST,36610143640193.98,1.7,3.202363484888833,0.3202363484888834
JWST,36604336583424.086,1.7,3.201541748954914,0.3201541748954914
JWST,36598531368578.695,1.7,3.177919902565318,0.3177919902565319
JWST,36592727994781.586,1.7,3.143438339713226,0.31434383397132265
JWST,36586926461157.11,1.7,3.1383580009751006,0.31383580009751005
JWST,36581126766830.15,1.7,3.152885205620055,0.3152885205620055
JWST,36575328910926.18,1.7,3.2169495409955036,0.3216949540995504
JWST,36569532892571.19,1.7,3.3017505504263824,0.3301750550426383
JWST,36563738710891.734,1.7,3.225977589643414,0.3225977589643414
JWST,36557946365014.945,1.7,3.181249616176554,0.3181249616176554
JWST,36552155854068.484,1.7,3.23584363520148,0.323584363520148
JWST,36546367177180.56,1.7,3.1936929369468845,0.3193692936946884
JWST,36540580333479.96,1.7,3.1725140128285165,0.3172514012828517
JWST,36534795322095.99,1.7,3.2015694364075435,0.32015694364075437
JWST,36529012142158.55,1.7,3.2297079809694496,0.32297079809694496
JWST,36523230792798.04,1.7,3.254532676808838,0.32545326768088384
JWST,36517451273145.44,1.7,3.21634379595444,0.321634379595444
JWST,36511673582332.29,1.7,3.235145151411955,0.3235145151411955
JWST,36505897719490.65,1.7,3.2094854370791794,0.320948543707918
JWST,36500123683753.164,1.7,3.2498479580365576,0.3249847958036558
JWST,36494351474252.984,1.7,3.304210398086499,0.33042103980864995
JWST,36488581090123.84,1.7,3.2434018391849766,0.32434018391849767
JWST,36482812530500.01,1.7,3.2116684953366232,0.3211668495336623
JWST,36477045794516.29,1.7,3.1544519995945945,0.31544519995945947
JWST,36471280881308.07,1.7,3.241876325353722,0.32418763253537225
JWST,36465517790011.24,1.7,3.2750165352604554,0.32750165352604554
JWST,36459756519762.26,1.7,3.19527610329331,0.319527610329331
JWST,36453997069698.14,1.7,3.199599122025299,0.3199599122025299
JWST,36448239438956.414,1.7,3.225363601764706,0.3225363601764706
JWST,36442483626675.19,1.7,3.221398619931841,0.3221398619931842
JWST,36436729631993.086,1.7,3.241118438360233,0.3241118438360233
JWST,36430977454049.3,1.7,3.2251077933794097,0.322510779337941
JWST,36425227091983.54,1.7,3.253526634992341,0.32535266349923414
JWST,36419478544936.086,1.7,3.31266522189338,0.33126652218933805
JWST,36413731812047.734,1.7,3.169366749213972,0.3169366749213972
JWST,36407986892459.85,1.7,3.1154044357291815,0.31154044357291816
JWST,36402243785314.31,1.7,3.1777201873209058,0.3177720187320906
JWST,36396502489753.57,1.7,3.156048996264729,0.315604899626473
JWST,36390763004920.59,1.7,3.2035593526338713,0.3203559352633872
JWST,36385025329958.89,1.7,3.2131129264280283,0.32131129264280284
JWST,36379289464012.53,1.7,3.2246512375824286,0.32246512375824293
JWST,36373555406226.1,1.7,3.206034296645598,0.32060342966455985
JWST,36367823155744.74,1.7,3.2363521017435932,0.32363521017435937
JWST,36362092711714.125,1.7,3.1405555848096443,0.31405555848096445
JWST,36356364073280.45,1.7,3.1913472847973456,0.3191347284797346
JWST,36350637239590.49,1.7,3.1966296006823467,0.31966296006823475
JWST,36344912209791.52,1.7,3.226029459462117,0.32260294594621175
JWST,36339188983031.36,1.7,3.2293183906946683,0.3229318390694668
JWST,36333467558458.39,1.7,3.211182707713139,0.32111827077131394
JWST,36327747935221.484,1.7,3.18399793187233,0.31839979318723305
JWST,36322030112470.09,1.7,3.1957524589565507,0.31957524589565506
JWST,36316314089354.19,1.7,3.208612378292323,0.3208612378292323
JWST,36310599865024.25,1.7,3.190267349690871,0.31902673496908707
JWST,36304887438631.34,1.7,3.2163266162227147,0.3216326616222715
JWST,36299176809327.02,1.7,3.1868502593256807,0.3186850259325681
JWST,36293467976263.41,1.7,3.152860780691475,0.31528607806914755
JWST,36287760938593.13,1.7,3.161161465637913,0.31611614656379133
JWST,36282055695469.37,1.7,3.1046608959549187,0.3104660895954919
JWST,36276352246045.83,1.7,3.1606845443955933,0.31606845443955933
JWST,36270650589476.734,1.7,3.193298137995855,0.3193298137995855
JWST,36264950724916.875,1.7,3.1670883657904314,0.31670883657904314
JWST,36259252651521.53,1.7,3.0887483018144257,0.30887483018144263
JWST,36253556368446.55,1.7,3.1476355705685806,0.3147635570568581
JWST,36247861874848.27,1.7,3.125485641326177,0.3125485641326177
JWST,36242169169883.61,1.7,3.170745574937765,0.3170745574937765
JWST,36236478252709.984,1.7,3.1359965093584634,0.31359965093584635
JWST,36230789122485.33,1.7,3.22398300703641,0.32239830070364106
JWST,36225101778368.125,1.7,3.2328498865073887,0.3232849886507389
JWST,36219416219517.4,1.7,3.2172435179547314,0.3217243517954731
JWST,36213732445092.664,1.7,3.1576851286137617,0.3157685128613762
JWST,36208050454253.984,1.7,3.1222739539620945,0.3122273953962095
JWST,36202370246161.97,1.7,3.122960338902352,0.31229603389023525
JWST,36196691819977.71,1.7,3.185903455134721,0.31859034551347215
JWST,36191015174862.87,1.7,3.154963528899857,0.31549635288998573
JWST,36185340309979.6,1.7,3.20963232139941,0.320963232139941
JWST,36179667224490.6,1.7,3.1179234435763763,0.31179234435763764
JWST,36173995917559.09,1.7,3.194273316139949,0.3194273316139949
JWST,36168326388348.81,1.7,3.245222825358118,0.32452228253581183
JWST,36162658636024.04,1.7,3.202999757163184,0.3202999757163184
JWST,36156992659749.56,1.7,3.1533782229650558,0.31533782229650564
JWST,36151328458690.68,1.7,3.1612050739563045,0.31612050739563047
JWST,36145666032013.25,1.7,3.137446431809158,0.31374464318091577
JWST,36140005378883.61,1.7,3.159514448399453,0.31595144483994525
JWST,36134346498468.67,1.7,3.1253815686462105,0.3125381568646211
JWST,36128689389935.81,1.7,3.1669232735441244,0.31669232735441244
JWST,36123034052452.97,1.7,3.2147003591497088,0.3214700359149709
JWST,36117380485188.586,1.7,3.21079949312492,0.321079949312492
JWST,36111728687311.63,1.7,3.251018061386245,0.32510180613862455
JWST,36106078657991.586,1.7,3.208400198653528,0.3208400198653528
JWST,36100430396398.47,1.7,3.205784128205255,0.3205784128205255
JWST,36094783901702.79,1.7,3.174047966086553,0.3174047966086553
JWST,36089139173075.61,1.7,3.158330132693342,0.3158330132693342
JWST,36083496209688.48,1.7,3.1961425331481985,0.31961425331481985
JWST,36077855010713.47,1.7,3.206971063716254,0.3206971063716254
JWST,36072215575323.21,1.7,3.1897722401611803,0.31897722401611805
JWST,36066577902690.79,1.7,3.2009804197032277,0.32009804197032277
JWST,36060941991989.85,1.7,3.20748960961663,0.320748960961663
JWST,36055307842394.55,1.7,3.1894227461737237,0.3189422746173724
JWST,36049675453079.53,1.7,3.1810862572626446,0.31810862572626447
JWST,36044044823220.01,1.7,3.2113760281030492,0.32113760281030496
JWST,36038415951991.64,1.7,3.1910493423001323,0.31910493423001324
JWST,36032788838570.664,1.7,3.1782716875693096,0.31782716875693096
JWST,36027163482133.805,1.7,3.2119144562530555,0.3211914456253056
JWST,36021539881858.28,1.7,3.225573765378314,0.32255737653783145
JWST,36015918036921.87,1.7,3.2014206062189228,0.32014206062189227
JWST,36010297946502.83,1.7,3.193584952251229,0.3193584952251229
JWST,36004679609779.92,1.7,3.2346738967926445,0.32346738967926447
JWST,35999063025932.46,1.7,3.248769688743962,0.3248769688743962
JWST,35993448194140.24,1.7,3.244450859411156,0.3244450859411156
JWST,35987835113583.58,1.7,3.2147084332153653,0.3214708433215365
JWST,35982223783443.305,1.7,3.255163233717701,0.32551632337177017
JWST,35976614202900.75,1.7,3.2198250255898713,0.32198250255898714
JWST,35971006371137.766,1.7,3.1981903862007157,0.3198190386200716
JWST,35965400287336.7,1.7,3.1855476162847274,0.31855476162847274
JWST,35959795950680.44,1.7,3.1611694815980615,0.3161169481598062
JWST,35954193360352.35,1.7,3.0489252190363114,0.30489252190363114
JWST,35948592515536.305,1.7,2.9772753400764818,0.2977275340076482
JWST,35942993415416.73,1.7,3.0703009578257814,0.30703009578257817
JWST,35937396059178.484,1.7,3.1454086218880963,0.31454086218880967
JWST,35931800446007.016,1.7,3.1820343027071067,0.3182034302707107
JWST,35926206575088.23,1.7,3.1900175444210053,0.31900175444210055
JWST,35920614445608.53,1.7,3.2360531850036063,0.3236053185003607
JWST,35915024056754.875,1.7,3.247504908584735,0.3247504908584735
JWST,35909435407714.69,1.7,3.2235075538953564,0.3223507553895356
JWST,35903848497675.91,1.7,3.225471846733714,0.32254718467337146
JWST,35898263325826.99,1.7,3.2364917360265135,0.32364917360265133
JWST,35892679891356.875,1.7,3.2285834115314844,0.3228583411531485
JWST,35887098193455.04,1.7,3.173687183653503,0.3173687183653503
JWST,35881518231311.43,1.7,3.1714479036406265,0.3171447903640627
JWST,35875940004116.51,1.7,3.1632230533391352,0.31632230533391353
JWST,35870363511061.25,1.7,3.2357760687132635,0.32357760687132636
JWST,35864788751337.12,1.7,3.163173798049703,0.3163173798049703
JWST,35859215724136.1,1.7,3.1558734419743195,0.31558734419743195
JWST,35853644428650.664,1.7,3.141173617588226,0.3141173617588226
JWST,35848074864073.77,1.7,3.1518068066043887,0.3151806806604389
JWST,35842507029598.93,1.7,3.0908953603408293,0.30908953603408296
JWST,35836940924420.09,1.7,3.1549650110744025,0.31549650110744026
JWST,35831376547731.76,1.7,3.1980800104723044,0.3198080010472305
JWST,35825813898728.91,1.7,3.155823533028135,0.3155823533028135
JWST,35820252976607.0,1.7,3.2351001555964345,0.3235100155596434
JWST,35814693780562.04,1.7,3.2272981422839786,0.3227298142283979
JWST,35809136309790.49,1.7,3.18130759187567,0.318130759187567
JWST,35803580563489.33,1.7,3.145898013349564,0.31458980133495645
JWST,35798026540856.05,1.7,3.1538085715588307,0.3153808571558831
JWST,35792474241088.59,1.7,3.1883930798003752,0.3188393079800375
JWST,35786923663385.47,1.7,3.154987015845194,0.3154987015845194
JWST,35781374806945.62,1.7,3.0859916199446293,0.30859916199446297
JWST,35775827670968.51,1.7,3.1476007203550913,0.31476007203550915
JWST,35770282254654.12,1.7,3.209777806981645,0.32097778069816457
JWST,35764738557202.88,1.7,3.2677341619188334,0.3267734161918834
JWST,35759196577815.77,1.7,3.1843641023377147,0.31843641023377145
JWST,35753656315694.23,1.7,3.2088854090257133,0.32088854090257135
JWST,35748117770040.19,1.7,3.2915950820713507,0.3291595082071351
JWST,35742580940056.1,1.7,3.303203443044343,0.3303203443044343
JWST,35737045824944.88,1.7,3.2838808360013174,0.3283880836001318
JWST,35731512423909.98,1.7,3.204403684057897,0.3204403684057897
JWST,35725980736155.29,1.7,3.224580864848449,0.3224580864848449
JWST,35720450760885.22,1.7,3.2357283050160857,0.32357283050160857
JWST,35714922497304.7,1.7,3.123733152954517,0.31237331529545176
JWST,35709395944619.11,1.7,3.227636599348907,0.32276365993489076
JWST,35703871102034.336,1.7,3.2218677660351385,0.32218677660351386
JWST,35698347968756.766,1.7,3.231607383287969,0.3231607383287969
JWST,35692826543993.25,1.7,3.2249329994348934,0.32249329994348935
JWST,35687306826951.18,1.7,3.1910498508043204,0.31910498508043206
JWST,35681788816838.38,1.7,3.1606973018643982,0.31606973018643986
JWST,35676272512863.195,1.7,3.1411291332840228,0.3141129133284023
JWST,35670757914234.47,1.7,3.176612868215013,0.31766128682150135
JWST,35665245020161.51,1.7,3.2342898803892774,0.3234289880389277
JWST,35659733829854.125,1.7,3.201130507653438,0.32011305076534385
JWST,35654224342522.62,1.7,3.1607397883369726,0.3160739788336973
JWST,35648716557377.76,1.7,3.1681420030942617,0.31681420030942625
JWST,35643210473630.836,1.7,3.2464463155410113,0.3246446315541011
JWST,35637706090493.6,1.7,3.2839663803300234,0.32839663803300234
JWST,35632203407178.305,1.7,3.2848680892958986,0.32848680892958987
JWST,35626702422897.67,1.7,3.2793401546385437,0.3279340154638544
JWST,35621203136864.914,1.7,3.245567358739308,0.3245567358739308
JWST,35615705548293.76,1.7,3.2958390553095707,0.32958390553095707
JWST,35610209656398.375,1.7,3.2982904973056537,0.32982904973056537
JWST,35604715460393.445,1.7,3.303080395775694,0.33030803957756943
JWST,35599222959494.13,1.7,3.170295832474243,0.31702958324742436
JWST,35593732152916.07,1.7,3.2013745500696085,0.32013745500696084
JWST,35588243039875.4,1.7,3.2448946933677907,0.3244894693367791
JWST,35582755619588.71,1.7,3.1244819285588044,0.3124481928558805
JWST,35577269891273.11,1.7,3.1559675107203855,0.31559675107203855
JWST,35571785854146.18,1.7,3.189572050388084,0.3189572050388084
JWST,35566303507425.96,1.7,3.2089284353621057,0.3208928435362106
JWST,35560822850331.01,1.7,3.268813245134492,0.32688132451344926
JWST,35555343882080.34,1.7,3.2286785518144696,0.32286785518144695
JWST,35549866601893.47,1.7,3.23885039812429,0.32388503981242905
JWST,35544391008990.36,1.7,3.255052367076573,0.3255052367076573
JWST,35538917102591.49,1.7,3.2258461028828505,0.3225846102882851
JWST,35533444881917.805,1.7,3.2148657121563144,0.32148657121563146
JWST,35527974346190.734,1.7,3.187281570171149,0.3187281570171149
JWST,35522505494632.164,1.7,3.2720272019370116,0.3272027201937012
JWST,35517038326464.49,1.7,3.239385009452859,0.3239385009452859
JWST,35511572840910.58,1.7,3.1864582479996244,0.31864582479996245
JWST,35506109037193.76,1.7,3.211163173359072,0.32111631733590723
JWST,35500646914537.86,1.7,3.221289079317907,0.3221289079317907
JWST,35495186472167.164,1.7,3.1396302616829463,0.31396302616829463
JWST,35489727709306.45,1.7,3.1282782996556042,0.31282782996556047
JWST,35484270625180.984,1.7,3.196816552551461,0.31968165525514614
JWST,35478815219016.46,1.7,3.159564895005801,0.31595648950058014
JWST,35473361490039.1,1.7,3.202518728002756,0.32025187280027556
JWST,35467909437475.58,1.7,3.2594033842719683,0.3259403384271969
JWST,35462459060553.055,1.7,3.1934241977065945,0.31934241977065947
JWST,35457010358499.15,1.7,3.204035792003766,0.3204035792003766
JWST,35451563330541.96,1.7,3.209283468715329,0.3209283468715329
JWST,35446117975910.08,1.7,3.2203996615822774,0.3220399661582278
JWST,35440674293832.54,1.7,3.144215132215948,0.31442151322159484
JWST,35435232283538.88,1.7,3.262804517975227,0.32628045179752274
JWST,35429791944259.1,1.7,3.249482646237504,0.3249482646237504
JWST,35424353275223.65,1.7,3.201471892963367,0.32014718929633673
JWST,35418916275663.5,1.7,3.1217486328618325,0.31217486328618327
JWST,35413480944810.03,1.7,3.211125258526221,0.3211125258526221
JWST,35408047281895.164,1.7,3.313051216379825,0.3313051216379825
JWST,35402615286151.24,1.7,3.276282768533934,0.3276282768533934
JWST,35397184956811.09,1.7,3.2514018578682387,0.32514018578682385
JWST,35391756293108.016,1.7,3.261842226128057,0.3261842226128057
JWST,35386329294275.78,1.7,3.2338466577648965,0.32338466577648967
JWST,35380903959548.63,1.7,3.26450189489766,0.326450189489766
JWST,35375480288161.27,1.7,3.227110699294281,0.3227110699294281
JWST,35370058279348.88,1.7,3.2907063972694863,0.3290706397269486
JWST,35364637932347.12,1.7,3.2411473891813407,0.3241147389181341
JWST,35359219246392.086,1.7,3.2642243880031603,0.326422438800316
JWST,35353802220720.37,1.7,3.2076379006358273,0.32076379006358274
JWST,35348386854569.02,1.7,3.2048053653360564,0.32048053653360564
JWST,35342973147175.56,1.7,3.218138657185225,0.32181386571852255
JWST,35337561097777.98,1.7,3.2438104397037235,0.3243810439703724
JWST,35332150705614.73,1.7,3.185142362834387,0.3185142362834387
JWST,35326741969924.71,1.7,3.241603261358063,0.3241603261358063
JWST,35321334889947.336,1.7,3.1944959831321227,0.3194495983132123
JWST,35315929464922.44,1.7,3.1359506495257152,0.3135950649525715
JWST,35310525694090.336,1.7,3.068862895088182,0.3068862895088182
JWST,35305123576691.82,1.7,3.1174317253928145,0.31174317253928147
JWST,35299723111968.12,1.7,3.140400573942107,0.3140400573942107
JWST,35294324299160.96,1.7,3.1724260793520402,0.31724260793520404
JWST,35288927137512.51,1.7,3.2819455133912427,0.3281945513391243
JWST,35283531626265.39,1.7,3.2585378942824965,0.32585378942824966
JWST,35278137764662.72,1.7,3.2177016773171445,0.32177016773171446
JWST,35272745551948.055,1.7,3.242709270618241,0.32427092706182414
JWST,35267354987365.42,1.7,3.221830504757363,0.32218305047573637
JWST,35261966070159.31,1.7,3.222924556385995,0.32229245563859954
JWST,35256578799574.66,1.7,3.185511220755288,0.31855112207552877
JWST,35251193174856.89,1.7,3.10815441534151,0.310815441534151
JWST,35245809195251.86,1.7,3.0309314041789985,0.30309314041789986
JWST,35240426860005.92,1.7,3.0756957900261983,0.30756957900261983
JWST,35235046168365.85,1.7,3.140656965273055,0.31406569652730554
JWST,35229667119578.91,1.7,3.206456858785984,0.32064568587859843
JWST,35224289712892.8,1.7,3.1496462862342596,0.314964628623426
JWST,35218913947555.69,1.7,3.165537810341999,0.3165537810341999
JWST,35213539822816.23,1.7,3.1592461926640207,0.3159246192664021
JWST,35208167337923.484,1.7,3.109090507250089,0.31090905072500896
JWST,35202796492127.01,1.7,3.1576444284829934,0.31576444284829935
JWST,35197427284676.81,1.7,3.242030896116231,0.32420308961162314
JWST,35192059714823.36,1.7,3.249364522061354,0.32493645220613543
JWST,35186693781817.555,1.7,3.192855163195779,0.3192855163195779
JWST,35181329484910.79,1.7,3.1870815741879306,0.3187081574187931
JWST,35175966823354.88,1.7,3.2395237655365827,0.32395237655365827
JWST,35170605796402.133,1.7,3.1606215755851266,0.3160621575585127
JWST,35165246403305.28,1.7,3.1916356694618497,0.319163566946185
JWST,35159888643317.52,1.7,3.208230978189975,0.3208230978189976
JWST,35154532515692.516,1.7,3.117471408851118,0.31174714088511185
JWST,35149178019684.367,1.7,3.125660311544182,0.3125660311544182
JWST,35143825154547.65,1.7,3.1603297972995765,0.31603297972995764
JWST,35138473919537.37,1.7,3.130281430759676,0.3130281430759676
JWST,35133124313909.0,1.7,3.1129599841538806,0.31129599841538813
JWST,35127776336918.473,1.7,3.1014968429128866,0.3101496842912887
JWST,35122429987822.156,1.7,3.114235112000614,0.3114235112000614
JWST,35117085265876.89,1.7,3.132887845855595,0.31328878458555953
JWST,35111742170339.953,1.7,3.1863196800908953,0.3186319680090895
JWST,35106400700469.074,1.7,3.181687715905033,0.31816877159050333
JWST,35101060855522.45,1.7,3.1930433940643983,0.3193043394064398
JWST,35095722634758.703,1.7,3.2696346780520975,0.3269634678052098
JWST,35090386037436.938,1.7,3.287220854979954,0.3287220854979954
JWST,35085051062816.688,1.7,3.269751945475494,0.3269751945475495
JWST,35079717710157.938,1.7,3.1767013843826404,0.317670138438264
JWST,35074385978721.13,1.7,3.1516371037605113,0.3151637103760512
JWST,35069055867767.156,1.7,3.2230201746949962,0.32230201746949966
JWST,35063727376557.344,1.7,3.2928983907632206,0.32928983907632214
JWST,35058400504353.492,1.7,3.198546034475673,0.3198546034475673
JWST,35053075250417.824,1.7,3.216121062126839,0.32161210621268393
JWST,35047751614013.04,1.7,3.2019010022349663,0.32019010022349664
JWST,35042429594402.254,1.7,3.2572738454061017,0.3257273845406102
JWST,35037109190849.05,1.7,3.314274050602819,0.3314274050602819
JWST,35031790402617.46,1.7,3.2799356699121796,0.32799356699121796
JWST,35026473228971.95,1.7,3.245839427766408,0.3245839427766408
JWST,35021157669177.44,1.7,3.232601760767919,0.3232601760767919
JWST,35015843722499.305,1.7,3.266187444789835,0.3266187444789836
JWST,35010531388203.336,1.7,3.285578607532007,0.3285578607532007
JWST,35005220665555.812,1.7,3.252054625505838,0.3252054625505838
JWST,34999911553823.414,1.7,3.224472691591663,0.3224472691591664
JWST,34994604052273.31,1.7,3.1947022350236223,0.3194702235023622
JWST,34989298160173.08,1.7,3.062959059901718,0.30629590599017187
JWST,34983993876790.75,1.7,3.0915873345998786,0.3091587334599879
JWST,34978691201394.816,1.7,3.168028265519903,0.3168028265519903
JWST,34973390133254.195,1.7,3.1976103654179258,0.31976103654179255
JWST,34968090671638.242,1.7,3.1911063770482633,0.31911063770482634
JWST,34962792815816.78,1.7,3.171138865415444,0.3171138865415445
JWST,34957496565060.05,1.7,3.154773646597073,0.31547736465970727
JWST,34952201918638.754,1.7,3.1777705234356124,0.31777705234356124
JWST,34946908875824.02,1.7,3.181470960155134,0.3181470960155134
JWST,34941617435887.418,1.7,3.168624084019218,0.3168624084019218
JWST,34936327598100.98,1.7,3.1910582023845895,0.31910582023845896
JWST,34931039361737.15,1.7,3.2134849139251127,0.3213484913925113
JWST,34925752726068.84,1.7,3.138725786371044,0.3138725786371044
JWST,34920467690369.38,1.7,3.1818300362912977,0.3181830036291298
JWST,34915184253912.543,1.7,3.2883584960262375,0.3288358496026238
JWST,34909902415972.562,1.7,3.2846513567674593,0.328465135676746
JWST,34904622175824.08,1.7,3.2665762986016857,0.3266576298601686
JWST,34899343532742.2,1.7,3.2703360193451165,0.32703360193451164
JWST,34894066486002.457,1.7,3.216414253779392,0.3216414253779392
JWST,34888791034880.812,1.7,3.220901412699774,0.32209014126997737
JWST,34883517178653.69,1.7,3.1616669318151334,0.31616669318151336
JWST,34878244916597.934,1.7,3.1968263871034277,0.31968263871034275
JWST,34872974247990.816,1.7,3.1959222970841408,0.3195922297084141
JWST,34867705172110.074,1.7,3.1910383602416976,0.31910383602416975
JWST,34862437688233.855,1.7,3.2316883247040433,0.32316883247040434
JWST,34857171795640.766,1.7,3.2435943105579677,0.3243594310557968
JWST,34851907493609.824,1.7,3.216296417944262,0.3216296417944262
JWST,34846644781420.492,1.7,3.2552038649281814,0.32552038649281817
JWST,34841383658352.684,1.7,3.2898026031918577,0.3289802603191858
JWST,34836124123686.72,1.7,3.2382928136940827,0.3238292813694083
JWST,34830866176703.383,1.7,3.2610526710158707,0.3261052671015871
JWST,34825609816683.875,1.7,3.278745783400331,0.3278745783400331
JWST,34820355042909.82,1.7,3.2941848911743543,0.3294184891174355
JWST,34815101854663.305,1.7,3.3697926341713553,0.3369792634171355
JWST,34809850251226.82,1.7,3.2000578254330887,0.3200057825433089
JWST,34804600231883.32,1.7,3.25893054904182,0.325893054904182
JWST,34799351795916.164,1.7,3.182754455880879,0.31827544558808796
JWST,34794104942609.15,1.7,3.26077336275188,0.32607733627518803
JWST,34788859671246.52,1.7,3.236674999286921,0.3236674999286921
JWST,34783615981112.938,1.7,3.1747211248221667,0.3174721124822167
JWST,34778373871493.492,1.7,3.1896154569696127,0.3189615456969613
JWST,34773133341673.72,1.7,3.241866295737547,0.3241866295737547
JWST,34767894390939.57,1.7,3.253493850353016,0.32534938503530164
JWST,34762657018577.445,1.7,3.221275503259938,0.32212755032599383
JWST,34757421223874.152,1.7,3.2209255132509984,0.3220925513250999
JWST,34752187006116.934,1.7,3.205348841533528,0.32053488415335285
JWST,34746954364593.48,1.7,3.267429251503715,0.3267429251503715
JWST,34741723298591.887,1.7,3.22717564124882,0.322717564124882
JWST,34736493807400.703,1.7,3.2126319358999753,0.3212631935899975
JWST,34731265890308.88,1.7,3.153028840943806,0.3153028840943806
JWST,34726039546605.8,1.7,2.9028613325454664,0.29028613325454666
JWST,34720814775581.3,1.7,3.114824565197711,0.3114824565197711
JWST,34715591576525.613,1.7,3.1001969712281983,0.3100196971228198
JWST,34710369948729.42,1.7,3.13000456726638,0.313000456726638
JWST,34705149891483.824,1.7,3.1851818230458697,0.31851818230458695
JWST,34699931404080.336,1.7,3.2883282880141644,0.3288328288014165
JWST,34694714485810.92,1.7,3.1243018183726012,0.3124301818372601
JWST,34689499135967.953,1.7,3.1099365578944322,0.3109936557894432
JWST,34684285353844.23,1.7,3.1575204318569625,0.3157520431856963
JWST,34679073138732.99,1.7,3.1247963372954857,0.31247963372954857
JWST,34673862489927.875,1.7,3.1882982616365823,0.31882982616365824
JWST,34668653406722.977,1.7,3.195745123593545,0.3195745123593545
JWST,34663445888412.785,1.7,3.211914399932326,0.32119143999323263
JWST,34658239934292.227,1.7,3.2310258298361947,0.3231025829836195
JWST,34653035543656.66,1.7,3.2300004643509554,0.32300004643509556
JWST,34647832715801.84,1.7,3.2315918116425575,0.3231591811642558
JWST,34642631450023.984,1.7,3.075854350115251,0.30758543501152513
JWST,34637431745619.695,1.7,3.215944620255905,0.3215944620255905
JWST,34632233601886.01,1.7,3.222254313567418,0.32222543135674186
JWST,34627037018120.406,1.7,3.1986401317065085,0.3198640131706509
JWST,34621841993620.75,1.7,3.2083803448741333,0.3208380344874134
JWST,34616648527685.36,1.7,3.240222736982012,0.32402227369820125
JWST,34611456619612.953,1.7,3.199602986719998,0.3199602986719999
JWST,34606266268702.67,1.7,3.2249372898897133,0.3224937289889714
JWST,34601077474254.098,1.7,3.2440521455977396,0.324405214559774
JWST,34595890235567.207,1.7,3.198457177144041,0.3198457177144042
JWST,34590704551942.406,1.7,3.2265313054875278,0.32265313054875283
JWST,34585520422680.523,1.7,3.255472694096622,0.3255472694096622
JWST,34580337847082.8,1.7,3.2495098127876254,0.32495098127876254
JWST,34575156824450.906,1.7,3.266118500455768,0.32661185004557686
JWST,34569977354086.926,1.7,3.2810645244966294,0.32810645244966297
JWST,34564799435293.344,1.7,3.2547782236237297,0.32547782236237294
JWST,34559623067373.094,1.7,3.2877958353468872,0.3287795835346888
JWST,34554448249629.5,1.7,3.258582139161305,0.3258582139161305
JWST,34549274981366.324,1.7,3.2335102970062763,0.3233510297006277
JWST,34544103261887.74,1.7,3.214056165278146,0.3214056165278147
JWST,34538933090498.312,1.7,3.2021827043547644,0.32021827043547646
JWST,34533764466503.066,1.7,3.1784864729957802,0.31784864729957807
JWST,34528597389207.406,1.7,3.2177685672852463,0.3217768567285247
JWST,34523431857917.18,1.7,3.1395547839330153,0.3139554783933015
JWST,34518267871938.63,1.7,3.119834432500278,0.3119834432500278
JWST,34513105430578.406,1.7,3.1711648663557703,0.317116486635577
JWST,34507944533143.613,1.7,3.174126456188677,0.3174126456188677
JWST,34502785178941.723,1.7,3.235239667642969,0.3235239667642969
JWST,34497627367280.66,1.7,3.214110982999993,0.32141109829999936
JWST,34492471097468.74,1.7,3.2181366505309317,0.32181366505309317
JWST,34487316368814.684,1.7,3.1555991213617585,0.31555991213617585
JWST,34482163180627.66,1.7,3.1276762501743587,0.3127676250174359
JWST,34477011532217.223,1.7,3.1322951778605552,0.3132295177860555
JWST,34471861422893.34,1.7,3.1664892213574607,0.3166489221357461
JWST,34466712851966.402,1.7,3.229510673435463,0.3229510673435463
JWST,34461565818747.203,1.7,3.2762255364862907,0.3276225536486291
JWST,34456420322546.96,1.7,3.1895711104784725,0.3189571110478473
JWST,34451276362677.293,1.7,3.1435652200779844,0.31435652200779846
JWST,34446133938450.22,1.7,3.195574771775881,0.31955747717758815
JWST,34440993049178.195,1.7,3.2212233329178863,0.3221223332917887
JWST,34435853694174.066,1.7,3.191750812851626,0.3191750812851626
JWST,34430715872751.1,1.7,3.1793020591061834,0.3179302059106184
JWST,34425579584222.973,1.7,3.1730162628992384,0.31730162628992387
JWST,34420444827903.754,1.7,3.1801351083697753,0.31801351083697754
JWST,34415311603107.945,1.7,3.280976214529915,0.32809762145299154
JWST,34410179909150.438,1.7,3.192958110247134,0.3192958110247134
JWST,34405049745346.55,1.7,3.147965424549062,0.31479654245490624
JWST,34399921111011.996,1.7,3.239100388405642,0.32391003884056424
JWST,34394794005462.89,1.7,3.3084101274937465,0.33084101274937466
JWST,34389668428015.785,1.7,3.3141518056404005,0.33141518056404007
JWST,34384544377987.605,1.7,3.281458138627275,0.3281458138627275
JWST,34379421854695.695,1.7,3.2161905152365358,0.3216190515236536
JWST,34374300857457.824,1.7,3.1932904985319905,0.3193290498531991
JWST,34369181385592.133,1.7,3.242125643490645,0.3242125643490645
JWST,34364063438417.203,1.7,3.201497642247565,0.3201497642247565
JWST,34358947015252.004,1.7,3.135707972903945,0.3135707972903945
JWST,34353832115415.902,1.7,3.1442296129783007,0.3144229612978301
JWST,34348718738228.7,1.7,3.155620846329675,0.31556208463296753
JWST,34343606883010.562,1.7,3.17746088973176,0.3177460889731761
JWST,34338496549082.098,1.7,3.0650794242824535,0.3065079424282454
JWST,34333387735764.3,1.7,2.8938692006868405,0.2893869200686841
JWST,34328280442378.562,1.7,2.9610664686173207,0.2961066468617321
JWST,34323174668246.7,1.7,2.9655207528994225,0.29655207528994226
JWST,34318070412690.906,1.7,2.9857931480356594,0.298579314803566
JWST,34312967675033.812,1.7,3.0528518339644246,0.30528518339644245
JWST,34307866454598.418,1.7,3.2578102102904083,0.32578102102904083
JWST,34302766750708.137,1.7,3.276304759714745,0.3276304759714745
JWST,34297668562686.797,1.7,3.2711330994199335,0.32711330994199334
JWST,34292571889858.617,1.7,3.2283651965054343,0.3228365196505435
JWST,34287476731548.207,1.7,3.1729344957441374,0.3172934495744138
JWST,34282383087080.61,1.7,3.1440540826966634,0.31440540826966634
JWST,34277290955781.23,1.7,3.106803454884006,0.3106803454884007
JWST,34272200336975.914,1.7,3.0788469165126413,0.30788469165126414
JWST,34267111229990.87,1.7,3.063435192903927,0.3063435192903927
JWST,34262023634152.727,1.7,3.0790300039790903,0.3079030003979091
JWST,34256937548788.52,1.7,3.1566840743242937,0.3156684074324294
JWST,34251852973225.66,1.7,3.1803016956692196,0.3180301695669219
JWST,34246769906791.984,1.7,3.209907715798661,0.3209907715798661
JWST,34241688348815.71,1.7,3.270058424327542,0.3270058424327542
JWST,34236608298625.457,1.7,3.283495074715835,0.32834950747158353
JWST,34231529755550.25,1.7,3.2583580349256365,0.3258358034925637
JWST,34226452718919.504,1.7,3.2170458176757504,0.32170458176757505
JWST,34221377188063.04,1.7,3.22440006475968,0.32244000647596804
JWST,34216303162311.066,1.7,3.272347056667606,0.3272347056667606
JWST,34211230640994.195,1.7,3.3311825040865575,0.3331182504086558
JWST,34206159623443.438,1.7,3.2749376966519517,0.32749376966519517
JWST,34201090108990.195,1.7,3.236390542040278,0.32363905420402783
JWST,34196022096966.26,1.7,3.2164960805261718,0.3216496080526172
JWST,34190955586703.848,1.7,3.201594843038176,0.3201594843038177
JWST,34185890577535.53,1.7,3.1454130865692003,0.31454130865692004
JWST,34180827068794.316,1.7,3.1237720636837705,0.312377206368377
JWST,34175765059813.574,1.7,3.1138266735563644,0.31138266735563647
JWST,34170704549927.08,1.7,3.2302816461876,0.32302816461876
JWST,34165645538469.016,1.7,3.152400083381475,0.3152400083381476
JWST,34160588024773.934,1.7,3.1728323414058486,0.31728323414058485
JWST,34155532008176.812,1.7,3.2364617839275036,0.3236461783927504
JWST,34150477488013.0,1.7,3.2684795122497396,0.32684795122497395
JWST,34145424463618.23,1.7,3.272543933144539,0.32725439331445394
JWST,34140372934328.664,1.7,3.2777423765062577,0.3277742376506258
JWST,34135322899480.816,1.7,3.28920190120917,0.328920190120917
JWST,34130274358411.63,1.7,3.322364912714793,0.3322364912714793
JWST,34125227310458.41,1.7,3.2945475536115723,0.3294547553611572
JWST,34120181754958.867,1.7,3.2314558236198043,0.3231455823619805
JWST,34115137691251.117,1.7,3.20222985833762,0.320222985833762
JWST,34110095118673.637,1.7,3.1906358020976837,0.3190635802097684
JWST,34105054036565.312,1.7,3.1542092550481056,0.3154209255048106
JWST,34100014444265.43,1.7,3.132504756028218,0.3132504756028218
JWST,34094976341113.637,1.7,3.0924534612846477,0.3092453461284648
JWST,34089939726450.008,1.7,3.0845498698577822,0.3084549869857782
JWST,34084904599614.98,1.7,3.119835771256729,0.31198357712567293
JWST,34079870959949.38,1.7,3.170873212674427,0.3170873212674427
JWST,34074838806794.44,1.7,3.214381913476494,0.3214381913476494
JWST,34069808139491.773,1.7,3.2259647261533715,0.32259647261533714
JWST,34064778957383.387,1.7,3.265240847940003,0.3265240847940003
JWST,34059751259811.66,1.7,3.300794964726368,0.3300794964726368
JWST,34054725046119.375,1.7,3.233025807319758,0.3233025807319758
JWST,34049700315649.707,1.7,3.2134448603890213,0.32134448603890214
JWST,34044677067746.195,1.7,3.2106931953663964,0.32106931953663964
JWST,34039655301752.797,1.7,3.2201075748215584,0.32201075748215585
JWST,34034635017013.832,1.7,3.2358356026827995,0.32358356026828
JWST,34029616212874.008,1.7,3.1568383636082804,0.31568383636082803
JWST,34024598888678.445,1.7,3.174263642727424,0.3174263642727424
JWST,34019583043772.613,1.7,3.2013302470278022,0.3201330247027802
JWST,34014568677502.402,1.7,3.191905964823073,0.31919059648230735
JWST,34009555789214.062,1.7,3.15971117324584,0.31597111732458405
JWST,34004544378254.234,1.7,3.1975332539214265,0.3197533253921427
JWST,33999534443969.957,1.7,3.2428085188334963,0.3242808518833497
JWST,33994525985708.64,1.7,3.1762134499844117,0.3176213449984412
JWST,33989519002818.082,1.7,3.1734896000832697,0.31734896000832696
JWST,33984513494646.47,1.7,3.231242284797397,0.3231242284797397
JWST,33979509460542.363,1.7,3.209297045011754,0.3209297045011755
JWST,33974506899854.723,1.7,3.2385822677957035,0.3238582267795704
JWST,33969505811932.88,1.7,3.256770478333461,0.3256770478333461
JWST,33964506196126.54,1.7,3.256862115152519,0.3256862115152519
JWST,33959508051785.816,1.7,3.0533820817004713,0.30533820817004714
JWST,33954511378261.184,1.7,3.1561048674374956,0.3156104867437496
JWST,33949516174903.516,1.7,3.1751121214011633,0.31751121214011635
JWST,33944522441064.055,1.7,3.1556180089629513,0.31556180089629515
JWST,33939530176094.42,1.7,3.215197402724545,0.32151974027245456
JWST,33934539379346.637,1.7,3.200052392261747,0.32000523922617474
JWST,33929550050173.08,1.7,3.149125373227229,0.3149125373227229
JWST,33924562187926.53,1.7,3.1722490521704456,0.3172249052170446
JWST,33919575791960.14,1.7,3.2141370628291974,0.32141370628291976
JWST,33914590861627.434,1.7,3.226269740100044,0.32262697401000445
JWST,33909607396282.336,1.7,3.223461587190492,0.32234615871904926
JWST,33904625395279.133,1.7,3.2105207801292828,0.3210520780129283
JWST,33899644857972.484,1.7,3.169869740919138,0.31698697409191384
JWST,33894665783717.46,1.7,3.254829827828573,0.32548298278285737
JWST,33889688171869.473,1.7,3.253463411537761,0.32534634115377614
JWST,33884712021784.344,1.7,3.2465375305488706,0.3246537530548871
JWST,33879737332818.25,1.7,3.219849501093109,0.32198495010931094
JWST,33874764104327.758,1.7,3.222460366469144,0.3222460366469144
JWST,33869792335669.812,1.7,3.2697250613245057,0.3269725061324506
JWST,33864822026201.727,1.7,3.2202240863370726,0.3220224086337073
JWST,33859853175281.207,1.7,3.138828266822433,0.3138828266822433
JWST,33854885782266.324,1.7,3.1952640035482793,0.319526400354828
JWST,33849919846515.516,1.7,3.271927673928238,0.32719276739282377
JWST,33844955367387.625,1.7,3.2631156572790174,0.32631156572790176
JWST,33839992344241.84,1.7,3.1970933670577963,0.31970933670577967
JWST,33835030776437.754,1.7,3.129877354487701,0.3129877354487701
JWST,33830070663335.316,1.7,3.1769154560716406,0.31769154560716406
JWST,33825112004294.844,1.7,3.2310220196344583,0.3231022019634458
JWST,33820154798677.055,1.7,3.221399972336046,0.3221399972336046
JWST,33815199045843.027,1.7,3.1106890135975425,0.31106890135975424
JWST,33810244745154.203,1.7,3.104711024554478,0.3104711024554478
JWST,33805291895972.426,1.7,3.1574884007978463,0.31574884007978465
JWST,33800340497659.88,1.7,3.1773209541811926,0.31773209541811925
JWST,33795390549579.156,1.7,3.158161290344892,0.31581612903448925
JWST,33790442051093.195,1.7,3.0972321158670217,0.3097232115867022
JWST,33785495001565.312,1.7,3.162016774607671,0.3162016774607671
JWST,33780549400359.215,1.7,3.21877212302922,0.32187721230292204
JWST,33775605246838.957,1.7,3.199335006074187,0.31993350060741876
JWST,33770662540368.992,1.7,3.1908016118183764,0.31908016118183763
JWST,33765721280314.12,1.7,3.2210968451816466,0.3221096845181647
JWST,33760781466039.52,1.7,3.2093181905892836,0.3209318190589284
JWST,33755843096910.76,1.7,3.1492383515886817,0.31492383515886824
JWST,33750906172293.75,1.7,3.184895171015684,0.3184895171015684
JWST,33745970691554.8,1.7,3.181768172694624,0.3181768172694624
JWST,33741036654060.574,1.7,3.18924350569568,0.318924350569568
JWST,33736104059178.094,1.7,3.1903870417495668,0.3190387041749567
JWST,33731172906274.79,1.7,3.1436711478923067,0.3143671147892307
JWST,33726243194718.42,1.7,3.143461106257406,0.3143461106257406
JWST,33721314923877.14,1.7,3.172584601491688,0.3172584601491688
JWST,33716388093119.47,1.7,3.1898357168264226,0.3189835716826423
JWST,33711462701814.277,1.7,3.1830377488482826,0.3183037748848283
JWST,33706538749330.836,1.7,3.210529930527847,0.32105299305278473
JWST,33701616235038.758,1.7,3.2332119655487985,0.32332119655487984
JWST,33696695158308.027,1.7,3.2743981471545314,0.3274398147154532
JWST,33691775518509.016,1.7,3.247249393790255,0.3247249393790255
JWST,33686857315012.438,1.7,3.240484637691569,0.3240484637691569
JWST,33681940547189.395,1.7,3.2048377027999964,0.32048377027999964
JWST,33677025214411.348,1.7,3.1421879367287477,0.3142187936728748
JWST,33672111316050.11,1.7,3.2053816419214076,0.32053816419214076
JWST,33667198851477.89,1.7,3.1195760713645813,0.31195760713645815
JWST,33662287820067.234,1.7,3.172329116163208,0.31723291161632083
JWST,33657378221191.086,1.7,3.287761803459095,0.3287761803459095
JWST,33652470054222.727,1.7,3.226687840315479,0.3226687840315479
JWST,33647563318535.81,1.7,3.197566654352166,0.31975666543521664
JWST,33642658013504.367,1.7,3.1675753737144823,0.3167575373714483
JWST,33637754138502.78,1.7,3.217152055922269,0.3217152055922269
JWST,33632851692905.8,1.7,3.239767542680246,0.32397675426802464
JWST,33627950676088.55,1.7,3.1937396263964235,0.31937396263964235
JWST,33623051087426.504,1.7,3.1267148404125322,0.3126714840412532
JWST,33618152926295.51,1.7,3.137503553813139,0.3137503553813139
JWST,33613256192071.785,1.7,3.2163599951013775,0.32163599951013777
JWST,33608360884131.88,1.7,3.2971864481613156,0.32971864481613156
JWST,33603467001852.75,1.7,3.250692292622783,0.32506922926227827
JWST,33598574544611.676,1.7,3.2089962136807526,0.32089962136807526
JWST,33593683511786.336,1.7,3.244507937747652,0.3244507937747652
JWST,33588793902754.742,1.7,3.2836524996588166,0.3283652499658817
JWST,33583905716895.277,1.7,3.206164984561637,0.3206164984561637
JWST,33579018953586.695,1.7,3.1315557031493153,0.3131555703149315
JWST,33574133612208.094,1.7,3.1499237068456196,0.314992370684562
JWST,33569249692138.957,1.7,3.2356440227265915,0.32356440227265915
JWST,33564367192759.11,1.7,3.28359601863132,0.328359601863132
JWST,33559486113448.73,1.7,3.254587098946156,0.32545870989461567
JWST,33554606453588.39,1.7,3.2239824665221004,0.32239824665221006
JWST,33549728212558.992,1.7,3.2963439352777195,0.32963439352777196
JWST,33544851389741.797,1.7,3.279185339742976,0.32791853397429765
JWST,33539975984518.457,1.7,3.2444704088157454,0.3244470408815745
JWST,33535101996270.95,1.7,3.2311404557371524,0.32311404557371526
JWST,33530229424381.633,1.7,3.212442535118452,0.3212442535118452
JWST,33525358268233.21,1.7,3.2169173084359683,0.3216917308435968
JWST,33520488527208.746,1.7,3.2474085172357685,0.32474085172357686
JWST,33515620200691.676,1.7,3.1932464123113533,0.31932464123113535
JWST,33510753288065.773,1.7,3.230871781959315,0.3230871781959315
JWST,33505887788715.195,1.7,3.250209425403903,0.3250209425403903
JWST,33501023702024.434,1.7,3.279765678201949,0.3279765678201949
JWST,33496161027378.336,1.7,3.3223135240979564,0.3322313524097957
JWST,33491299764162.133,1.7,3.257356246011342,0.32573562460113425
JWST,33486439911761.38,1.7,3.242577592821215,0.3242577592821215
JWST,33481581469562.02,1.7,3.2097160002576812,0.32097160002576813
JWST,33476724436950.332,1.7,3.239863976321407,0.3239863976321407
JWST,33471868813312.945,1.7,3.22157388669849,0.32215738866984905
JWST,33467014598036.875,1.7,3.0711244599363994,0.30711244599363996
JWST,33462161790509.45,1.7,3.03729919020703,0.30372991902070307
JWST,33457310390118.4,1.7,3.140737385630772,0.31407373856307724
JWST,33452460396251.773,1.7,3.18866213012121,0.318866213012121
JWST,33447611808297.98,1.7,3.169184340705361,0.3169184340705361
JWST,33442764625645.812,1.7,3.129286605775304,0.3129286605775305
JWST,33437918847684.38,1.7,3.1801257922156534,0.3180125792215654
JWST,33433074473803.156,1.7,3.2272202555545064,0.32272202555545065
JWST,33428231503391.992,1.7,3.2057957587921364,0.32057957587921365
JWST,33423389935841.062,1.7,3.183238293783654,0.3183238293783654
JWST,33418549770540.914,1.7,3.224643808276979,0.3224643808276979
JWST,33413711006882.434,1.7,3.280628916062247,0.3280628916062247
JWST,33408873644256.863,1.7,3.26525085582368,0.32652508558236804
JWST,33404037682055.812,1.7,3.203015630754451,0.3203015630754451
JWST,33399203119671.223,1.7,3.256339793101744,0.3256339793101744
JWST,33394369956495.402,1.7,3.2727374361568917,0.32727374361568917
JWST,33389538191921.0,1.7,3.2677753964940863,0.32677753964940864
JWST,33384707825341.02,1.7,3.216825152265611,0.3216825152265611
JWST,33379878856148.824,1.7,3.266604833257533,0.32666048332575326
JWST,33375051283738.113,1.7,3.242374494856101,0.3242374494856101
JWST,33370225107502.957,1.7,3.226504250002517,0.3226504250002517
JWST,33365400326837.754,1.7,3.245413429758683,0.32454134297586834
JWST,33360576941137.258,1.7,3.284036758277565,0.3284036758277566
JWST,33355754949796.594,1.7,3.297988515539181,0.32979885155391814
JWST,33350934352211.21,1.7,3.3347434087573276,0.3334743408757328
JWST,33346115147776.91,1.7,3.2891871374411084,0.32891871374411086
JWST,33341297335889.863,1.7,3.2987655172104775,0.3298765517210478
JWST,33336480915946.56,1.7,3.3147968083671424,0.33147968083671425
JWST,33331665887343.87,1.7,3.3256171440233526,0.3325617144023353
JWST,33326852249478.99,1.7,3.3301163650624894,0.333011636506249
JWST,33322040001749.465,1.7,3.342487161345736,0.33424871613457363
JWST,33317229143553.203,1.7,3.312601030809729,0.3312601030809729
JWST,33312419674288.445,1.7,3.3465575105595082,0.33465575105595086
JWST,33307611593353.793,1.7,3.3474475095607787,0.3347447509560779
JWST,33302804900148.18,1.7,3.394535883292817,0.33945358832928174
JWST,33297999594070.9,1.7,3.4025648048112944,0.34025648048112944
JWST,33293195674521.582,1.7,3.414186091871437,0.3414186091871437
JWST,33288393140900.215,1.7,3.3693191117845176,0.3369319111784518
JWST,33283591992607.11,1.7,3.3765739109780184,0.33765739109780185
JWST,33278792229042.96,1.7,3.343828014319511,0.33438280143195115
JWST,33273993849608.77,1.7,3.351928637122851,0.33519286371228507
JWST,33269196853705.918,1.7,3.3350374633237863,0.3335037463323786
JWST,33264401240736.105,1.7,3.3154854193937764,0.33154854193937766
JWST,33259607010101.38,1.7,3.3126364646254824,0.33126364646254824
JWST,33254814161204.152,1.7,3.2639446553852443,0.32639446553852447
JWST,33250022693447.156,1.7,3.2380422643450935,0.32380422643450935
JWST,33245232606233.492,1.7,3.131343109380565,0.3131343109380565
JWST,33240443898966.582,1.7,3.133551333016587,0.31335513330165876
JWST,33235656571050.2,1.7,3.138339112177884,0.31383391121778836
JWST,33230870621888.473,1.7,3.06475656004304,0.30647565600430404
JWST,33226086050885.855,1.7,3.095433825979071,0.3095433825979071
JWST,33221302857447.156,1.7,3.0479945874210688,0.30479945874210695
JWST,33216521040977.527,1.7,3.06861640795417,0.30686164079541706
JWST,33211740600882.44,1.7,3.183358048068486,0.31833580480684864
JWST,33206961536567.75,1.7,3.2056714407050233,0.32056714407050235
JWST,33202183847439.62,1.7,3.1908096109714505,0.31908096109714507
JWST,33197407532904.562,1.7,3.155091006122045,0.31550910061220455
JWST,33192632592369.445,1.7,3.2876048430090306,0.3287604843009031
JWST,33187859025241.453,1.7,3.3725063272364877,0.3372506327236488
JWST,33183086830928.14,1.7,3.374516953269991,0.3374516953269991
JWST,33178316008837.38,1.7,3.362373328528572,0.33623733285285723
JWST,33173546558377.383,1.7,3.376249957290752,0.33762499572907523
JWST,33168778478956.73,1.7,3.4494006704410234,0.34494006704410235
JWST,33164011769984.305,1.7,3.4976971913116666,0.34976971913116667
JWST,33159246430869.36,1.7,3.4451248887977783,0.3445124888797778
JWST,33154482461021.47,1.7,3.384787016372128,0.33847870163721283
JWST,33149719859850.547,1.7,3.3763335865044595,0.33763335865044597
JWST,33144958626766.867,1.7,3.33881897532103,0.333881897532103
JWST,33140198761181.008,1.7,3.3119820181813453,0.33119820181813453
JWST,33135440262503.92,1.7,3.2736541537353303,0.32736541537353303
JWST,33130683130146.88,1.7,3.2714876686598395,0.327148766865984
JWST,33125927363521.477,1.7,3.245421825832416,0.3245421825832417
JWST,33121172962039.684,1.7,3.2511664456167457,0.3251166445616746
JWST,33116419925113.777,1.7,3.250472644220716,0.32504726442207166
JWST,33111668252156.383,1.7,3.1805619190175647,0.3180561919017565
JWST,33106917942580.465,1.7,3.2013558795782777,0.32013558795782776
JWST,33102168995799.316,1.7,3.2477569443190633,0.32477569443190635
JWST,33097421411226.586,1.7,3.2393239861292877,0.3239323986129288
JWST,33092675188276.23,1.7,3.2193262695186307,0.3219326269518631
JWST,33087930326362.56,1.7,3.239899722727838,0.3239899722727838
JWST,33083186824900.223,1.7,3.226180577725739,0.3226180577725739
JWST,33078444683304.19,1.7,3.2463475035245413,0.3246347503524542
JWST,33073703900989.793,1.7,3.232450728935472,0.32324507289354726
JWST,33068964477372.664,1.7,3.2230664437708603,0.32230664437708606
JWST,33064226411868.79,1.7,3.2516470271462197,0.325164702714622
JWST,33059489703894.5,1.7,3.2640545302539214,0.32640545302539214
JWST,33054754352866.434,1.7,3.1817074535710055,0.31817074535710055
JWST,33050020358201.59,1.7,3.127207325195777,0.3127207325195777
JWST,33045287719317.29,1.7,3.1884277635904046,0.31884277635904046
JWST,33040556435631.18,1.7,3.1947264754083844,0.31947264754083843
JWST,33035826506561.258,1.7,3.151203914296555,0.31512039142965553
JWST,33031097931525.836,1.7,3.174049196958546,0.3174049196958546
JWST,33026370709943.586,1.7,3.133098166960262,0.3133098166960262
JWST,33021644841233.48,1.7,3.144648856846741,0.31446488568467407
JWST,33016920324814.84,1.7,3.1574611647434074,0.3157461164743408
JWST,33012197160107.33,1.7,3.1775777870104243,0.3177577787010425
JWST,33007475346530.92,1.7,3.1401940265511166,0.31401940265511163
JWST,33002754883505.934,1.7,3.127598591090487,0.3127598591090487
JWST,32998035770453.02,1.7,3.148423573381968,0.31484235733819677
JWST,32993318006793.152,1.7,3.2072683940465727,0.32072683940465724
JWST,32988601591947.652,1.7,3.156784718797607,0.31567847187976067
JWST,32983886525338.152,1.7,3.2037771845953493,0.320377718459535
JWST,32979172806386.617,1.7,3.144961201064152,0.3144961201064152
JWST,32974460434515.367,1.7,3.201974634366755,0.32019746343667554
JWST,32969749409147.02,1.7,3.231109121417511,0.3231109121417512
JWST,32965039729704.547,1.7,3.20640768029375,0.320640768029375
JWST,32960331395611.234,1.7,3.133965459436539,0.31339654594365396
JWST,32955624406290.7,1.7,3.1312012866748096,0.313120128667481
JWST,32950918761166.906,1.7,3.150379050556056,0.3150379050556056
JWST,32946214459664.12,1.7,3.20420159174121,0.32042015917412103
JWST,32941511501206.96,1.7,3.277328437580584,0.32773284375805845
JWST,32936809885220.36,1.7,3.213721433046758,0.32137214330467584
JWST,32932109611129.574,1.7,3.2086134364109906,0.3208613436410991
JWST,32927410678360.215,1.7,3.1169670622302417,0.3116967062230242
JWST,32922713086338.19,1.7,3.1573461266460177,0.31573461266460184
JWST,32918016834489.746,1.7,3.2034140857108206,0.3203414085710821
JWST,32913321922241.465,1.7,3.2291668401200107,0.3229166840120011
JWST,32908628349020.246,1.7,3.208879342605806,0.3208879342605806
JWST,32903936114253.324,1.7,3.216319479953746,0.3216319479953746
JWST,32899245217368.25,1.7,3.162566644987556,0.31625666449875556
JWST,32894555657792.906,1.7,3.102794959654714,0.3102794959654715
JWST,32889867434955.508,1.7,3.135759798903631,0.3135759798903631
JWST,32885180548284.58,1.7,3.111941372443232,0.3111941372443232
JWST,32880494997208.99,1.7,3.1699001058532557,0.3169900105853256
JWST,32875810781157.926,1.7,3.2141517316262327,0.3214151731626233
JWST,32871127899560.887,1.7,3.1916611804097643,0.3191661180409765
JWST,32866446351847.723,1.7,3.187191463255795,0.3187191463255795
JWST,32861766137448.582,1.7,3.1239405858761358,0.3123940585876136
JWST,32857087255793.965,1.7,3.1079928720243477,0.31079928720243477
JWST,32852409706314.67,1.7,3.123718937329091,0.3123718937329091
JWST,32847733488441.832,1.7,3.1674711978297867,0.3167471197829787
JWST,32843058601606.914,1.7,3.1625192072791544,0.31625192072791547
JWST,32838385045241.69,1.7,3.1206908389848325,0.31206908389848326
JWST,32833712818778.27,1.7,3.1610851136470903,0.3161085113647091
JWST,32829041921649.082,1.7,3.1903879036304135,0.31903879036304134
JWST,32824372353286.867,1.7,3.177586417898075,0.31775864178980756
JWST,32819704113124.715,1.7,3.1492517126628488,0.3149251712662849
JWST,32815037200596.01,1.7,3.1894560963293332,0.31894560963293334
JWST,32810371615134.47,1.7,3.177816592781791,0.31778165927817914
JWST,32805707356174.145,1.7,3.16472109575548,0.31647210957554806
JWST,32801044423149.38,1.7,3.109341718838067,0.31093417188380673
JWST,32796382815494.88,1.7,3.08873219459987,0.308873219459987
JWST,32791722532645.633,1.7,3.1364640689682517,0.31364640689682516
JWST,32787063574036.965,1.7,3.1611700326157135,0.3161170032615713
JWST,32782405939104.535,1.7,3.119658877069819,0.3119658877069819
JWST,32777749627284.297,1.7,3.0810111753377694,0.308101117533777
JWST,32773094638012.55,1.7,3.078847584692293,0.3078847584692293
JWST,32768440970725.9,1.7,3.122717449464019,0.31227174494640186
JWST,32763788624861.26,1.7,3.136387693239562,0.31363876932395623
JWST,32759137599855.9,1.7,3.1568285972653785,0.31568285972653787
JWST,32754487895147.375,1.7,3.1566213802000815,0.31566213802000814
JWST,32749839510173.566,1.7,3.1501931215729098,0.31501931215729095
JWST,32745192444372.69,1.7,3.195533420369459,0.3195533420369459
JWST,32740546697183.26,1.7,3.175047460956709,0.31750474609567086
JWST,32735902268044.133,1.7,3.170025699425388,0.3170025699425388
JWST,32731259156394.465,1.7,3.1799026324767086,0.3179902632476709
JWST,32726617361673.723,1.7,3.144486137095563,0.3144486137095563
JWST,32721976883321.723,1.7,3.216531264590885,0.3216531264590885
JWST,32717337720778.562,1.7,3.197706628664837,0.3197706628664837
JWST,32712699873484.688,1.7,3.224533636767463,0.32245336367674626
JWST,32708063340880.844,1.7,3.266573071094872,0.3266573071094872
JWST,32703428122408.09,1.7,3.196575784697176,0.3196575784697176
JWST,32698794217507.824,1.7,3.176044319405685,0.3176044319405685
JWST,32694161625621.73,1.7,3.2157256982885896,0.32157256982885896
JWST,32689530346191.844,1.7,3.2386612089737046,0.32386612089737044
JWST,32684900378660.48,1.7,3.206044997714571,0.32060449977145705
JWST,32680271722470.293,1.7,3.1700651384847127,0.3170065138484713
JWST,32675644377064.25,1.7,3.1696197397091717,0.3169619739709172
JWST,32671018341885.63,1.7,3.1524249491668512,0.31524249491668516
JWST,32666393616378.02,1.7,3.200978560219267,0.32009785602192675
JWST,32661770199985.34,1.7,3.317510761663379,0.33175107616633787
JWST,32657148092151.805,1.7,3.232280093251581,0.3232280093251581
JWST,32652527292321.965,1.7,3.2232999232154307,0.3223299923215431
JWST,32647907799940.668,1.7,3.1976652425416447,0.3197665242541645
JWST,32643289614453.074,1.7,3.2270242959322926,0.3227024295932293
JWST,32638672735304.68,1.7,3.2774962900792146,0.3277496290079215
JWST,32634057161941.26,1.7,3.26287325603319,0.326287325603319
JWST,32629442893808.95,1.7,3.16235908453,0.316235908453
JWST,32624829930354.152,1.7,3.2122082356795576,0.3212208235679558
JWST,32620218271023.6,1.7,3.280583660782426,0.3280583660782426
JWST,32615607915264.35,1.7,3.261633997545818,0.32616339975458186
JWST,32610998862523.758,1.7,3.1893687160534183,0.31893687160534184
JWST,32606391112249.504,1.7,3.0857691471734063,0.30857691471734067
JWST,32601784663889.562,1.7,3.067550899532814,0.3067550899532814
JWST,32597179516892.23,1.7,3.1555799220408676,0.3155579922040868
JWST,32592575670706.125,1.7,3.2535909557660325,0.3253590955766033
JWST,32587973124780.156,1.7,3.203763356339135,0.3203763356339135
JWST,32583371878563.56,1.7,3.1645933509157342,0.3164593350915734
JWST,32578771931505.875,1.7,3.125832428136434,0.31258324281364336
JWST,32574173283056.953,1.7,3.171996928490585,0.3171996928490585
JWST,32569575932666.965,1.7,3.184527068756735,0.31845270687567356
JWST,32564979879786.38,1.7,3.2068982064164606,0.3206898206416461
JWST,32560385123865.977,1.7,3.1978341541322775,0.31978341541322775
JWST,32555791664356.855,1.7,3.1839804574412973,0.3183980457441297
JWST,32551199500710.414,1.7,3.2132502123890814,0.32132502123890816
JWST,32546608632378.375,1.7,3.230925654130337,0.3230925654130337
JWST,32542019058812.754,1.7,3.226993987822018,0.32269939878220183
JWST,32537430779465.875,1.7,3.1589602498908746,0.3158960249890875
JWST,32532843793790.39,1.7,3.1471274548726758,0.3147127454872676
JWST,32528258101239.24,1.7,3.187418251359075,0.31874182513590754
JWST,32523673701265.688,1.7,3.200195817609845,0.32001958176098455
JWST,32519090593323.297,1.7,3.1970678698654478,0.3197067869865448
JWST,32514508776865.934,1.7,3.1756784371259195,0.317567843712592
JWST,32509928251347.79,1.7,3.126984525451173,0.31269845254511736
JWST,32505349016223.344,1.7,3.141404623707507,0.3141404623707507
JWST,32500771070947.402,1.7,3.197416596598003,0.3197416596598003
JWST,32496194414975.06,1.7,3.0412778863511853,0.3041277886351186
JWST,32491619047761.723,1.7,3.0276360702590295,0.30276360702590294
JWST,32487044968763.117,1.7,3.1236538354298933,0.31236538354298937
JWST,32482472177435.26,1.7,3.1112451349629087,0.3111245134962909
JWST,32477900673234.48,1.7,3.148063988316172,0.3148063988316172
JWST,32473330455617.42,1.7,3.1768843803579427,0.3176884380357943
JWST,32468761524041.008,1.7,3.21405466119292,0.321405466119292
JWST,32464193877962.504,1.7,3.1938524329909543,0.31938524329909546
JWST,32459627516839.45,1.7,3.1541757574123697,0.31541757574123697
JWST,32455062440129.703,1.7,3.160940701936352,0.31609407019363517
JWST,32450498647291.43,1.7,3.21484629615898,0.321484629615898
JWST,32445936137783.094,1.7,3.1590203787582065,0.31590203787582066
JWST,32441374911063.473,1.7,3.146942706810547,0.31469427068105477
JWST,32436814966591.637,1.7,3.100482466731695,0.31004824667316955
JWST,32432256303826.957,1.7,3.137199040803357,0.3137199040803357
JWST,32427698922229.133,1.7,3.187066589347088,0.31870665893470884
JWST,32423142821258.14,1.7,3.1826471905204303,0.31826471905204307
JWST,32418588000374.277,1.7,3.1525465240515946,0.31525465240515943
JWST,32414034459038.133,1.7,3.1369126258966333,0.31369126258966334
JWST,32409482196710.6,1.7,3.1838539670158457,0.31838539670158456
JWST,32404931212852.89,1.7,3.2537520933365145,0.32537520933365144
JWST,32400381506926.496,1.7,3.2873973252488673,0.3287397325248868
JWST,32395833078393.223,1.7,3.2408572001612375,0.32408572001612374
JWST,32391285926715.18,1.7,3.151285861448251,0.31512858614482514
JWST,32386740051354.773,1.7,3.1634399394322847,0.3163439939432285
JWST,32382195451774.72,1.7,3.205564080412185,0.32055640804121854
JWST,32377652127438.023,1.7,3.2011565358208536,0.32011565358208544
JWST,32373110077807.996,1.7,3.271928314351951,0.3271928314351951
JWST,32368569302348.266,1.7,3.2515916099145032,0.3251591609914503
JWST,32364029800522.73,1.7,3.116282017059792,0.3116282017059792
JWST,32359491571795.62,1.7,3.167289933686972,0.31672899336869725
JWST,32354954615631.445,1.7,3.1997056689374,0.31997056689374004
JWST,32350418931495.02,1.7,3.2435167956883615,0.32435167956883615
JWST,32345884518851.47,1.7,3.2732078286045714,0.3273207828604571
JWST,32341351377166.195,1.7,3.21734467953584,0.32173446795358407
JWST,32336819505904.934,1.7,3.2221112919552053,0.32221112919552053
JWST,32332288904533.688,1.7,3.204539172992032,0.3204539172992032
JWST,32327759572518.77,1.7,3.2200634599318785,0.3220063459931879
JWST,32323231509326.8,1.7,3.267074619031371,0.32670746190313715
JWST,32318704714424.695,1.7,3.2694956150188985,0.32694956150188986
JWST,32314179187279.652,1.7,3.2588853423729973,0.3258885342372998
JWST,32309654927359.2,1.7,3.241619381553097,0.3241619381553097
JWST,32305131934131.125,1.7,3.2460823534863996,0.32460823534864
JWST,32300610207063.55,1.7,3.240340409783264,0.32403404097832644
JWST,32296089745624.875,1.7,3.2744413540796433,0.32744413540796435
JWST,32291570549283.793,1.7,3.234812702764915,0.32348127027649154
JWST,32287052617509.312,1.7,3.2225246063237925,0.3222524606323793
JWST,32282535949770.723,1.7,3.227388941667476,0.3227388941667476
JWST,32278020545537.62,1.7,3.2166695417521756,0.3216669541752176
JWST,32273506404279.895,1.7,3.208207503025119,0.3208207503025119
JWST,32268993525467.72,1.7,3.15033715596482,0.315033715596482
JWST,32264481908571.598,1.7,3.2034069407419867,0.3203406940741987
JWST,32259971553062.285,1.7,3.245240880153017,0.3245240880153017
JWST,32255462458410.875,1.7,3.210255861494101,0.3210255861494101
JWST,32250954624088.73,1.7,3.2143369512205986,0.3214336951220599
JWST,32246448049567.508,1.7,3.2044865575341137,0.3204486557534114
JWST,32241942734319.184,1.7,3.189924815835986,0.3189924815835986
JWST,32237438677816.0,1.7,3.2153566495574926,0.32153566495574926
JWST,32232935879530.508,1.7,3.245919864931683,0.32459198649316834
JWST,32228434338935.562,1.7,3.3000650215698513,0.3300065021569851
JWST,32223934055504.293,1.7,3.278504223880784,0.32785042238807843
JWST,32219435028710.14,1.7,3.2059584664718717,0.3205958466471872
JWST,32214937258026.83,1.7,3.2256836847463632,0.3225683684746363
JWST,32210440742928.375,1.7,3.220792526020708,0.3220792526020708
JWST,32205945482889.105,1.7,3.2011911905146464,0.3201191190514647
JWST,32201451477383.613,1.7,3.1908294156201897,0.319082941562019
JWST,32196958725886.82,1.7,3.192403898644419,0.3192403898644419
JWST,32192467227873.906,1.7,3.1849387160723306,0.3184938716072331
JWST,32187976982820.355,1.7,3.203227275825622,0.32032272758256225
JWST,32183487990201.965,1.7,3.270183831595932,0.32701838315959325
JWST,32179000249494.79,1.7,3.257636554960963,0.3257636554960963
JWST,32174513760175.21,1.7,3.1860905699534623,0.3186090569953463
JWST,32170028521719.875,1.7,3.100851316357282,0.31008513163572826
JWST,32165544533605.723,1.7,3.1877552355534498,0.31877552355534505
JWST,32161061795310.016,1.7,3.2395102581464226,0.3239510258146423
JWST,32156580306310.27,1.7,3.2641583882726164,0.32641583882726166
JWST,32152100066084.305,1.7,3.2254435334137095,0.322544353341371
JWST,32147621074110.25,1.7,3.1859223869375075,0.31859223869375075
JWST,32143143329866.492,1.7,3.185514461255757,0.31855144612557573
JWST,32138666832831.74,1.7,3.1318617500330355,0.31318617500330354
JWST,32134191582484.973,1.7,3.1823766744931765,0.31823766744931764
JWST,32129717578305.465,1.7,3.227871541818092,0.3227871541818092
JWST,32125244819772.785,1.7,3.240076969104251,0.32400769691042514
JWST,32120773306366.785,1.7,3.178211986001889,0.3178211986001889
JWST,32116303037567.613,1.7,3.1785091080396533,0.3178509108039653
JWST,32111834012855.703,1.7,3.2264713823012663,0.32264713823012664
JWST,32107366231711.773,1.7,3.2623819839496586,0.3262381983949659
JWST,32102899693616.844,1.7,3.281377453903636,0.32813774539036367
JWST,32098434398052.207,1.7,3.2645162168698283,0.32645162168698283
JWST,32093970344499.46,1.7,3.2132768700077934,0.32132768700077935
JWST,32089507532440.477,1.7,3.173335116841038,0.31733351168410384
JWST,32085045961357.42,1.7,3.1663009735405327,0.3166300973540533
JWST,32080585630732.754,1.7,3.161906166393312,0.31619061663933123
JWST,32076126540049.21,1.7,3.108171977311414,0.3108171977311414
JWST,32071668688789.82,1.7,3.080780359219669,0.3080780359219669
JWST,32067212076437.906,1.7,3.1482310725346307,0.3148231072534631
JWST,32062756702477.06,1.7,3.1459196815217427,0.3145919681521743
JWST,32058302566391.188,1.7,3.1447693928041387,0.3144769392804139
JWST,32053849667664.457,1.7,3.1470926331868565,0.31470926331868565
JWST,32049398005781.332,1.7,3.143453359481337,0.31434533594813374
JWST,32044947580226.57,1.7,3.1418071007046335,0.31418071007046333
JWST,32040498390485.195,1.7,3.1018449570443094,0.31018449570443096
JWST,32036050436042.543,1.7,3.1847001027188275,0.31847001027188276
JWST,32031603716384.215,1.7,3.2186105612920186,0.3218610561292019
JWST,32027158230996.1,1.7,3.233383089609619,0.32333830896096194
JWST,32022713979364.39,1.7,3.195262519094551,0.3195262519094551
JWST,32018270960975.54,1.7,3.181032206866694,0.3181032206866694
JWST,32013829175316.305,1.7,3.1914184578368983,0.3191418457836898
JWST,32009388621873.715,1.7,3.156145750337806,0.31561457503378065
JWST,32004949300135.082,1.7,3.138883596963443,0.3138883596963443
JWST,32000511209588.023,1.7,3.1387446328143582,0.3138744632814358
JWST,31996074349720.414,1.7,3.168245661292957,0.31682456612929577
JWST,31991638720020.434,1.7,3.1961637095087254,0.3196163709508726
JWST,31987204319976.535,1.7,3.178564265109258,0.31785642651092577
JWST,31982771149077.453,1.7,3.086719256786367,0.3086719256786367
JWST,31978339206812.21,1.7,3.09239671329036,0.309239671329036
JWST,31973908492670.12,1.7,3.111927530250141,0.3111927530250141
JWST,31969479006140.754,1.7,3.1541146663812683,0.31541146663812686
JWST,31965050746714.0,1.7,3.2282202758543073,0.32282202758543077
JWST,31960623713879.996,1.7,3.221479919630146,0.32214799196301463
JWST,31956197907129.195,1.7,3.2305280596609562,0.32305280596609565
JWST,31951773325952.305,1.7,3.2475868765007783,0.32475868765007787
JWST,31947349969840.32,1.7,3.2227256983100787,0.3222725698310079
JWST,31942927838284.54,1.7,3.241267725250327,0.3241267725250327
JWST,31938506930776.504,1.7,3.29373089671407,0.32937308967140705
JWST,31934087246808.082,1.7,3.1912254629432546,0.31912254629432546
JWST,31929668785871.387,1.7,3.246907358443196,0.32469073584431957
JWST,31925251547458.82,1.7,3.2127090172892783,0.32127090172892786
JWST,31920835531063.086,1.7,3.1534916164181075,0.3153491616418108
JWST,31916420736177.14,1.7,3.1520115870059637,0.3152011587005964
JWST,31912007162294.24,1.7,3.144338548512321,0.31443385485123215
JWST,31907594808907.91,1.7,3.1656011248006006,0.3165601124800601
JWST,31903183675511.96,1.7,3.2265295944153967,0.3226529594415397
JWST,31898773761600.484,1.7,3.185235615794046,0.31852356157940465
JWST,31894365066667.848,1.7,3.2125172394879105,0.3212517239487911
JWST,31889957590208.695,1.7,3.1494035624119845,0.3149403562411985
JWST,31885551331717.96,1.7,3.1413778316934367,0.31413778316934365
JWST,31881146290690.848,1.7,3.2216603591745483,0.3221660359174548
JWST,31876742466622.848,1.7,3.2344433541094446,0.3234443354109445
JWST,31872339859009.723,1.7,3.2239071797383128,0.3223907179738313
JWST,31867938467347.508,1.7,3.231241847688207,0.3231241847688207
JWST,31863538291132.54,1.7,3.255311816338803,0.32553118163388034
JWST,31859139329861.402,1.7,3.2553940408063893,0.32553940408063897
JWST,31854741583030.99,1.7,3.2045737078805523,0.3204573707880552
JWST,31850345050138.445,1.7,3.226791376290345,0.3226791376290345
JWST,31845949730681.2,1.7,3.2547202971557927,0.3254720297155793
JWST,31841555624156.973,1.7,3.2522116202154314,0.32522116202154316
JWST,31837162730063.742,1.7,3.2133710673887794,0.32133710673887794
JWST,31832771047899.785,1.7,3.217242635791019,0.32172426357910194
JWST,31828380577163.637,1.7,3.2478589254042296,0.32478589254042295
JWST,31823991317354.105,1.7,3.161992521792632,0.31619925217926326
JWST,31819603267970.305,1.7,3.1389855383718346,0.3138985538371835
JWST,31815216428511.59,1.7,3.161236948361099,0.3161236948361099
JWST,31810830798477.61,1.7,3.1586536630901643,0.31586536630901646
JWST,31806446377368.293,1.7,3.1609610659204983,0.31609610659204984
JWST,31802063164683.83,1.7,3.1889289821134263,0.31889289821134265
JWST,31797681159924.703,1.7,3.189629202827685,0.3189629202827685
JWST,31793300362591.656,1.7,3.1855245231666474,0.31855245231666474
JWST,31788920772185.707,1.7,3.210159896084075,0.32101598960840755
JWST,31784542388208.168,1.7,3.0410317967823097,0.304103179678231
JWST,31780165210160.6,1.7,3.115913723622658,0.31159137236226586
JWST,31775789237544.863,1.7,3.2380075068574783,0.3238007506857479
JWST,31771414469863.074,1.7,3.2554622791248113,0.3255462279124811
JWST,31767040906617.62,1.7,3.24064072702608,0.32406407270260806
JWST,31762668547311.188,1.7,3.1629597531404445,0.31629597531404446
JWST,31758297391446.707,1.7,3.206544875212688,0.3206544875212688
JWST,31753927438527.41,1.7,3.201031238684765,0.3201031238684765
JWST,31749558688056.78,1.7,3.2174903726718447,0.32174903726718446
JWST,31745191139538.58,1.7,3.212811605009582,0.3212811605009582
JWST,31740824792476.85,1.7,3.254474371159006,0.3254474371159006
JWST,31736459646375.902,1.7,3.217440006989842,0.32174400069898423
JWST,31732095700740.312,1.7,2.9696193012461394,0.29696193012461397
JWST,31727732955074.95,1.7,3.123339040737149,0.3123339040737149
JWST,31723371408884.92,1.7,3.180079782190399,0.31800797821904
JWST,31719011061675.65,1.7,3.1293980565908703,0.3129398056590871
JWST,31714651912952.793,1.7,3.1414775757091014,0.3141477575709101
JWST,31710293962222.293,1.7,3.188412082561653,0.31884120825616535
JWST,31705937208990.37,1.7,3.168074754036822,0.3168074754036822
JWST,31701581652763.508,1.7,3.2097603191609116,0.32097603191609114
JWST,31697227293048.473,1.7,3.2028161535886475,0.3202816153588648
JWST,31692874129352.28,1.7,3.2257320904804883,0.3225732090480488
JWST,31688522161182.234,1.7,3.2695873708364336,0.32695873708364337
JWST,31684171388045.906,1.7,3.174735254271267,0.31747352542712676
JWST,31679821809451.13,1.7,3.2132805187717715,0.32132805187717717
JWST,31675473424906.027,1.7,3.1939206272678495,0.31939206272678494
JWST,31671126233918.973,1.7,3.2069863876529356,0.3206986387652936
JWST,31666780235998.605,1.7,3.2620471171449914,0.32620471171449916
JWST,31662435430653.863,1.7,3.1915534386722344,0.3191553438672235
JWST,31658091817393.93,1.7,3.1746814719358705,0.31746814719358707
JWST,31653749395728.254,1.7,3.1614293005675176,0.31614293005675176
JWST,31649408165166.58,1.7,3.211870734224402,0.32118707342244024
JWST,31645068125218.883,1.7,3.1775784584366082,0.31775784584366085
JWST,31640729275395.453,1.7,3.1555598897649797,0.315555988976498
JWST,31636391615206.81,1.7,3.1850912657413,0.31850912657413005
JWST,31632055144163.75,1.7,3.2132809703177765,0.32132809703177767
JWST,31627719861777.36,1.7,3.212566285690289,0.3212566285690289
JWST,31623385767558.96,1.7,3.2380286604499693,0.323802866044997
JWST,31619052861020.176,1.7,3.258502645943472,0.32585026459434724
JWST,31614721141672.87,1.7,3.201976246472044,0.3201976246472044
JWST,31610390609029.18,1.7,3.177188516568372,0.3177188516568372
JWST,31606061262601.527,1.7,3.2208386209058473,0.32208386209058476
JWST,31601733101902.574,1.7,3.2464980101221905,0.3246498010122191
JWST,31597406126445.277,1.7,3.2546462360637594,0.32546462360637596
JWST,31593080335742.836,1.7,3.2722682307643525,0.3272268230764353
JWST,31588755729308.723,1.7,3.2586266564671997,0.32586266564671995
JWST,31584432306656.69,1.7,3.210403086734878,0.32104030867348776
JWST,31580110067300.74,1.7,3.2279848616800075,0.3227984861680008
JWST,31575789010755.152,1.7,3.2335045723678193,0.3233504572367819
JWST,31571469136534.465,1.7,3.293194051462846,0.32931940514628466
JWST,31567150444153.473,1.7,3.269099529542076,0.32690995295420766
JWST,31562832933127.266,1.7,3.242534093357131,0.3242534093357131
JWST,31558516602971.17,1.7,3.2357043091757975,0.32357043091757975
JWST,31554201453200.785,1.7,3.128881004270647,0.3128881004270647
JWST,31549887483331.984,1.7,3.168986460798814,0.31689864607988144
JWST,31545574692880.89,1.7,3.2472023809762427,0.32472023809762424
JWST,31541263081363.914,1.7,3.2059742626028576,0.3205974262602858
JWST,31536952648297.703,1.7,3.2353515041529226,0.32353515041529224
JWST,31532643393199.176,1.7,3.2626303952186264,0.3262630395218627
JWST,31528335315585.54,1.7,3.2114249021652874,0.3211424902165288
JWST,31524028414974.227,1.7,3.240838229418944,0.3240838229418944
JWST,31519722690882.97,1.7,3.2437123147790077,0.3243712314779008
JWST,31515418142829.74,1.7,3.2584092497682238,0.32584092497682243
JWST,31511114770332.773,1.7,3.274835570063077,0.32748355700630777
JWST,31506812572910.59,1.7,3.2803859634062493,0.32803859634062493
JWST,31502511550081.945,1.7,3.280357863155659,0.3280357863155659
JWST,31498211701365.883,1.7,3.2517354205046156,0.3251735420504616
JWST,31493913026281.69,1.7,3.2151620915924157,0.32151620915924156
JWST,31489615524348.914,1.7,3.2439036097068867,0.3243903609706887
JWST,31485319195087.39,1.7,3.2063411594089115,0.3206341159408912
JWST,31481024038017.19,1.7,3.190354673009244,0.3190354673009244
JWST,31476730052658.652,1.7,3.176425791178316,0.3176425791178316
JWST,31472437238532.39,1.7,3.1581212463599777,0.3158121246359978
JWST,31468145595159.258,1.7,3.175415539527313,0.3175415539527313
JWST,31463855122060.395,1.7,3.239584329022192,0.3239584329022192
JWST,31459565818757.18,1.7,3.2586619709836535,0.3258661970983654
JWST,31455277684771.26,1.7,3.297357984321339,0.3297357984321339
JWST,31450990719624.555,1.7,3.2659875292328127,0.3265987529232813
JWST,31446704922839.227,1.7,3.2579378596101285,0.3257937859610128
JWST,31442420293937.707,1.7,3.243154020520342,0.3243154020520342
JWST,31438136832442.69,1.7,3.2557647819188618,0.3255764781918862
JWST,31433854537877.12,1.7,3.2379099591733507,0.3237909959173351
JWST,31429573409764.22,1.7,3.2240721850968663,0.3224072185096867
JWST,31425293447627.44,1.7,3.234448689571243,0.3234448689571243
JWST,31421014650990.535,1.7,3.1969281628438124,0.3196928162843813
JWST,31416737019377.48,1.7,3.190153171306345,0.3190153171306345
JWST,31412460552312.52,1.7,3.189799173386444,0.3189799173386444
JWST,31408185249320.17,1.7,3.2072250012640704,0.3207225001264071
JWST,31403911109925.2,1.7,3.204443092710814,0.3204443092710814
JWST,31399638133652.62,1.7,3.185298652819872,0.3185298652819872
JWST,31395366320027.73,1.7,3.2313329710010446,0.32313329710010447
JWST,31391095668576.06,1.7,3.1216922137191108,0.3121692213719111
JWST,31386826178823.418,1.7,3.1757868752809983,0.31757868752809987
JWST,31382557850295.86,1.7,3.199226132074382,0.3199226132074382
JWST,31378290682519.69,1.7,3.1859579829458484,0.3185957982945849
JWST,31374024675021.504,1.7,3.2134173983442875,0.3213417398344288
JWST,31369759827328.11,1.7,3.2492390704335525,0.3249239070433553
JWST,31365496138966.613,1.7,3.2366216900435845,0.3236621690043585
JWST,31361233609464.35,1.7,3.2108615174172503,0.32108615174172506
JWST,31356972238348.918,1.7,3.236886720023021,0.3236886720023021
JWST,31352712025148.188,1.7,3.274911991913082,0.3274911991913082
JWST,31348452969390.266,1.7,3.2281468271622464,0.32281468271622465
JWST,31344195070603.527,1.7,3.306492707557983,0.33064927075579825
JWST,31339938328316.598,1.7,3.2825662024195057,0.3282566202419506
JWST,31335682742058.36,1.7,3.0678306841809637,0.3067830684180964
JWST,31331428311357.957,1.7,3.1849311371317977,0.3184931137131798
JWST,31327175035744.785,1.7,3.203455373992897,0.3203455373992897
JWST,31322922914748.49,1.7,3.205611780856624,0.3205611780856624
JWST,31318671947898.98,1.7,3.194671012616783,0.3194671012616783
JWST,31314422134726.414,1.7,3.216587507419619,0.32165875074196193
JWST,31310173474761.215,1.7,3.205931537983638,0.32059315379836384
JWST,31305925967534.05,1.7,3.241024070376169,0.3241024070376169
JWST,31301679612575.84,1.7,3.2210007510088308,0.3221000751008831
JWST,31297434409417.777,1.7,3.2334227990597735,0.3233422799059773
JWST,31293190357591.28,1.7,3.207798633052446,0.3207798633052446
JWST,31288947456628.055,1.7,3.210270843683349,0.32102708436833494
JWST,31284705706060.03,1.7,3.2157811503631755,0.32157811503631756
JWST,31280465105419.406,1.7,3.28394560636898,0.32839456063689804
JWST,31276225654238.637,1.7,3.2320619289237142,0.32320619289237146
JWST,31271987352050.42,1.7,3.1843997325545907,0.31843997325545914
JWST,31267750198387.72,1.7,3.1962113486003214,0.31962113486003213
JWST,31263514192783.742,1.7,3.2459321936709498,0.324593219367095
JWST,31259279334771.94,1.7,3.2130543922354624,0.32130543922354626
JWST,31255045623886.047,1.7,3.2687182787466154,0.3268718278746615
JWST,31250813059660.016,1.7,3.209676528953132,0.3209676528953132
JWST,31246581641628.074,1.7,3.245399559778035,0.32453995597780355
JWST,31242351369324.695,1.7,3.2119741405806606,0.32119741405806607
JWST,31238122242284.594,1.7,3.1928058110706865,0.31928058110706864
JWST,31233894260042.76,1.7,3.1704768368137395,0.317047683681374
JWST,31229667422134.42,1.7,3.0929483253167698,0.309294832531677
JWST,31225441728095.043,1.7,3.127607956378676,0.31276079563786763
JWST,31221217177460.375,1.7,3.17450191698412,0.31745019169841204
JWST,31216993769766.383,1.7,3.1640905370474,0.31640905370474004
JWST,31212771504549.312,1.7,2.9297022020457364,0.2929702202045737
JWST,31208550381345.645,1.7,3.1760382989745883,0.31760382989745883
JWST,31204330399692.11,1.7,3.2111715800018525,0.32111715800018525
JWST,31200111559125.703,1.7,3.1478474847376234,0.31478474847376237
JWST,31195893859183.645,1.7,3.159881571582579,0.31598815715825795
JWST,31191677299403.44,1.7,3.162183193214709,0.31621831932147093
JWST,31187461879322.816,1.7,3.24315403328342,0.324315403328342
JWST,31183247598479.75,1.7,3.2493005301276523,0.32493005301276523
JWST,31179034456412.496,1.7,3.2018153002100807,0.32018153002100813
JWST,31174822452659.527,1.7,3.273550681181577,0.32735506811815773
JWST,31170611586759.574,1.7,3.228425738668471,0.3228425738668471
JWST,31166401858251.633,1.7,3.183275370924172,0.31832753709241723
JWST,31162193266674.93,1.7,3.135241892306236,0.31352418923062364
JWST,31157985811568.95,1.7,3.1722647019509727,0.3172264701950973
JWST,31153779492473.418,1.7,3.2281484734849055,0.3228148473484906
JWST,31149574308928.312,1.7,3.273530553802269,0.3273530553802269
JWST,31145370260473.87,1.7,3.2857348431963382,0.32857348431963385
JWST,31141167346650.555,1.7,3.1707778361746026,0.31707778361746025
JWST,31136965566999.1,1.7,3.1871067643073987,0.31871067643073986
JWST,31132764921060.473,1.7,3.050894077620288,0.3050894077620288
JWST,31128565408375.883,1.7,2.992896055738882,0.2992896055738882
JWST,31124367028486.816,1.7,3.177135319176262,0.31771353191762625
JWST,31120169780934.965,1.7,3.2486162662609726,0.3248616266260973
JWST,31115973665262.31,1.7,3.301349960551775,0.3301349960551775
JWST,31111778681011.047,1.7,3.2488173891117564,0.3248817389111757
JWST,31107584827723.63,1.7,3.229043592453804,0.32290435924538047
JWST,31103392104942.77,1.7,3.2134306435615576,0.3213430643561558
JWST,31099200512211.402,1.7,3.2124304470037885,0.32124304470037884
JWST,31095010049072.73,1.7,3.2235214633506084,0.3223521463350608
JWST,31090820715070.195,1.7,3.251401351406545,0.32514013514065454
JWST,31086632509747.477,1.7,3.2874632707539324,0.32874632707539325
JWST,31082445432648.516,1.7,3.3103509858298863,0.3310350985829887
JWST,31078259483317.484,1.7,3.294148506082533,0.3294148506082533
JWST,31074074661298.8,1.7,3.204527426774418,0.3204527426774419
JWST,31069890966137.145,1.7,3.2071464093160604,0.320714640931606
JWST,31065708397377.42,1.7,3.229010082411042,0.32290100824110424
JWST,31061526954564.8,1.7,3.26093418622239,0.326093418622239
JWST,31057346637244.68,1.7,3.2435582547331645,0.32435582547331643
JWST,31053167444962.7,1.7,3.1784905425425953,0.3178490542542595
JWST,31048989377264.77,1.7,3.2509641074564533,0.3250964107456453
JWST,31044812433697.01,1.7,3.2248229811000715,0.32248229811000717
JWST,31040636613805.82,1.7,3.181504276110152,0.31815042761101525
JWST,31036461917137.816,1.7,3.266094251965222,0.3266094251965222
JWST,31032288343239.863,1.7,3.3033662986737573,0.3303366298673757
JWST,31028115891659.082,1.7,3.258439140953158,0.3258439140953158
JWST,31023944561942.824,1.7,3.208024010420993,0.32080240104209934
JWST,31019774353638.7,1.7,3.1915147959648285,0.3191514795964829
JWST,31015605266294.543,1.7,3.2155746564186427,0.32155746564186427
JWST,31011437299458.438,1.7,3.1861416292739406,0.31861416292739403
JWST,31007270452678.723,1.7,3.1978209216772924,0.3197820921677293
JWST,31003104725503.97,1.7,3.1973638728024016,0.3197363872802402
JWST,30998940117482.98,1.7,3.251429094655543,0.3251429094655543
JWST,30994776628164.824,1.7,3.24166073030455,0.3241660730304551
JWST,30990614257098.793,1.7,3.289171194139852,0.3289171194139852
JWST,30986453003834.438,1.7,3.2722513046294877,0.32722513046294877
JWST,30982292867921.535,1.7,3.309260547057881,0.3309260547057881
JWST,30978133848910.105,1.7,3.294382320752242,0.32943823207522416
JWST,30973975946350.426,1.7,3.2414064251187913,0.32414064251187913
JWST,30969819159792.996,1.7,3.176498057130734,0.3176498057130734
JWST,30965663488788.57,1.7,3.1875703393805956,0.31875703393805954
JWST,30961508932888.137,1.7,3.211961928648291,0.32119619286482914
JWST,30957355491642.926,1.7,3.090820012406904,0.3090820012406904
JWST,30953203164604.414,1.7,3.0172180994453512,0.3017218099445351
JWST,30949051951324.3,1.7,3.0049094261293043,0.30049094261293047
JWST,30944901851354.56,1.7,2.9402203690846123,0.29402203690846124
JWST,30940752864247.37,1.7,3.0094740081580342,0.30094740081580346
JWST,30936604989555.168,1.7,3.01181638845761,0.30118163884576105
JWST,30932458226830.63,1.7,3.1185087586849454,0.3118508758684946
JWST,30928312575626.668,1.7,3.169737205785367,0.3169737205785367
JWST,30924168035496.43,1.7,3.251949441132646,0.32519494411326466
JWST,30920024605993.316,1.7,3.227023243242409,0.3227023243242409
JWST,30915882286670.95,1.7,3.137959761560117,0.31379597615601174
JWST,30911741077083.21,1.7,3.1250557748147667,0.3125055774814767
JWST,30907600976784.207,1.7,3.090455908599358,0.3090455908599358
JWST,30903461985328.28,1.7,3.1152099345530293,0.311520993455303
JWST,30899324102270.027,1.7,3.1171577342036945,0.3117157734203695
JWST,30895187327164.266,1.7,3.123624902704295,0.31236249027042956
JWST,30891051659566.07,1.7,3.057759961797037,0.30577599617970375
JWST,30886917099030.734,1.7,3.1101304178798763,0.31101304178798767
JWST,30882783645113.8,1.7,3.1339846812683394,0.3133984681268339
JWST,30878651297371.05,1.7,3.1630698656406677,0.31630698656406675
JWST,30874520055358.492,1.7,3.1706709456544964,0.3170670945654496
JWST,30870389918632.395,1.7,3.1921289143268146,0.31921289143268144
JWST,30866260886749.24,1.7,3.239175714567949,0.32391757145679495
JWST,30862132959265.746,1.7,3.180984310611405,0.3180984310611405
JWST,30858006135738.9,1.7,3.1819152361772645,0.31819152361772646
JWST,30853880415725.89,1.7,3.2317121911588598,0.32317121911588603
JWST,30849755798784.156,1.7,3.264779065747386,0.3264779065747387
JWST,30845632284471.38,1.7,3.2752869014568002,0.32752869014568
JWST,30841509872345.465,1.7,3.323268652246035,0.33232686522460353
JWST,30837388561964.574,1.7,3.2811131383905088,0.3281113138390509
JWST,30833268352887.082,1.7,3.276484960221048,0.32764849602210483
JWST,30829149244671.605,1.7,3.2143973698164436,0.32143973698164435
JWST,30825031236877.01,1.7,3.166728752975695,0.31667287529756954
JWST,30820914329062.383,1.7,3.190661433189016,0.31906614331890165
JWST,30816798520787.06,1.7,3.2581345737828795,0.325813457378288
JWST,30812683811610.594,1.7,3.299147797674831,0.3299147797674831
JWST,30808570201092.785,1.7,3.3255198364999576,0.3325519836499958
JWST,30804457688793.676,1.7,3.290564108000668,0.3290564108000668
JWST,30800346274273.52,1.7,3.320738998785299,0.3320738998785299
JWST,30796235957092.832,1.7,3.2531955634398906,0.32531955634398907
JWST,30792126736812.348,1.7,3.2158938899613454,0.32158938899613454
JWST,30788018612993.035,1.7,3.235640251907363,0.32356402519073635
JWST,30783911585196.1,1.7,3.245658166454052,0.32456581664540524
JWST,30779805652982.992,1.7,3.271536476864738,0.3271536476864738
JWST,30775700815915.375,1.7,3.2784549850641356,0.3278454985064136
JWST,30771597073555.16,1.7,3.2506705560078135,0.32506705560078136
JWST,30767494425464.49,1.7,3.2305056344934577,0.3230505634493458
JWST,30763392871205.742,1.7,3.249845467089893,0.32498454670898935
JWST,30759292410341.523,1.7,3.239428407518764,0.3239428407518764
JWST,30755193042434.668,1.7,3.2776103636721077,0.32776103636721077
JWST,30751094767048.26,1.7,3.237468134938179,0.3237468134938179
JWST,30746997583745.605,1.7,3.2340091929245225,0.3234009192924523
JWST,30742901492090.246,1.7,3.2555126082247607,0.3255512608224761
JWST,30738806491645.953,1.7,3.2830410539570125,0.32830410539570126
JWST,30734712581976.727,1.7,3.3235109459269934,0.33235109459269935
JWST,30730619762646.812,1.7,3.306971417100402,0.3306971417100402
JWST,30726528033220.67,1.7,3.2826573531840912,0.3282657353184092
JWST,30722437393263.016,1.7,3.2834364520549086,0.3283436452054909
JWST,30718347842338.77,1.7,3.307786870356118,0.33077868703561175
JWST,30714259380013.098,1.7,3.2961492641763566,0.3296149264176357
JWST,30710172005851.406,1.7,3.3131972112754102,0.33131972112754104
JWST,30706085719419.312,1.7,3.2509624828413424,0.32509624828413425
JWST,30702000520282.68,1.7,3.279616575575295,0.3279616575575295
JWST,30697916408007.598,1.7,3.1877774425762664,0.31877774425762667
JWST,30693833382160.383,1.7,3.07562252602803,0.307562252602803
JWST,30689751442307.594,1.7,3.1535139144588777,0.3153513914458878
JWST,30685670588016.01,1.7,3.222461186232093,0.3222461186232093
JWST,30681590818852.64,1.7,3.2076675065918585,0.32076675065918586
JWST,30677512134384.73,1.7,3.149263917497965,0.31492639174979653
JWST,30673434534179.75,1.7,3.1924159004149124,0.3192415900414913
JWST,30669358017805.41,1.7,3.2225804799003526,0.32225804799003527
JWST,30665282584829.633,1.7,3.244492630850983,0.32444926308509836
JWST,30661208234820.582,1.7,3.254043260768699,0.32540432607686987
JWST,30657134967346.656,1.7,3.248303043357944,0.3248303043357944
JWST,30653062781976.465,1.7,3.280462419511128,0.32804624195111287
JWST,30648991678278.87,1.7,3.2459827595134043,0.32459827595134044
JWST,30644921655822.945,1.7,3.2711653785462045,0.32711653785462047
JWST,30640852714177.992,1.7,3.2897845894976157,0.32897845894976163
JWST,30636784852913.562,1.7,3.2249852514635338,0.3224985251463534
JWST,30632718071599.402,1.7,3.219272136930296,0.3219272136930296
JWST,30628652369805.52,1.7,3.2947860130280864,0.32947860130280865
JWST,30624587747102.133,1.7,3.253517365907228,0.32535173659072286
JWST,30620524203059.688,1.7,3.285305902583667,0.32853059025836673
JWST,30616461737248.867,1.7,3.2814916806847063,0.32814916806847066
JWST,30612400349240.574,1.7,3.1837681030776253,0.31837681030776255
JWST,30608340038605.94,1.7,3.1980127415979145,0.3198012741597915
JWST,30604280804916.332,1.7,3.262200092875732,0.3262200092875732
JWST,30600222647743.33,1.7,3.24594792708514,0.324594792708514
JWST,30596165566658.754,1.7,3.2835318523069734,0.3283531852306974
JWST,30592109561234.65,1.7,3.261462238578069,0.32614622385780695
JWST,30588054631043.277,1.7,3.203837195020621,0.32038371950206207
JWST,30584000775657.14,1.7,3.2183847798554646,0.32183847798554643
JWST,30579947994648.957,1.7,3.2195429437401653,0.32195429437401657
JWST,30575896287591.684,1.7,3.2216700723213463,0.32216700723213465
JWST,30571845654058.492,1.7,3.195355257147117,0.3195355257147117
JWST,30567796093622.777,1.7,3.2217483761879318,0.32217483761879323
JWST,30563747605858.176,1.7,3.2338430537990175,0.32338430537990176
JWST,30559700190338.53,1.7,3.2257390034745,0.32257390034745004
JWST,30555653846637.934,1.7,3.1807909276681894,0.31807909276681895
JWST,30551608574330.684,1.7,3.16977189457632,0.31697718945763204
JWST,30547564372991.305,1.7,3.2396544510889993,0.32396544510889996
JWST,30543521242194.566,1.7,3.3265936672389214,0.3326593667238921
JWST,30539479181515.438,1.7,3.2405657277441704,0.324056572774417
JWST,30535438190529.12,1.7,3.2561278454499187,0.3256127845449919
JWST,30531398268811.06,1.7,3.228706661076003,0.32287066610760035
JWST,30527359415936.89,1.7,3.183034503750697,0.3183034503750697
JWST,30523321631482.516,1.7,3.159369305913925,0.31593693059139255
JWST,30519284915024.023,1.7,3.1791234904089434,0.3179123490408943
JWST,30515249266137.74,1.7,3.233048233520477,0.3233048233520477
JWST,30511214684400.227,1.7,3.216555550138108,0.3216555550138108
JWST,30507181169388.25,1.7,3.2868692974089444,0.3286869297408945
JWST,30503148720678.824,1.7,3.2610366832309343,0.32610366832309345
JWST,30499117337849.156,1.7,3.2262528971531195,0.32262528971531196
JWST,30495087020476.7,1.7,3.237414387740969,0.3237414387740969
JWST,30491057768139.13,1.7,3.2729452874155434,0.32729452874155435
JWST,30487029580414.324,1.7,3.2316740880343597,0.323167408803436
JWST,30483002456880.418,1.7,3.203980431313364,0.3203980431313364
JWST,30478976397115.742,1.7,3.226326775854259,0.3226326775854259
JWST,30474951400698.85,1.7,3.217918900176004,0.3217918900176004
JWST,30470927467208.543,1.7,3.230505977047414,0.3230505977047414
JWST,30466904596223.82,1.7,3.285007189980049,0.3285007189980049
JWST,30462882787323.902,1.7,3.20109711818393,0.32010971181839304
JWST,30458862040088.254,1.7,3.271018869135848,0.3271018869135848
JWST,30454842354096.54,1.7,3.23166215354703,0.32316621535470297
JWST,30450823728928.66,1.7,3.216913110330663,0.32169131103306636
JWST,30446806164164.734,1.7,3.262417206839093,0.32624172068390933
JWST,30442789659385.086,1.7,3.246524642143209,0.3246524642143209
JWST,30438774214170.297,1.7,3.22466096842136,0.32246609684213606
JWST,30434759828101.125,1.7,3.232686275571997,0.3232686275571997
JWST,30430746500758.594,1.7,3.278933741376311,0.3278933741376311
JWST,30426734231723.918,1.7,3.2104060149513702,0.321040601495137
JWST,30422723020578.535,1.7,3.1687495513546393,0.316874955135464
JWST,30418712866904.117,1.7,3.177029617352397,0.3177029617352397
JWST,30414703770282.547,1.7,3.2667573689997087,0.32667573689997087
JWST,30410695730295.934,1.7,3.2711348005507825,0.3271134800550783
JWST,30406688746526.605,1.7,3.2041712164208165,0.32041712164208164
JWST,30402682818557.094,1.7,3.2314682468970473,0.32314682468970474
JWST,30398677945970.184,1.7,3.2569099454428923,0.32569099454428924
JWST,30394674128348.85,1.7,3.17079319468925,0.31707931946892504
JWST,30390671365276.297,1.7,3.2110799998799195,0.321107999987992
JWST,30386669656335.957,1.7,3.1672547289608928,0.3167254728960893
JWST,30382669001111.47,1.7,3.167923605642204,0.31679236056422044
JWST,30378669399186.7,1.7,3.225548776114865,0.32255487761148655
JWST,30374670850145.73,1.7,3.2272876791514573,0.32272876791514576
JWST,30370673353572.86,1.7,3.2306589642901256,0.32306589642901257
JWST,30366676909052.617,1.7,3.233495885254677,0.32334958852546775
JWST,30362681516169.73,1.7,3.1901853771653528,0.31901853771653527
JWST,30358687174509.168,1.7,3.2082774479074025,0.3208277447907403
JWST,30354693883656.098,1.7,3.2136809008354765,0.32136809008354766
JWST,30350701643195.918,1.7,3.147709108988737,0.3147709108988737
JWST,30346710452714.242,1.7,3.1912889830617113,0.31912889830617114
JWST,30342720311796.895,1.7,3.234867017076295,0.32348670170762955
JWST,30338731220029.93,1.7,3.2120387806360022,0.32120387806360023
JWST,30334743176999.613,1.7,3.1610282364041007,0.31610282364041015
JWST,30330756182292.426,1.7,3.1669478624917873,0.31669478624917874
JWST,30326770235495.066,1.7,3.261131693078599,0.32611316930785994
JWST,30322785336194.46,1.7,3.3338863928393745,0.33338863928393747
JWST,30318801483977.73,1.7,3.1938444670403694,0.319384446704037
JWST,30314818678432.242,1.7,3.1573480440585677,0.31573480440585683
JWST,30310836919145.555,1.7,3.196309300760086,0.3196309300760086
JWST,30306856205705.457,1.7,3.2063580072497664,0.32063580072497666
JWST,30302876537699.957,1.7,3.238357281664809,0.32383572816648093
JWST,30298897914717.258,1.7,3.227954898187604,0.3227954898187604
JWST,30294920336345.805,1.7,3.2588161285967514,0.32588161285967515
JWST,30290943802174.246,1.7,3.3458416242597964,0.33458416242597966
JWST,30286968311791.453,1.7,3.329979777159602,0.33299797771596024
JWST,30282993864786.504,1.7,3.2986838895039425,0.3298683889503943
JWST,30279020460748.688,1.7,3.2547649467322364,0.32547649467322365
JWST,30275048099267.535,1.7,3.2161527654971893,0.32161527654971894
JWST,30271076779932.76,1.7,3.214339760680784,0.32143397606807844
JWST,30267106502334.324,1.7,3.2322008069241663,0.32322008069241664
JWST,30263137266062.37,1.7,3.2318944860794696,0.32318944860794696
JWST,30259169070707.273,1.7,3.2029902879868057,0.3202990287986806
JWST,30255201915859.633,1.7,3.2445167745553447,0.3244516774555345
JWST,30251235801110.246,1.7,3.237855218278487,0.3237855218278487
JWST,30247270726050.133,1.7,3.2328470625649333,0.32328470625649336
JWST,30243306690270.527,1.7,3.2293840385752373,0.32293840385752376
JWST,30239343693362.867,1.7,3.2601009822759646,0.3260100982275965
JWST,30235381734918.83,1.7,3.2572217119451095,0.32572217119451097
JWST,30231420814530.277,1.7,3.229142363318285,0.32291423633182853
JWST,30227460931789.297,1.7,3.2204053461787385,0.3220405346178739
JWST,30223502086288.203,1.7,3.301843129695579,0.3301843129695579
JWST,30219544277619.5,1.7,3.3503019824487486,0.33503019824487484
JWST,30215587505375.926,1.7,3.3067722214224124,0.33067722214224127
JWST,30211631769150.42,1.7,3.319955750040954,0.3319955750040954
JWST,30207677068536.137,1.7,3.2735274864748316,0.32735274864748315
JWST,30203723403126.45,1.7,3.275708602707489,0.32757086027074894
JWST,30199770772514.934,1.7,3.254662517687942,0.3254662517687942
JWST,30195819176295.39,1.7,3.229193756904479,0.32291937569044793
JWST,30191868614061.824,1.7,3.2672184501739903,0.32672184501739904
JWST,30187919085408.45,1.7,3.2814321437062035,0.3281432143706204
JWST,30183970589929.707,1.7,3.266622633161518,0.3266622633161518
JWST,30180023127220.23,1.7,3.265297522675884,0.3265297522675884
JWST,30176076696874.887,1.7,3.22674791615957,0.322674791615957
JWST,30172131298488.74,1.7,3.23023151630506,0.32302315163050604
JWST,30168186931657.06,1.7,3.2355354299180683,0.32355354299180683
JWST,30164243595975.355,1.7,3.2296379867426643,0.32296379867426644
JWST,30160301291039.316,1.7,3.249804994257212,0.3249804994257212
JWST,30156360016444.855,1.7,3.215985831490055,0.3215985831490055
JWST,30152419771788.11,1.7,3.217891055365477,0.3217891055365477
JWST,30148480556665.402,1.7,3.2270585031882506,0.3227058503188251
JWST,30144542370673.293,1.7,3.1877467844750624,0.3187746784475063
JWST,30140605213408.53,1.7,3.277386350239909,0.3277386350239909
JWST,30136669084468.086,1.7,3.3166142241941987,0.33166142241941987
JWST,30132733983449.14,1.7,3.3265542806472657,0.3326554280647266
JWST,30128799909949.074,1.7,3.2808437112591746,0.3280843711259175
JWST,30124866863565.504,1.7,3.2768085703568643,0.32768085703568645
JWST,30120934843896.227,1.7,3.3135271730063027,0.33135271730063026
JWST,30117003850539.26,1.7,3.269657072100259,0.32696570721002594
JWST,30113073883092.848,1.7,3.2996611937998783,0.3299661193799878
JWST,30109144941155.414,1.7,3.277547694823358,0.32775476948233584
JWST,30105217024325.617,1.7,3.288545003936853,0.32885450039368536
JWST,30101290132202.312,1.7,3.302421897136538,0.3302421897136538
JWST,30097364264384.562,1.7,3.3092498098199186,0.33092498098199186
JWST,30093439420471.656,1.7,3.227621503828276,0.3227621503828277
JWST,30089515600063.066,1.7,3.276568657390579,0.32765686573905795
JWST,30085592802758.49,1.7,3.357885810058483,0.33578858100584835
JWST,30081671028157.836,1.7,3.350436468683498,0.3350436468683498
JWST,30077750275861.207,1.7,3.2466291181292313,0.3246629118129231
JWST,30073830545468.938,1.7,3.243575470868006,0.3243575470868006
JWST,30069911836581.547,1.7,3.261990997261756,0.3261990997261756
JWST,30065994148799.766,1.7,3.200743761877203,0.32007437618772033
JWST,30062077481724.55,1.7,3.178034040258044,0.31780340402580437
JWST,30058161834957.047,1.7,3.2739720102102488,0.32739720102102493
JWST,30054247208098.617,1.7,3.259805455246916,0.32598054552469163
JWST,30050333600750.836,1.7,3.162499853530235,0.3162499853530235
JWST,30046421012515.465,1.7,3.2066678457024436,0.32066678457024433
JWST,30042509442994.496,1.7,3.295894943753067,0.3295894943753067
JWST,30038598891790.117,1.7,3.2739147627648433,0.32739147627648435
JWST,30034689358504.73,1.7,3.266091643460099,0.32660916434600995
JWST,30030780842740.938,1.7,3.2586489498802624,0.3258648949880263
JWST,30026873344101.543,1.7,3.267730906285288,0.3267730906285288
JWST,30022966862189.574,1.7,3.3274915986908553,0.3327491598690855
JWST,30019061396608.254,1.7,3.350916612956454,0.33509166129564544
JWST,30015156946961.0,1.7,3.3104616401372207,0.3310461640137221
JWST,30011253512851.47,1.7,3.3102754509669334,0.33102754509669335
JWST,30007351093883.49,1.7,3.320155215468937,0.33201552154689373
JWST,30003449689661.12,1.7,3.280422764459841,0.3280422764459841
JWST,29999549299788.613,1.7,3.2809737899902554,0.3280973789990256
JWST,29995649923870.42,1.7,3.259995607606599,0.3259995607606599
JWST,29991751561511.227,1.7,3.1759876140895407,0.3175987614089541
JWST,29987854212315.887,1.7,3.1710082902441563,0.31710082902441566
JWST,29983957875889.492,1.7,3.2224057106616777,0.32224057106616777
JWST,29980062551837.316,1.7,3.172051497864769,0.31720514978647696
JWST,29976168239764.844,1.7,3.2063437934511594,0.32063437934511596
JWST,29972274939277.777,1.7,3.198696160999892,0.31986961609998926
JWST,29968382649982.004,1.7,3.217255565788062,0.32172555657880625
JWST,29964491371483.637,1.7,3.217636339624405,0.32176363396244057
JWST,29960601103388.98,1.7,3.2066835381123973,0.32066835381123976
JWST,29956711845304.535,1.7,3.2234639771631457,0.3223463977163146
JWST,29952823596837.027,1.7,3.2128777857251674,0.3212877785725168
JWST,29948936357593.375,1.7,3.2703759150365057,0.3270375915036506
JWST,29945050127180.695,1.7,3.357823503107166,0.33578235031071657
JWST,29941164905206.33,1.7,3.3392355359811945,0.3339235535981195
JWST,29937280691277.79,1.7,3.3017421943943743,0.3301742194394375
JWST,29933397485002.83,1.7,3.327873336506421,0.33278733365064206
JWST,29929515285989.375,1.7,3.362983410762622,0.3362983410762622
JWST,29925634093845.57,1.7,3.3434142646468823,0.33434142646468823
JWST,29921753908179.766,1.7,3.3141293840947963,0.33141293840947966
JWST,29917874728600.5,1.7,3.2768279073763367,0.3276827907376337
JWST,29913996554716.535,1.7,3.2820809157074913,0.32820809157074915
JWST,29910119386136.82,1.7,3.2636074664565,0.32636074664565
JWST,29906243222470.508,1.7,3.2671072879565126,0.3267107287956513
JWST,29902368063326.965,1.7,3.25622922507644,0.325622922507644
JWST,29898493908315.742,1.7,3.249419001895329,0.3249419001895329
JWST,29894620757046.62,1.7,3.220489917050945,0.3220489917050945
JWST,29890748609129.55,1.7,3.239919023752295,0.3239919023752295
JWST,29886877464174.707,1.7,3.2139678640655354,0.32139678640655356
JWST,29883007321792.46,1.7,3.299479651492709,0.32994796514927094
JWST,29879138181593.38,1.7,3.280464619488303,0.3280464619488303
JWST,29875270043188.24,1.7,3.297460703497781,0.3297460703497781
JWST,29871402906188.016,1.7,3.289269656795361,0.32892696567953617
JWST,29867536770203.883,1.7,3.2916270756219754,0.32916270756219757
JWST,29863671634847.227,1.7,3.283255275716213,0.3283255275716213
JWST,29859807499729.617,1.7,3.292886789092985,0.3292886789092985
JWST,29855944364462.836,1.7,3.3358392592060926,0.33358392592060926
JWST,29852082228658.867,1.7,3.3452296668907526,0.3345229666890753
JWST,29848221091929.887,1.7,3.3040473448603116,0.3304047344860312
JWST,29844360953888.28,1.7,3.3307815908261613,0.3330781590826162
JWST,29840501814146.637,1.7,3.3031126069470096,0.330311260694701
JWST,29836643672317.727,1.7,3.2739333821003926,0.3273933382100393
JWST,29832786528014.543,1.7,3.2756772477519784,0.32756772477519785
JWST,29828930380850.26,1.7,3.2626797819160442,0.32626797819160447
JWST,29825075230438.277,1.7,3.2621946410756313,0.32621946410756314
JWST,29821221076392.16,1.7,3.2382954212923036,0.3238295421292304
JWST,29817367918325.7,1.7,3.2338612460529914,0.3233861246052992
JWST,29813515755852.88,1.7,3.2232062053556514,0.32232062053556515
JWST,29809664588587.875,1.7,3.2489028780266933,0.3248902878026694
JWST,29805814416145.08,1.7,3.2295552203953757,0.3229555220395376
JWST,29801965238139.062,1.7,3.2245625022094266,0.32245625022094265
JWST,29798117054184.6,1.7,3.2720738841749895,0.32720738841749897
JWST,29794269863896.688,1.7,3.230961863453741,0.3230961863453741
JWST,29790423666890.492,1.7,3.248063978883487,0.3248063978883487
JWST,29786578462781.383,1.7,3.261074379249084,0.32610743792490837
JWST,29782734251184.945,1.7,3.2214461934182426,0.32214461934182426
JWST,29778891031716.945,1.7,3.2768984629163724,0.3276898462916373
JWST,29775048803993.363,1.7,3.2880417938924595,0.32880417938924594
JWST,29771207567630.36,1.7,3.2691798371571137,0.3269179837157114
JWST,29767367322244.305,1.7,3.287465759896851,0.3287465759896851
JWST,29763528067451.766,1.7,3.2725339710739925,0.32725339710739926
JWST,29759689802869.5,1.7,3.2277570262042214,0.32277570262042216
JWST,29755852528114.477,1.7,3.268108020595506,0.32681080205955065
JWST,29752016242803.848,1.7,3.2701796589482357,0.32701796589482357
JWST,29748180946554.97,1.7,3.2863451071194367,0.3286345107119437
JWST,29744346638985.402,1.7,3.312957546011478,0.33129575460114785
JWST,29740513319712.883,1.7,3.286007297181856,0.32860072971818566
JWST,29736680988355.375,1.7,3.2688152958982806,0.3268815295898281
JWST,29732849644531.01,1.7,3.3059862143152197,0.33059862143152197
JWST,29729019287858.13,1.7,3.2947286988778233,0.32947286988778235
JWST,29725189917955.28,1.7,3.296921697170965,0.32969216971709653
JWST,29721361534441.19,1.7,3.276138797549768,0.32761387975497686
JWST,29717534136934.785,1.7,3.2316890208971087,0.3231689020897109
JWST,29713707725055.203,1.7,3.242477832830661,0.3242477832830661
JWST,29709882298421.754,1.7,3.2674364499039625,0.32674364499039626
JWST,29706057856653.97,1.7,3.2551796985551062,0.3255179698555106
JWST,29702234399371.56,1.7,3.2039206950164614,0.32039206950164617
JWST,29698411926194.426,1.7,3.2111169381581615,0.32111169381581617
JWST,29694590436742.688,1.7,3.2143592631304423,0.32143592631304424
JWST,29690769930636.637,1.7,3.230852905095349,0.3230852905095349
JWST,29686950407496.777,1.7,3.256513653427214,0.3256513653427214
JWST,29683131866943.8,1.7,3.239122804440483,0.32391228044404835
JWST,29679314308598.586,1.7,3.20699168708024,0.320699168708024
JWST,29675497732082.23,1.7,3.25874463369097,0.32587446336909703
JWST,29671682137015.992,1.7,3.3102920724748572,0.3310292072474857
JWST,29667867523021.363,1.7,3.2953812938673988,0.3295381293867399
JWST,29664053889720.0,1.7,3.280548073972963,0.3280548073972963
JWST,29660241236733.76,1.7,3.2809337134702137,0.3280933713470214
JWST,29656429563684.71,1.7,3.2484319787032354,0.32484319787032356
JWST,29652618870195.094,1.7,3.2391874293870404,0.3239187429387041
JWST,29648809155887.35,1.7,3.239316058457167,0.32393160584571673
JWST,29645000420384.125,1.7,3.2592597898658813,0.3259259789865882
JWST,29641192663308.242,1.7,3.266848243752524,0.32668482437525237
JWST,29637385884282.742,1.7,3.2298268041672764,0.3229826804167277
JWST,29633580082930.83,1.7,3.253770424656921,0.3253770424656921
JWST,29629775258875.918,1.7,3.2552310355026823,0.32552310355026826
JWST,29625971411741.62,1.7,3.2297733438143363,0.32297733438143367
JWST,29622168541151.734,1.7,3.2437804275897233,0.32437804275897236
JWST,29618366646730.25,1.7,3.2751087158534036,0.32751087158534037
JWST,29614565728101.36,1.7,3.2510258715696985,0.3251025871569698
JWST,29610765784889.43,1.7,3.234043144588609,0.3234043144588609
JWST,29606966816719.043,1.7,3.203015314844849,0.3203015314844849
JWST,29603168823214.953,1.7,3.1776670593150604,0.3177667059315061
JWST,29599371804002.125,1.7,3.213964172400294,0.32139641724002943
JWST,29595575758705.707,1.7,3.184786760900393,0.31847867609003927
JWST,29591780686951.03,1.7,3.2384925937621873,0.3238492593762187
JWST,29587986588363.64,1.7,3.364707046605511,0.3364707046605511
JWST,29584193462569.258,1.7,3.2521133794251305,0.3252113379425131
JWST,29580401309193.797,1.7,3.2738671628668676,0.3273867162866868
JWST,29576610127863.37,1.7,3.2664248162276635,0.3266424816227664
JWST,29572819918204.273,1.7,3.285645839364016,0.32856458393640164
JWST,29569030679843.004,1.7,3.253404979354574,0.3253404979354574
JWST,29565242412406.246,1.7,3.1783212557015568,0.3178321255701557
JWST,29561455115520.867,1.7,3.1170231584547876,0.31170231584547875
JWST,29557668788813.94,1.7,3.1055693202397343,0.31055693202397344
JWST,29553883431912.715,1.7,3.1173798276401996,0.31173798276402
JWST,29550099044444.652,1.7,3.1579457495105028,0.3157945749510503
JWST,29546315626037.38,1.7,3.2093916374490536,0.3209391637449054
JWST,29542533176318.727,1.7,3.1835301468780313,0.31835301468780314
JWST,29538751694916.72,1.7,3.21035692080786,0.32103569208078603
JWST,29534971181459.56,1.7,3.22089289014633,0.322089289014633
JWST,29531191635575.66,1.7,3.2313028067172462,0.3231302806717246
JWST,29527413056893.6,1.7,3.2654902655751665,0.32654902655751666
JWST,29523635445042.164,1.7,3.239766973799565,0.3239766973799565
JWST,29519858799650.33,1.7,3.219029980732,0.32190299807320005
JWST,29516083120347.25,1.7,3.236346614345452,0.3236346614345452
JWST,29512308406762.273,1.7,3.2419177034918283,0.32419177034918284
JWST,29508534658524.945,1.7,3.2389242543803327,0.32389242543803326
JWST,29504761875264.992,1.7,3.2788862398706295,0.327888623987063
JWST,29500990056612.34,1.7,3.2547158184329925,0.3254715818432993
JWST,29497219202197.086,1.7,3.2094069327373296,0.320940693273733
JWST,29493449311649.53,1.7,3.230566519057654,0.3230566519057654
JWST,29489680384600.168,1.7,3.223139712028156,0.32231397120281563
JWST,29485912420679.656,1.7,3.169970186782546,0.31699701867825464
JWST,29482145419518.88,1.7,3.220954417483913,0.32209544174839133
JWST,29478379380748.875,1.7,3.2217795572918626,0.3221779557291863
JWST,29474614304000.887,1.7,3.173064876756365,0.3173064876756365
JWST,29470850188906.348,1.7,3.1655546683079567,0.3165554668307957
JWST,29467087035096.87,1.7,3.1814602428089716,0.31814602428089717
JWST,29463324842204.266,1.7,3.140230918857081,0.3140230918857081
JWST,29459563609860.527,1.7,3.1311094586270545,0.3131109458627055
JWST,29455803337697.824,1.7,3.2091350540403707,0.32091350540403707
JWST,29452044025348.543,1.7,3.244479590826315,0.3244479590826315
JWST,29448285672445.23,1.7,3.181601010787252,0.3181601010787252
JWST,29444528278620.63,1.7,3.186497849788762,0.3186497849788762
JWST,29440771843507.68,1.7,3.1706102272391528,0.31706102272391523
JWST,29437016366739.492,1.7,3.183930745128002,0.31839307451280024
JWST,29433261847949.38,1.7,3.194889622089936,0.31948896220899364
JWST,29429508286770.832,1.7,3.199485314609143,0.31994853146091434
JWST,29425755682837.523,1.7,3.1840768580908345,0.31840768580908346
JWST,29422004035783.336,1.7,3.1605180667018726,0.3160518066701873
JWST,29418253345242.31,1.7,3.181732592742415,0.3181732592742415
JWST,29414503610848.69,1.7,3.2079240295129265,0.32079240295129263
JWST,29410754832236.91,1.7,3.212291467058202,0.3212291467058202
JWST,29407007009041.566,1.7,3.213641248885944,0.32136412488859445
JWST,29403260140897.477,1.7,3.2686853019249527,0.3268685301924953
JWST,29399514227439.613,1.7,3.2347556736678293,0.32347556736678296
JWST,29395769268303.156,1.7,3.19014174252558,0.319014174252558
JWST,29392025263123.46,1.7,3.2274085592145516,0.3227408559214552
JWST,29388282211536.062,1.7,3.230892211767447,0.3230892211767447
JWST,29384540113176.7,1.7,3.1590856644153873,0.31590856644153875
JWST,29380798967681.277,1.7,3.153651514019464,0.31536515140194643
JWST,29377058774685.91,1.7,3.1354950367619683,0.3135495036761969
JWST,29373319533826.867,1.7,3.140990760281572,0.3140990760281572
JWST,29369581244740.625,1.7,3.1563031246846744,0.3156303124684675
JWST,29365843907063.84,1.7,3.1385234621459426,0.3138523462145943
JWST,29362107520433.35,1.7,3.180973150490475,0.31809731504904754
JWST,29358372084486.176,1.7,3.1797769685963466,0.31797769685963473
JWST,29354637598859.54,1.7,3.1855945922937137,0.3185594592293714
JWST,29350904063190.816,1.7,3.21066181345867,0.32106618134586706
JWST,29347171477117.605,1.7,3.187835909221206,0.31878359092212066
JWST,29343439840277.656,1.7,3.170969445469404,0.31709694454694043
JWST,29339709152308.914,1.7,3.1709090874937984,0.3170909087493799
JWST,29335979412849.523,1.7,3.240822251985551,0.3240822251985551
JWST,29332250621537.78,1.7,3.2111563185179626,0.32111563185179626
JWST,29328522778012.203,1.7,3.2493253590621443,0.32493253590621446
JWST,29324795881911.47,1.7,3.239408844097976,0.3239408844097977
JWST,29321069932874.43,1.7,3.183273426988588,0.3183273426988588
JWST,29317344930540.156,1.7,3.193292339887969,0.3193292339887969
JWST,29313620874547.863,1.7,3.1896346756763907,0.3189634675676391
JWST,29309897764536.984,1.7,3.1838800450562923,0.31838800450562926
JWST,29306175600147.11,1.7,3.208278935271159,0.320827893527116
JWST,29302454381018.02,1.7,3.2359470316550354,0.32359470316550354
JWST,29298734106789.69,1.7,3.1564617438071787,0.3156461743807179
JWST,29295014777102.26,1.7,3.122408984965295,0.3122408984965296
JWST,29291296391596.062,1.7,3.1470879165532537,0.3147087916553254
JWST,29287578949911.617,1.7,3.1209903728763093,0.312099037287631
JWST,29283862451689.61,1.7,3.136945140904195,0.31369451409041954
JWST,29280146896570.93,1.7,3.1827219391097517,0.31827219391097517
JWST,29276432284196.637,1.7,3.1606085960701886,0.31606085960701885
JWST,29272718614207.96,1.7,3.156633312409712,0.31566333124097123
JWST,29269005886246.348,1.7,3.192550702262295,0.31925507022622956
JWST,29265294099953.383,1.7,3.143204018402041,0.31432040184020416
JWST,29261583254970.87,1.7,3.1788004354750146,0.3178800435475015
JWST,29257873350940.78,1.7,3.2191932381070885,0.32191932381070887
JWST,29254164387505.25,1.7,3.2109354896585884,0.32109354896585884
JWST,29250456364306.633,1.7,3.2468087354843793,0.32468087354843794
JWST,29246749280987.426,1.7,3.2768470481706995,0.32768470481706996
JWST,29243043137190.336,1.7,3.219581483318779,0.3219581483318779
JWST,29239337932558.24,1.7,3.1975138601135735,0.31975138601135733
JWST,29235633666734.184,1.7,3.2542783507086583,0.32542783507086587
JWST,29231930339361.418,1.7,3.244432839779391,0.32444328397793915
JWST,29228227950083.363,1.7,3.201896895431441,0.32018968954314414
JWST,29224526498543.61,1.7,3.2536773864523676,0.32536773864523677
JWST,29220825984385.945,1.7,3.2654235523256196,0.326542355232562
JWST,29217126407254.33,1.7,3.2169380670389476,0.32169380670389475
JWST,29213427766792.902,1.7,3.2811108495316614,0.32811108495316615
JWST,29209730062645.992,1.7,3.265107428731607,0.3265107428731607
JWST,29206033294458.086,1.7,3.192452808629412,0.31924528086294124
JWST,29202337461873.883,1.7,3.180379851677763,0.3180379851677763
JWST,29198642564538.227,1.7,3.1685545085354483,0.31685545085354483
JWST,29194948602096.176,1.7,3.139446408201543,0.3139446408201544
JWST,29191255574192.938,1.7,3.1962782274931287,0.3196278227493129
JWST,29187563480473.918,1.7,3.2257798542101694,0.32257798542101696
JWST,29183872320584.695,1.7,3.1815908998620164,0.3181590899862016
JWST,29180182094171.027,1.7,3.1943723093613907,0.31943723093613907
JWST,29176492800878.86,1.7,3.2118895003078265,0.3211889500307827
JWST,29172804440354.297,1.7,3.173358515470674,0.31733585154706745
JWST,29169117012243.64,1.7,3.153429310259357,0.3153429310259357
JWST,29165430516193.37,1.7,3.1283879260509964,0.31283879260509967
JWST,29161744951850.133,1.7,3.1093068486292337,0.31093068486292336
JWST,29158060318860.76,1.7,3.1258401252386743,0.3125840125238674
JWST,29154376616872.27,1.7,3.139227294161662,0.3139227294161662
JWST,29150693845531.84,1.7,3.158366391006622,0.31583663910066223
JWST,29147012004486.848,1.7,3.2095129029736977,0.3209512902973698
JWST,29143331093384.832,1.7,3.2043314256583475,0.32043314256583477
JWST,29139651111873.516,1.7,3.183521539604672,0.31835215396046723
JWST,29135972059600.805,1.7,3.230006589361284,0.32300065893612845
JWST,29132293936214.773,1.7,3.2501860510623235,0.3250186051062323
JWST,29128616741363.684,1.7,3.2341184654317705,0.32341184654317706
JWST,29124940474695.97,1.7,3.251853219396155,0.3251853219396155
JWST,29121265135860.23,1.7,3.222271350149315,0.32222713501493155
JWST,29117590724505.27,1.7,3.199690294221512,0.3199690294221512
JWST,29113917240280.047,1.7,3.2132947332824395,0.32132947332824396
JWST,29110244682833.707,1.7,3.1800568392095734,0.31800568392095735
JWST,29106573051815.574,1.7,3.184932252130469,0.3184932252130469
JWST,29102902346875.137,1.7,3.192419920942867,0.3192419920942867
JWST,29099232567662.074,1.7,3.1745725843038306,0.3174572584303831
JWST,29095563713826.242,1.7,3.181654869956551,0.3181654869956551
JWST,29091895785017.652,1.7,3.204198813924413,0.3204198813924414
JWST,29088228780886.527,1.7,3.2250420928380517,0.32250420928380513
JWST,29084562701083.23,1.7,3.2905005043851445,0.3290500504385145
JWST,29080897545258.336,1.7,3.270217178814387,0.3270217178814387
JWST,29077233313062.562,1.7,3.184188300822154,0.3184188300822154
JWST,29073570004146.816,1.7,3.192552124919815,0.3192552124919815
JWST,29069907618162.195,1.7,3.2182070050536202,0.32182070050536205
JWST,29066246154759.95,1.7,3.2014098266407878,0.3201409826640788
JWST,29062585613591.52,1.7,3.1888718119493094,0.3188871811949309
JWST,29058925994308.51,1.7,3.2303115410134327,0.32303115410134325
JWST,29055267296562.715,1.7,3.213108755912574,0.3213108755912574
JWST,29051609520006.098,1.7,3.1655031946029415,0.31655031946029416
JWST,29047952664290.785,1.7,3.2183359156744373,0.3218335915674438
JWST,29044296729069.1,1.7,3.2007029676139145,0.3200702967613914
JWST,29040641713993.53,1.7,3.2053247499279096,0.32053247499279097
JWST,29036987618716.727,1.7,3.1792159709015446,0.3179215970901545
JWST,29033334442891.543,1.7,3.1665953077296867,0.3166595307729687
JWST,29029682186170.98,1.7,3.186282119589976,0.31862821195899765
JWST,29026030848208.223,1.7,3.1703473696777946,0.31703473696777945
JWST,29022380428656.64,1.7,3.1825759337702957,0.3182575933770296
JWST,29018730927169.76,1.7,3.154664441231747,0.3154664441231747
JWST,29015082343401.3,1.7,3.221270444221627,0.3221270444221627
JWST,29011434677005.14,1.7,3.255051732889477,0.32550517328894774
JWST,29007787927635.332,1.7,3.159351998415618,0.3159351998415618
JWST,29004142094946.117,1.7,3.1553581027784525,0.3155358102778453
JWST,29000497178591.895,1.7,3.187996248872105,0.3187996248872106
JWST,28996853178227.25,1.7,3.143628158806755,0.31436281588067555
JWST,28993210093506.93,1.7,3.1735265849092364,0.3173526584909237
JWST,28989567924085.86,1.7,3.215738243086003,0.3215738243086003
JWST,28985926669619.145,1.7,3.1606469376011304,0.31606469376011304
JWST,28982286329762.05,1.7,3.1820306129275155,0.3182030612927516
JWST,28978646904170.035,1.7,3.1960710433642054,0.3196071043364206
JWST,28975008392498.707,1.7,3.1717093777790626,0.31717093777790634
JWST,28971370794403.86,1.7,3.200856662104529,0.3200856662104529
JWST,28967734109541.46,1.7,3.2385269138101807,0.32385269138101813
JWST,28964098337567.645,1.7,3.182006185841069,0.3182006185841069
JWST,28960463478138.727,1.7,3.180928904120587,0.31809289041205874
JWST,28956829530911.188,1.7,3.2082552921291194,0.32082552921291196
JWST,28953196495541.676,1.7,3.1695768395260067,0.31695768395260066
JWST,28949564371687.03,1.7,3.1794052342449763,0.31794052342449763
JWST,28945933159004.246,1.7,3.2415546763878904,0.32415546763878905
JWST,28942302857150.49,1.7,3.196791362657614,0.31967913626576144
JWST,28938673465783.11,1.7,3.1999832625554836,0.31999832625554836
JWST,28935044984559.613,1.7,3.2386464742929606,0.3238646474292961
JWST,28931417413137.703,1.7,3.2456221627501245,0.32456221627501247
JWST,28927790751175.23,1.7,3.2118299652602103,0.321182996526021
JWST,28924164998330.22,1.7,3.2481263133157934,0.32481263133157934
JWST,28920540154260.883,1.7,3.2716380925598423,0.32716380925598426
JWST,28916916218625.582,1.7,3.264603323111879,0.32646033231118793
JWST,28913293191082.87,1.7,3.2965471693268933,0.32965471693268933
JWST,28909671071291.465,1.7,3.316802649344101,0.3316802649344101
JWST,28906049858910.242,1.7,3.230579649101822,0.32305796491018224
JWST,28902429553598.266,1.7,3.198750596212506,0.3198750596212506
JWST,28898810155014.76,1.7,3.2512871233983445,0.3251287123398344
JWST,28895191662819.133,1.7,3.231850974295073,0.32318509742950735
JWST,28891574076670.95,1.7,3.2714960903237906,0.3271496090323791
JWST,28887957396229.94,1.7,3.2881010780577746,0.32881010780577746
JWST,28884341621156.027,1.7,3.266293225705612,0.32662932257056126
JWST,28880726751109.29,1.7,3.2797380111692536,0.3279738011169254
JWST,28877112785749.97,1.7,3.254635988852965,0.32546359888529647
JWST,28873499724738.496,1.7,3.2414968076991806,0.32414968076991807
JWST,28869887567735.45,1.7,3.2671290804379964,0.32671290804379965
JWST,28866276314401.605,1.7,3.284208960784831,0.3284208960784831
JWST,28862665964397.883,1.7,3.2910090976098463,0.32910090976098466
JWST,28859056517385.383,1.7,3.2621000731047762,0.3262100073104776
JWST,28855447973025.38,1.7,3.3008915362075464,0.33008915362075464
JWST,28851840330979.305,1.7,3.2796652303834732,0.32796652303834734
JWST,28848233590908.773,1.7,3.2392188758477305,0.3239218875847731
JWST,28844627752475.56,1.7,3.2245813723367838,0.3224581372336784
JWST,28841022815341.6,1.7,3.2286457674325284,0.32286457674325286
JWST,28837418779169.027,1.7,3.2102309000690297,0.321023090006903
JWST,28833815643620.11,1.7,3.2298379696576465,0.3229837969657647
JWST,28830213408357.316,1.7,3.275622245124456,0.32756222451244565
JWST,28826612073043.254,1.7,3.2751770641843265,0.3275177064184327
JWST,28823011637340.715,1.7,3.1962954130093615,0.3196295413009362
JWST,28819412100912.664,1.7,3.2285485449575093,0.32285485449575096
JWST,28815813463422.227,1.7,3.288960434178078,0.3288960434178078
JWST,28812215724532.69,1.7,3.2922209363497155,0.3292220936349715
JWST,28808618883907.527,1.7,3.2900645851375487,0.3290064585137549
JWST,28805022941210.363,1.7,3.298685490909941,0.32986854909099417
JWST,28801427896105.0,1.7,3.2992811422577697,0.32992811422577695
JWST,28797833748255.406,1.7,3.258147531359773,0.32581475313597735
JWST,28794240497325.707,1.7,3.234613021055013,0.3234613021055013
JWST,28790648142980.22,1.7,3.2333282979076188,0.32333282979076194
JWST,28787056684883.395,1.7,3.2462121802051205,0.3246212180205121
JWST,28783466122699.89,1.7,3.1910291482571194,0.31910291482571196
JWST,28779876456094.496,1.7,3.212111910073233,0.3212111910073233
JWST,28776287684732.188,1.7,3.2542540216324976,0.3254254021632498
JWST,28772699808278.11,1.7,3.1958378591504113,0.31958378591504116
JWST,28769112826397.555,1.7,3.226776988455248,0.3226776988455248
JWST,28765526738756.008,1.7,3.09674629216411,0.30967462921641103
JWST,28761941545019.105,1.7,3.1353787668819755,0.31353787668819755
JWST,28758357244852.65,1.7,3.2623568906462626,0.3262356890646263
JWST,28754773837922.617,1.7,3.256652257370287,0.3256652257370287
JWST,28751191323895.145,1.7,3.2002907487709935,0.3200290748770993
JWST,28747609702436.53,1.7,3.2352999474615203,0.323529994746152
JWST,28744028973213.266,1.7,3.2393134065982507,0.3239313406598251
JWST,28740449135891.965,1.7,3.23146042623186,0.32314604262318597
JWST,28736870190139.453,1.7,3.236281081865681,0.3236281081865681
JWST,28733292135622.688,1.7,3.2236386763028237,0.3223638676302824
JWST,28729714972008.805,1.7,3.207123472676187,0.3207123472676187
JWST,28726138698965.11,1.7,3.198926947061324,0.31989269470613246
JWST,28722563316159.066,1.7,3.207579847801754,0.3207579847801754
JWST,28718988823258.31,1.7,3.199456886714392,0.3199456886714392
JWST,28715415219930.637,1.7,3.221685964580725,0.3221685964580725
JWST,28711842505844.008,1.7,3.2948023165965292,0.32948023165965296
JWST,28708270680666.562,1.7,3.2803648590220478,0.3280364859022048
JWST,28704699744066.58,1.7,3.28959845832733,0.328959845832733
JWST,28701129695712.527,1.7,3.3238952512004483,0.3323895251200449
JWST,28697560535273.027,1.7,3.2755552412970346,0.32755552412970346
JWST,28693992262416.863,1.7,3.2418417710180916,0.3241841771018092
JWST,28690424876812.996,1.7,3.272559748696969,0.3272559748696969
JWST,28686858378130.543,1.7,3.279989412719655,0.3279989412719655
JWST,28683292766038.773,1.7,3.287011331216898,0.32870113312168986
JWST,28679728040207.152,1.7,3.3147897779223374,0.3314789777922338
JWST,28676164200305.277,1.7,3.268559004469497,0.3268559004469497
JWST,28672601246002.93,1.7,3.2072747346219357,0.3207274734621936
JWST,28669039176970.05,1.7,3.18759874735605,0.318759874735605
JWST,28665477992876.734,1.7,3.1724996435209216,0.3172499643520922
JWST,28661917693393.258,1.7,3.1694785976316835,0.31694785976316836
JWST,28658358278190.043,1.7,3.172388658766023,0.31723886587660227
JWST,28654799746937.695,1.7,3.1922411048004786,0.31922411048004784
JWST,28651242099306.965,1.7,3.1293208751019157,0.3129320875101916
JWST,28647685334968.773,1.7,3.1210701089882096,0.3121070108988209
JWST,28644129453594.21,1.7,3.1993971462942326,0.3199397146294233
JWST,28640574454854.52,1.7,3.185324908078946,0.3185324908078946
JWST,28637020338421.12,1.7,3.142291700867113,0.3142291700867113
JWST,28633467103965.582,1.7,3.1618692302822975,0.31618692302822976
JWST,28629914751159.637,1.7,3.195939199564809,0.31959391995648095
JWST,28626363279675.195,1.7,3.1920533000771627,0.3192053300077163
JWST,28622812689184.31,1.7,3.224089630219963,0.32240896302199634
JWST,28619262979359.22,1.7,3.2064962009417255,0.3206496200941726
JWST,28615714149872.305,1.7,3.1715275388008863,0.3171527538800887
JWST,28612166200396.113,1.7,3.2076043322864076,0.3207604332286408
JWST,28608619130603.367,1.7,3.2551790158743015,0.32551790158743016
JWST,28605072940166.938,1.7,3.2939792087808355,0.32939792087808356
JWST,28601527628759.86,1.7,3.2987818667560664,0.32987818667560664
JWST,28597983196055.34,1.7,3.2589412848839245,0.32589412848839244
JWST,28594439641726.734,1.7,3.225090431047908,0.3225090431047908
JWST,28590896965447.574,1.7,3.1913475477532103,0.31913475477532105
JWST,28587355166891.54,1.7,3.2132044150837196,0.32132044150837197
JWST,28583814245732.47,1.7,3.21178529207522,0.32117852920752205
JWST,28580274201644.39,1.7,3.1668470049412956,0.3166847004941296
JWST,28576735034301.457,1.7,3.1234970838962126,0.3123497083896213
JWST,28573196743378.016,1.7,3.1586669492514132,0.31586669492514136
JWST,28569659328548.547,1.7,3.160803096659504,0.3160803096659504
JWST,28566122789487.707,1.7,3.224854440542846,0.3224854440542846
JWST,28562587125870.316,1.7,3.234037156760081,0.3234037156760082
JWST,28559052337371.344,1.7,3.1855191844297535,0.31855191844297537
JWST,28555518423665.934,1.7,3.2028608466879165,0.32028608466879166
JWST,28551985384429.383,1.7,3.197009059878484,0.31970090598784845
JWST,28548453219337.145,1.7,3.1437645116860087,0.3143764511686009
JWST,28544921928064.844,1.7,3.2023274110001125,0.3202327411000113
JWST,28541391510288.254,1.7,3.213088411114118,0.3213088411114118
JWST,28537861965683.316,1.7,3.210773865495099,0.3210773865495099
JWST,28534333293926.14,1.7,3.189472722459209,0.31894727224592095
JWST,28530805494692.97,1.7,3.229014248656997,0.3229014248656997
JWST,28527278567660.242,1.7,3.2918065700663113,0.3291806570066311
JWST,28523752512504.527,1.7,3.324742053118309,0.33247420531183086
JWST,28520227328902.562,1.7,3.352349848697835,0.33523498486978354
JWST,28516703016531.26,1.7,3.342464346168386,0.3342464346168386
JWST,28513179575067.67,1.7,3.3390112069208375,0.3339011206920838
JWST,28509657004189.02,1.7,3.389267509398951,0.33892675093989505
JWST,28506135303572.68,1.7,3.3927266147674455,0.3392726614767446
JWST,28502614472896.188,1.7,3.3533668836865393,0.335336688368654
JWST,28499094511837.254,1.7,3.3920251503261025,0.3392025150326103
JWST,28495575420073.72,1.7,3.3946711428872645,0.3394671142887265
JWST,28492057197283.61,1.7,3.4389830123351457,0.34389830123351456
JWST,28488539843145.098,1.7,3.400691132761282,0.3400691132761282
JWST,28485023357336.51,1.7,3.2768614025659395,0.327686140256594
JWST,28481507739536.355,1.7,3.2069989569746506,0.32069989569746504
JWST,28477992989423.27,1.7,3.345846466998028,0.3345846466998028
JWST,28474479106676.066,1.7,3.4068984720986832,0.34068984720986834
JWST,28470966090973.72,1.7,3.4282229948014966,0.3428222994801497
JWST,28467453941995.348,1.7,3.416532014344515,0.34165320143445155
JWST,28463942659420.242,1.7,3.416234371187067,0.34162343711870674
JWST,28460432242927.848,1.7,3.420959053708491,0.3420959053708491
JWST,28456922692197.754,1.7,3.346571955938115,0.3346571955938115
JWST,28453414006909.734,1.7,3.2315277497399233,0.32315277497399236
JWST,28449906186743.695,1.7,3.2540604606346015,0.32540604606346013
JWST,28446399231379.723,1.7,3.287868684295966,0.32878686842959665
JWST,28442893140498.043,1.7,3.2489519742052178,0.3248951974205218
JWST,28439387913779.043,1.7,3.2323933350547693,0.32323933350547696
JWST,28435883550903.277,1.7,3.2191705220240276,0.3219170522024028
JWST,28432380051551.445,1.7,3.1800329699366015,0.31800329699366015
JWST,28428877415404.42,1.7,3.2262457867819196,0.322624578678192
JWST,28425375642143.215,1.7,3.205573735054323,0.32055737350543234
JWST,28421874731449.0,1.7,3.1296073509857707,0.3129607350985771
JWST,28418374683003.125,1.7,3.164087101626589,0.3164087101626589
JWST,28414875496487.07,1.7,3.197735090385942,0.31977350903859425
JWST,28411377171582.48,1.7,3.174251278779049,0.31742512787790494
JWST,28407879707971.17,1.7,3.2319576257950313,0.32319576257950317
JWST,28404383105335.098,1.7,3.1945419513065425,0.31945419513065426
JWST,28400887363356.383,1.7,3.1727166270842173,0.3172716627084217
JWST,28397392481717.297,1.7,3.1993827320754877,0.3199382732075488
JWST,28393898460100.266,1.7,3.1681390615629588,0.3168139061562959
JWST,28390405298187.887,1.7,3.2186487015294345,0.3218648701529435
JWST,28386912995662.895,1.7,3.2498968633314687,0.32498968633314684
JWST,28383421552208.2,1.7,3.168857579933461,0.3168857579933461
JWST,28379930967506.844,1.7,3.170414269241543,0.3170414269241543
JWST,28376441241242.047,1.7,3.203421343330535,0.32034213433305353
JWST,28372952373097.176,1.7,3.1329599249880657,0.3132959924988066
JWST,28369464362755.746,1.7,3.206112609590387,0.32061126095903875
JWST,28365977209901.445,1.7,3.2610038749393713,0.3261003874939371
JWST,28362490914218.105,1.7,3.271425707577465,0.3271425707577465
JWST,28359005475389.71,1.7,3.290927439462656,0.3290927439462656
JWST,28355520893100.41,1.7,3.3033590238762334,0.33033590238762334
JWST,28352037167034.504,1.7,3.2468073051251034,0.32468073051251034
JWST,28348554296876.44,1.7,3.2602213049817714,0.3260221304981772
JWST,28345072282310.84,1.7,3.2649053158226833,0.3264905315822684
JWST,28341591123022.457,1.7,3.304823508985157,0.33048235089851574
JWST,28338110818696.22,1.7,3.313068332996895,0.3313068332996895
JWST,28334631369017.2,1.7,3.2738123413181075,0.3273812341318108
JWST,28331152773670.62,1.7,3.2450070163625746,0.32450070163625744
JWST,28327675032341.88,1.7,3.193389135798774,0.31933891357987737
JWST,28324198144716.496,1.7,3.135742475942292,0.31357424759422925
JWST,28320722110480.184,1.7,3.184033884116492,0.3184033884116492
JWST,28317246929318.773,1.7,3.2112753165555303,0.321127531655553
JWST,28313772600918.27,1.7,3.1607580374745496,0.316075803747455
JWST,28310299124964.832,1.7,3.1823634427573544,0.31823634427573544
JWST,28306826501144.766,1.7,3.225991012749821,0.32259910127498215
JWST,28303354729144.535,1.7,3.1817858936769254,0.3181785893676926
JWST,28299883808650.758,1.7,3.1479473642812534,0.3147947364281254
JWST,28296413739350.2,1.7,3.1610534905654735,0.31610534905654736
JWST,28292944520929.793,1.7,3.1290159314715855,0.3129015931471586
JWST,28289476153076.613,1.7,3.1362163339911726,0.3136216333991173
JWST,28286008635477.88,1.7,3.1555552946302994,0.31555552946302995
JWST,28282541967820.992,1.7,3.1766605271791413,0.31766605271791415
JWST,28279076149793.477,1.7,3.155851762934729,0.3155851762934729
JWST,28275611181083.035,1.7,3.1349374712803857,0.3134937471280386
JWST,28272147061377.504,1.7,3.174036130360673,0.3174036130360673
JWST,28268683790364.88,1.7,3.214047183057685,0.3214047183057685
JWST,28265221367733.316,1.7,3.2025546033814587,0.3202554603381459
JWST,28261759793171.11,1.7,3.222698418037225,0.32226984180372253
JWST,28258299066366.72,1.7,3.2729739634490747,0.32729739634490745
JWST,28254839187008.754,1.7,3.2191078772452912,0.32191078772452913
JWST,28251380154785.97,1.7,3.1671530639125502,0.316715306391255
JWST,28247921969387.285,1.7,3.15648398760622,0.315648398760622
JWST,28244464630501.754,1.7,3.1525972196954157,0.3152597219695416
JWST,28241008137818.61,1.7,3.126624730369289,0.31266247303692896
JWST,28237552491027.207,1.7,3.1376801675353594,0.313768016753536
JWST,28234097689817.07,1.7,3.08405433103642,0.308405433103642
JWST,28230643733877.88,1.7,3.088648883065085,0.30886488830650854
JWST,28227190622899.445,1.7,3.1869774442367085,0.3186977444236709
JWST,28223738356571.76,1.7,3.1748055019410595,0.317480550194106
JWST,28220286934584.95,1.7,3.1066963192993837,0.3106696319299384
JWST,28216836356629.28,1.7,3.0545892466277293,0.30545892466277297
JWST,28213386622395.2,1.7,3.1911139379380913,0.31911139379380915
JWST,28209937731573.28,1.7,3.138606530523666,0.31386065305236666
JWST,28206489683854.258,1.7,3.0024477364187794,0.30024477364187796
JWST,28203042478929.023,1.7,3.0727924006264167,0.3072792400626417
JWST,28199596116488.605,1.7,3.1046663831587575,0.3104666383158758
JWST,28196150596224.195,1.7,3.08314142383758,0.30831414238375804
JWST,28192705917827.133,1.7,3.0949952436716757,0.3094995243671676
JWST,28189262080988.9,1.7,3.1071406055440804,0.31071406055440803
JWST,28185819085401.14,1.7,3.112149199516473,0.3112149199516473
JWST,28182376930755.645,1.7,3.1302020282013694,0.313020202820137
JWST,28178935616744.36,1.7,3.1342057336228852,0.3134205733622885
JWST,28175495143059.367,1.7,3.167714216916707,0.3167714216916707
JWST,28172055509392.91,1.7,3.152167295133525,0.31521672951335256
JWST,28168616715437.387,1.7,3.1756624648865195,0.31756624648865195
JWST,28165178760885.33,1.7,3.2256893246437666,0.3225689324643767
JWST,28161741645429.44,1.7,3.169670434478971,0.3169670434478971
JWST,28158305368762.56,1.7,3.106690082657595,0.31066900826575955
JWST,28154869930577.67,1.7,3.177727213896826,0.31777272138968266
JWST,28151435330567.926,1.7,3.182573651074178,0.31825736510741776
JWST,28148001568426.617,1.7,3.1296783932170458,0.3129678393217046
JWST,28144568643847.17,1.7,3.1406418272395427,0.31406418272395425
JWST,28141136556523.195,1.7,3.11437950152372,0.311437950152372
JWST,28137705306148.418,1.7,3.109403513853064,0.3109403513853064
JWST,28134274892416.742,1.7,3.051560632079316,0.3051560632079316
JWST,28130845315022.195,1.7,3.0791826080996314,0.30791826080996315
JWST,28127416573658.965,1.7,3.1142557876866364,0.3114255787686636
JWST,28123988668021.395,1.7,3.0825686803802634,0.3082568680380264
JWST,28120561597803.965,1.7,3.0924861069772134,0.30924861069772136
JWST,28117135362701.316,1.7,3.145450616952533,0.3145450616952533
JWST,28113709962408.227,1.7,3.116479093057356,0.31164790930573566
JWST,28110285396619.633,1.7,3.094270891876565,0.3094270891876565
JWST,28106861665030.613,1.7,3.1529930960047063,0.31529930960047065
JWST,28103438767336.4,1.7,3.111455823365096,0.31114558233650963
JWST,28100016703232.367,1.7,3.1003021339544254,0.31003021339544257
JWST,28096595472414.047,1.7,3.1164106876919964,0.31164106876919967
JWST,28093175074577.11,1.7,3.1166154854016437,0.31166154854016437
JWST,28089755509417.38,1.7,3.181475139116658,0.31814751391166585
JWST,28086336776630.83,1.7,3.174296404223463,0.31742964042234634
JWST,28082918875913.566,1.7,3.1379712601467826,0.3137971260146783
JWST,28079501806961.875,1.7,3.194873899885108,0.31948738998851084
JWST,28076085569472.156,1.7,3.174024238172767,0.31740242381727674
JWST,28072670163140.984,1.7,3.1350613043706996,0.31350613043707
JWST,28069255587665.062,1.7,3.165900129529368,0.3165900129529368
JWST,28065841842741.242,1.7,3.1661055503712814,0.31661055503712815
JWST,28062428928066.54,1.7,3.1221065545417286,0.31221065545417287
JWST,28059016843338.1,1.7,3.11479155516419,0.311479155516419
JWST,28055605588253.227,1.7,3.079210830609109,0.30792108306091087
JWST,28052195162509.367,1.7,3.1330559302641325,0.3133055930264133
JWST,28048785565804.11,1.7,3.1419763304704715,0.3141976330470472
JWST,28045376797835.2,1.7,3.1217888426368567,0.3121788842636857
JWST,28041968858300.523,1.7,3.1454249121164137,0.3145424912116414
JWST,28038561746898.117,1.7,3.0920124675137672,0.3092012467513767
JWST,28035155463326.16,1.7,3.087127492954263,0.3087127492954263
JWST,28031750007282.98,1.7,3.128395234429615,0.3128395234429615
JWST,28028345378467.06,1.7,3.1379013023449547,0.3137901302344955
JWST,28024941576577.008,1.7,3.1195368429835657,0.3119536842983566
JWST,28021538601311.594,1.7,3.1970550428541076,0.3197055042854108
JWST,28018136452369.742,1.7,3.194373530457631,0.3194373530457631
JWST,28014735129450.5,1.7,3.1582188813022816,0.31582188813022816
JWST,28011334632253.082,1.7,3.14488622157666,0.3144886221576661
JWST,28007934960476.836,1.7,3.1328506629117676,0.31328506629117675
JWST,28004536113821.26,1.7,3.1543292957781577,0.31543292957781577
JWST,28001138091986.004,1.7,3.195726817557216,0.3195726817557216
JWST,27997740894670.844,1.7,3.179225574512372,0.3179225574512372
JWST,27994344521575.734,1.7,3.212818850412254,0.3212818850412254
JWST,27990948972400.742,1.7,3.175946248126159,0.31759462481261586
JWST,27987554246846.09,1.7,3.1305850735556526,0.3130585073555653
JWST,27984160344612.164,1.7,3.1876554143123506,0.3187655414312351
JWST,27980767265399.473,1.7,3.139273498419492,0.3139273498419492
JWST,27977375008908.68,1.7,3.0736655061563365,0.30736655061563367
JWST,27973983574840.594,1.7,3.156365508560627,0.31563655085606274
JWST,27970592962896.164,1.7,3.163000734422121,0.3163000734422121
JWST,27967203172776.492,1.7,3.163061872201985,0.31630618722019854
JWST,27963814204182.82,1.7,3.180596328659335,0.3180596328659335
JWST,27960426056816.53,1.7,3.194340329062918,0.31943403290629185
JWST,27957038730379.16,1.7,3.1917314946873954,0.31917314946873954
JWST,27953652224572.383,1.7,3.1318711772210914,0.31318711772210917
JWST,27950266539098.023,1.7,3.138035319975356,0.3138035319975356
JWST,27946881673658.043,1.7,3.1643827821546866,0.31643827821546866
JWST,27943497627954.547,1.7,3.138409152364479,0.3138409152364479
JWST,27940114401689.805,1.7,3.1255643695244397,0.312556436952444
JWST,27936731994566.195,1.7,3.1339602768081507,0.3133960276808151
JWST,27933350406286.28,1.7,3.118304884306844,0.3118304884306844
JWST,27929969636552.734,1.7,3.1008765508260785,0.3100876550826078
JWST,27926589685068.387,1.7,3.1049472816651007,0.31049472816651014
JWST,27923210551536.22,1.7,3.10587003371524,0.31058700337152406
JWST,27919832235659.34,1.7,3.11875433650188,0.311875433650188
JWST,27916454737141.02,1.7,3.160452323239486,0.31604523232394865
JWST,27913078055684.66,1.7,3.1833793120411156,0.3183379312041116
JWST,27909702190993.805,1.7,3.1699931822892333,0.31699931822892335
JWST,27906327142772.156,1.7,3.1947688252774733,0.31947688252774736
JWST,27902952910723.543,1.7,3.174955291993613,0.31749552919936136
JWST,27899579494551.938,1.7,3.1758826168651986,0.3175882616865199
JWST,27896206893961.477,1.7,3.157754883500695,0.3157754883500696
JWST,27892835108656.41,1.7,3.159449046593074,0.3159449046593074
JWST,27889464138341.156,1.7,3.1909867554780935,0.3190986755478094
JWST,27886093982720.26,1.7,3.1482775531196063,0.31482775531196067
JWST,27882724641498.418,1.7,3.1215542854586205,0.31215542854586203
JWST,27879356114380.465,1.7,3.1804375036375276,0.31804375036375276
JWST,27875988401071.37,1.7,3.1421120533297526,0.3142112053329753
JWST,27872621501276.273,1.7,3.109266871041885,0.31092668710418847
JWST,27869255414700.43,1.7,3.1201430934686583,0.3120143093468658
JWST,27865890141049.234,1.7,3.1529170906615973,0.3152917090661598
JWST,27862525680028.254,1.7,3.122929851029268,0.31229298510292686
JWST,27859162031343.164,1.7,3.0964528302355894,0.3096452830235589
JWST,27855799194699.81,1.7,3.076594679039318,0.30765946790393184
JWST,27852437169804.156,1.7,3.0788356593184707,0.30788356593184707
JWST,27849075956362.316,1.7,3.0885189514582856,0.30885189514582856
JWST,27845715554080.562,1.7,3.1217260913848537,0.3121726091384854
JWST,27842355962665.285,1.7,3.0752339745778206,0.30752339745778207
JWST,27838997181823.027,1.7,3.056027575262094,0.3056027575262094
JWST,27835639211260.477,1.7,3.0756390609888458,0.3075639060988846
JWST,27832282050684.45,1.7,3.1202101172186825,0.3120210117218683
JWST,27828925699801.92,1.7,3.1292209914778595,0.31292209914778596
JWST,27825570158319.996,1.7,3.1304833134726904,0.31304833134726906
JWST,27822215425945.918,1.7,3.1334570165045905,0.31334570165045905
JWST,27818861502387.086,1.7,3.0775469370887296,0.307754693708873
JWST,27815508387351.02,1.7,3.0632655532798303,0.30632655532798303
JWST,27812156080545.406,1.7,3.0593013681809618,0.30593013681809617
JWST,27808804581678.047,1.7,3.079331309970538,0.3079331309970538
JWST,27805453890456.9,1.7,3.045831189020959,0.3045831189020959
JWST,27802104006590.06,1.7,3.0797792593609414,0.30797792593609413
JWST,27798754929785.754,1.7,3.1467224653118175,0.31467224653118175
JWST,27795406659752.37,1.7,3.1376506009005407,0.31376506009005406
JWST,27792059196198.42,1.7,3.1185796704161475,0.3118579670416148
JWST,27788712538832.56,1.7,3.136839508664537,0.31368395086645373
JWST,27785366687363.586,1.7,3.1597847752822545,0.31597847752822544
JWST,27782021641500.434,1.7,3.137326739471569,0.3137326739471569
JWST,27778677400952.188,1.7,3.1948245524659264,0.3194824552465927
JWST,27775333965428.062,1.7,3.2269648895374496,0.322696488953745
JWST,27771991334637.406,1.7,3.1480908980638374,0.3148090898063837
JWST,27768649508289.727,1.7,3.137739354681936,0.31377393546819365
JWST,27765308486094.66,1.7,3.1517846190325867,0.31517846190325866
JWST,27761968267761.977,1.7,3.137961503454821,0.31379615034548214
JWST,27758628853001.6,1.7,3.1053189393938734,0.31053189393938735
JWST,27755290241523.582,1.7,3.153528184347409,0.3153528184347409
JWST,27751952433038.125,1.7,3.156560593085546,0.3156560593085546
JWST,27748615427255.555,1.7,3.166072043396573,0.31660720433965733
JWST,27745279223886.348,1.7,3.1791641494559286,0.31791641494559286
JWST,27741943822641.12,1.7,3.1678310855944645,0.3167831085594464
JWST,27738609223230.62,1.7,3.148036756217573,0.31480367562175726
JWST,27735275425365.75,1.7,3.1251846794560194,0.312518467945602
JWST,27731942428757.527,1.7,3.1344158629842807,0.3134415862984281
JWST,27728610233117.125,1.7,3.1494885600321325,0.3149488560032133
JWST,27725278838155.86,1.7,3.1453837588952895,0.314538375889529
JWST,27721948243585.164,1.7,3.1309378720387007,0.3130937872038701
JWST,27718618449116.637,1.7,3.1229281290062603,0.31229281290062605
JWST,27715289454461.996,1.7,3.163446028840176,0.3163446028840176
JWST,27711961259333.1,1.7,3.1462269094649145,0.3146226909464915
JWST,27708633863441.965,1.7,3.1535580733882203,0.31535580733882207
JWST,27705307266500.715,1.7,3.163078748438544,0.31630787484385436
JWST,27701981468221.633,1.7,3.133937804619354,0.31339378046193545
JWST,27698656468317.137,1.7,3.139719872916012,0.31397198729160125
JWST,27695332266499.773,1.7,3.151503520697103,0.3151503520697103
JWST,27692008862482.242,1.7,3.1343900057664236,0.31343900057664237
JWST,27688686255977.37,1.7,3.1306362771429517,0.3130636277142952
JWST,27685364446698.12,1.7,3.101949285426199,0.31019492854261993
JWST,27682043434357.61,1.7,3.144529816746998,0.3144529816746998
JWST,27678723218669.062,1.7,3.1312224351886635,0.31312224351886636
JWST,27675403799345.88,1.7,3.1592952827095497,0.315929528270955
JWST,27672085176101.566,1.7,3.14314571557266,0.314314571557266
JWST,27668767348649.777,1.7,3.179373832049498,0.31793738320494985
JWST,27665450316704.312,1.7,3.2368232206829823,0.3236823220682983
JWST,27662134079979.09,1.7,3.175187170841848,0.31751871708418483
JWST,27658818638188.19,1.7,3.147524346062029,0.31475243460620295
JWST,27655503991045.812,1.7,3.1332474638442838,0.3133247463844284
JWST,27652190138266.293,1.7,3.1357070861245586,0.3135707086124559
JWST,27648877079564.117,1.7,3.1432167493716707,0.3143216749371671
JWST,27645564814653.895,1.7,3.174208003332316,0.3174208003332316
JWST,27642253343250.375,1.7,3.1454226377073593,0.31454226377073596
JWST,27638942665068.45,1.7,3.086312766568407,0.30863127665684076
JWST,27635632779823.14,1.7,3.1287128117499257,0.3128712811749926
JWST,27632323687229.617,1.7,3.096802719877274,0.3096802719877274
JWST,27629015387003.168,1.7,3.107794085624156,0.3107794085624156
JWST,27625707878859.227,1.7,3.1344847133047793,0.31344847133047793
JWST,27622401162513.37,1.7,3.129356423088787,0.3129356423088787
JWST,27619095237681.297,1.7,3.1073145012783856,0.3107314501278386
JWST,27615790104078.86,1.7,3.127497812679787,0.31274978126797875
JWST,27612485761422.027,1.7,3.1468685679083346,0.31468685679083347
JWST,27609182209426.914,1.7,3.143304516513644,0.3143304516513644
JWST,27605879447809.777,1.7,3.1239824284355624,0.3123982428435563
JWST,27602577476286.996,1.7,3.2022292959121015,0.3202229295912101
JWST,27599276294575.1,1.7,3.197564091623137,0.3197564091623137
JWST,27595975902390.742,1.7,3.1748196270272198,0.317481962702722
JWST,27592676299450.707,1.7,3.230642690233648,0.3230642690233648
JWST,27589377485471.934,1.7,3.2112099611774108,0.3211209961177411
JWST,27586079460171.484,1.7,3.1629249787214158,0.3162924978721416
JWST,27582782223266.55,1.7,3.14503996561218,0.314503996561218
JWST,27579485774474.473,1.7,3.1781614657346466,0.31781614657346463
JWST,27576190113512.715,1.7,3.2038252195881194,0.32038252195881195
JWST,27572895240098.89,1.7,3.193577970901004,0.3193577970901004
JWST,27569601153950.73,1.7,3.2085933583053037,0.3208593358305304
JWST,27566307854786.11,1.7,3.2386219228761344,0.3238621922876134
JWST,27563015342323.04,1.7,3.18579249238529,0.31857924923852904
JWST,27559723616279.656,1.7,3.23598978588779,0.323598978588779
JWST,27556432676374.25,1.7,3.2185419592157714,0.3218541959215772
JWST,27553142522325.227,1.7,3.236763841909789,0.3236763841909789
JWST,27549853153851.125,1.7,3.2881997717002487,0.3288199771700249
JWST,27546564570670.645,1.7,3.2825783839368654,0.32825783839368655
JWST,27543276772502.582,1.7,3.2607828513329293,0.32607828513329296
JWST,27539989759065.906,1.7,3.2220618115064115,0.32220618115064115
JWST,27536703530079.688,1.7,3.1823971172346357,0.3182397117234636
JWST,27533418085263.145,1.7,3.226917880682331,0.32269178806823307
JWST,27530133424335.64,1.7,3.2099483813032643,0.3209948381303265
JWST,27526849547016.645,1.7,3.201117221092659,0.3201117221092659
JWST,27523566453025.793,1.7,3.2300435396934297,0.32300435396934296
JWST,27520284142082.832,1.7,3.240395143126246,0.32403951431262457
JWST,27517002613907.65,1.7,3.2337001967564345,0.32337001967564344
JWST,27513721868220.266,1.7,3.297590192567535,0.32975901925675355
JWST,27510441904740.836,1.7,3.258694573685821,0.3258694573685821
JWST,27507162723189.645,1.7,3.2888029251322504,0.32888029251322504
JWST,27503884323287.117,1.7,3.294811016777162,0.3294811016777162
JWST,27500606704753.805,1.7,3.1867737778773386,0.31867737778773386
JWST,27497329867310.402,1.7,3.195773661890012,0.3195773661890012
JWST,27494053810677.723,1.7,3.257127251188978,0.3257127251188979
JWST,27490778534576.723,1.7,3.261017715770842,0.3261017715770842
JWST,27487504038728.49,1.7,3.2954732442792487,0.3295473244279249
JWST,27484230322854.24,1.7,3.237663894112538,0.32376638941125385
JWST,27480957386675.33,1.7,3.2661415558101026,0.3266141555810103
JWST,27477685229913.242,1.7,3.1789676449466766,0.3178967644946677
JWST,27474413852289.59,1.7,3.1578750430585756,0.31578750430585756
JWST,27471143253526.137,1.7,3.199500048822813,0.3199500048822813
JWST,27467873433344.75,1.7,3.214541589406015,0.32145415894060153
JWST,27464604391467.46,1.7,3.1569304357086776,0.31569304357086775
JWST,27461336127616.402,1.7,3.1738743482291585,0.3173874348229158
JWST,27458068641513.86,1.7,3.189117723738168,0.31891177237381685
JWST,27454801932882.25,1.7,3.1330529815491945,0.3133052981549194
JWST,27451536001444.11,1.7,3.1705376229015387,0.3170537622901539
JWST,27448270846922.117,1.7,3.2506391798030405,0.3250639179803041
JWST,27445006469039.082,1.7,3.299010740376837,0.3299010740376837
JWST,27441742867517.938,1.7,3.253818216645252,0.32538182166452523
JWST,27438480042081.766,1.7,3.2411918924982297,0.324119189249823
JWST,27435217992453.76,1.7,3.2673255369508167,0.32673255369508164
JWST,27431956718357.26,1.7,3.220635313907462,0.3220635313907462
JWST,27428696219515.74,1.7,3.2034352221133844,0.3203435222113385
JWST,27425436495652.777,1.7,3.242212300662146,0.3242212300662146
JWST,27422177546492.12,1.7,3.2359180723918426,0.3235918072391843
JWST,27418919371757.62,1.7,3.251733790146087,0.3251733790146087
JWST,27415661971173.27,1.7,3.1078855084010457,0.3107885508401046
JWST,27412405344463.2,1.7,3.24467990772869,0.32446799077286903
JWST,27409149491351.65,1.7,3.266994741958232,0.32669947419582324
JWST,27405894411563.016,1.7,3.2556624866127324,0.32556624866127326
JWST,27402640104821.812,1.7,3.273076994674653,0.32730769946746535
JWST,27399386570852.676,1.7,3.318663447971267,0.33186634479712673
JWST,27396133809380.4,1.7,3.3103570685368293,0.331035706853683
JWST,27392881820129.883,1.7,3.2358306074289187,0.3235830607428919
JWST,27389630602826.164,1.7,3.251200289125043,0.3251200289125043
JWST,27386380157194.414,1.7,3.2568369362042615,0.32568369362042615
JWST,27383130482959.93,1.7,3.1968332021641843,0.3196833202164185
JWST,27379881579848.15,1.7,3.2372342605243514,0.3237234260524352
JWST,27376633447584.625,1.7,3.194419350307509,0.31944193503075097
JWST,27373386085895.047,1.7,3.184237874251474,0.31842378742514743
JWST,27370139494505.242,1.7,3.225933751647819,0.32259337516478187
JWST,27366893673141.156,1.7,3.170572259504167,0.31705722595041674
JWST,27363648621528.87,1.7,3.186762022988128,0.3186762022988129
JWST,27360404339394.6,1.7,3.2775234426669826,0.3277523442666983
JWST,27357160826464.68,1.7,3.2772965179664886,0.32772965179664887
JWST,27353918082465.586,1.7,3.2028196043430412,0.3202819604343041
JWST,27350676107123.906,1.7,3.1644450606763845,0.31644450606763846
JWST,27347434900166.387,1.7,3.224189178196737,0.32241891781967374
JWST,27344194461319.88,1.7,3.233695408734836,0.3233695408734837
JWST,27340954790311.363,1.7,3.250044131726889,0.3250044131726889
JWST,27337715886867.97,1.7,3.2246435710996093,0.32246435710996096
JWST,27334477750716.94,1.7,3.2514959791409446,0.3251495979140945
JWST,27331240381585.65,1.7,3.173679237195354,0.3173679237195354
JWST,27328003779201.605,1.7,3.1737001604192527,0.3173700160419253
JWST,27324767943292.44,1.7,3.175902516610405,0.31759025166104055
JWST,27321532873585.926,1.7,3.206240170057711,0.32062401700577114
JWST,27318298569809.945,1.7,3.2546254518831876,0.3254625451883188
JWST,27315065031692.52,1.7,3.2327811912835935,0.3232781191283594
JWST,27311832258961.805,1.7,3.2413735032749718,0.3241373503274972
JWST,27308600251346.07,1.7,3.218248985120995,0.3218248985120995
JWST,27305369008573.74,1.7,3.2077383797819734,0.3207738379781973
JWST,27302138530373.332,1.7,3.2422396686442077,0.3242239668644208
JWST,27298908816473.516,1.7,3.261197083756024,0.3261197083756024
JWST,27295679866603.094,1.7,3.200917080909695,0.3200917080909695
JWST,27292451680490.973,1.7,3.1835220079131643,0.31835220079131643
JWST,27289224257866.21,1.7,3.1541404431093074,0.31541404431093073
JWST,27285997598457.984,1.7,3.1340299293729426,0.31340299293729423
JWST,27282771701995.594,1.7,3.17483463124759,0.317483463124759
JWST,27279546568208.48,1.7,3.1988872910533463,0.31988872910533467
JWST,27276322196826.2,1.7,3.247569959867426,0.3247569959867426
JWST,27273098587578.44,1.7,3.2203348649363925,0.3220334864936393
JWST,27269875740195.023,1.7,3.2297295245830147,0.3229729524583015
JWST,27266653654405.887,1.7,3.183764134720081,0.3183764134720081
JWST,27263432329941.113,1.7,3.162818521422663,0.31628185214226634
JWST,27260211766530.895,1.7,3.212458415404009,0.3212458415404009
JWST,27256991963905.555,1.7,3.1970791576064346,0.31970791576064345
JWST,27253772921795.562,1.7,3.138018728911179,0.31380187289111794
JWST,27250554639931.48,1.7,3.1273516103656807,0.31273516103656807
JWST,27247337118044.035,1.7,3.206315007344875,0.32063150073448754
JWST,27244120355864.06,1.7,3.231578864756217,0.3231578864756217
JWST,27240904353122.504,1.7,3.246896896682875,0.3246896896682875
JWST,27237689109550.477,1.7,3.283797366147602,0.3283797366147602
JWST,27234474624879.18,1.7,3.233008405908853,0.3233008405908853
JWST,27231260898839.97,1.7,3.266722294707109,0.3266722294707109
JWST,27228047931164.312,1.7,3.2629884503347637,0.3262988450334764
JWST,27224835721583.8,1.7,3.248114146989142,0.3248114146989142
JWST,27221624269830.17,1.7,3.1805351810910456,0.31805351810910454
JWST,27218413575635.266,1.7,3.2146351156990183,0.3214635115699018
JWST,27215203638731.062,1.7,3.290939140870959,0.32909391408709593
JWST,27211994458849.668,1.7,3.2199285001860045,0.32199285001860045
JWST,27208786035723.31,1.7,3.1045940770652716,0.31045940770652714
JWST,27205578369084.344,1.7,3.1619157189469584,0.3161915718946959
JWST,27202371458665.26,1.7,3.218968998938781,0.3218968998938781
JWST,27199165304198.656,1.7,3.2209687283093777,0.3220968728309378
JWST,27195959905417.28,1.7,3.2751324942451316,0.32751324942451315
JWST,27192755262053.98,1.7,3.2382984463161986,0.3238298446316199
JWST,27189551373841.754,1.7,3.161190858125005,0.31611908581250053
JWST,27186348240513.707,1.7,3.125065006637413,0.31250650066374136
JWST,27183145861803.074,1.7,3.1634637726072823,0.3163463772607283
JWST,27179944237443.23,1.7,3.1834365335141803,0.31834365335141807
JWST,27176743367167.656,1.7,3.216186648622035,0.3216186648622035
JWST,27173543250709.977,1.7,3.246252321342292,0.3246252321342292
JWST,27170343887803.92,1.7,3.25003255993666,0.32500325599366603
JWST,27167145278183.36,1.7,3.2047505926076165,0.3204750592607617
JWST,27163947421582.29,1.7,3.2010445304611355,0.32010445304611357
JWST,27160750317734.816,1.7,3.1957313418282616,0.3195731341828262
JWST,27157553966375.19,1.7,3.1830081264781014,0.3183008126478101
JWST,27154358367237.777,1.7,3.2023325357114665,0.3202332535711467
JWST,27151163520057.062,1.7,3.2194441793459014,0.32194441793459017
JWST,27147969424567.67,1.7,3.2715356904468265,0.3271535690446827
JWST,27144776080504.344,1.7,3.267950931462168,0.32679509314621685
JWST,27141583487601.938,1.7,3.2755546008232024,0.3275554600823203
JWST,27138391645595.453,1.7,3.2735187593927435,0.3273518759392744
JWST,27135200554220.0,1.7,3.2726597903371375,0.3272659790337138
JWST,27132010213210.83,1.7,3.3239591395951984,0.33239591395951984
JWST,27128820622303.293,1.7,3.2969385125283464,0.3296938512528347
JWST,27125631781232.883,1.7,3.2395627946755643,0.3239562794675565
JWST,27122443689735.223,1.7,3.2673485494172807,0.3267348549417281
JWST,27119256347546.035,1.7,3.275596768742947,0.3275596768742947
JWST,27116069754401.195,1.7,3.201383020024094,0.3201383020024094
JWST,27112883910036.684,1.7,3.1513493354107927,0.3151349335410793
JWST,27109698814188.61,1.7,3.1604836494517956,0.31604836494517957
JWST,27106514466593.21,1.7,3.1890148770343503,0.318901487703435
JWST,27103330866986.84,1.7,3.1600784337731227,0.31600784337731225
JWST,27100148015105.99,1.7,3.1301468197825644,0.3130146819782565
JWST,27096965910687.254,1.7,3.1850259494455946,0.31850259494455946
JWST,27093784553467.363,1.7,3.2068270854238032,0.32068270854238035
JWST,27090603943183.18,1.7,3.1419797327508565,0.3141979732750857
JWST,27087424079571.676,1.7,3.1756154320665995,0.31756154320665997
JWST,27084244962369.945,1.7,3.1736063181097522,0.31736063181097524
JWST,27081066591315.223,1.7,3.184668636850242,0.31846686368502425
JWST,27077888966144.844,1.7,3.1726535853529962,0.3172653585352997
JWST,27074712086596.29,1.7,3.2143410815505735,0.32143410815505735
JWST,27071535952407.145,1.7,3.16316695403841,0.31631669540384105
JWST,27068360563315.125,1.7,3.200169110911814,0.3200169110911814
JWST,27065185919058.082,1.7,3.218175583643105,0.32181755836431053
JWST,27062012019373.965,1.7,3.169828036494518,0.3169828036494518
JWST,27058838864000.867,1.7,3.20492755383198,0.32049275538319805
JWST,27055666452676.992,1.7,3.226137760060862,0.3226137760060862
JWST,27052494785140.67,1.7,3.218571242830292,0.32185712428302926
JWST,27049323861130.363,1.7,3.1942014501578506,0.3194201450157851
JWST,27046153680384.637,1.7,3.1750786891943883,0.31750786891943883
JWST,27042984242642.2,1.7,3.2380809386183045,0.32380809386183046
JWST,27039815547641.863,1.7,3.221946231111016,0.32219462311110164
JWST,27036647595122.58,1.7,3.184376136392879,0.3184376136392879
JWST,27033480384823.41,1.7,3.17098085408425,0.31709808540842505
JWST,27030313916483.543,1.7,3.20624181970068,0.32062418197006803
JWST,27027148189842.29,1.7,3.18698345890349,0.318698345890349
JWST,27023983204639.082,1.7,3.202347716073291,0.3202347716073291
JWST,27020818960613.477,1.7,3.1734632256576365,0.31734632256576367
JWST,27017655457505.15,1.7,3.1784455517275956,0.3178445551727596
JWST,27014492695053.9,1.7,3.1545003679853507,0.3154500367985351
JWST,27011330672999.64,1.7,3.1787421109358904,0.3178742110935891
JWST,27008169391082.426,1.7,3.191238067898392,0.31912380678983926
JWST,27005008849042.406,1.7,3.168030218212969,0.31680302182129694
JWST,27001849046619.88,1.7,3.2058256978662847,0.32058256978662847
JWST,26998689983555.25,1.7,3.2148680183902987,0.3214868018390299
JWST,26995531659589.035,1.7,3.2035823781544237,0.3203582378154424
JWST,26992374074461.9,1.7,3.1783462763999064,0.31783462763999065
JWST,26989217227914.598,1.7,3.1685735682090703,0.31685735682090704
JWST,26986061119688.04,1.7,3.166507223140099,0.3166507223140099
JWST,26982905749523.23,1.7,3.161842304084252,0.3161842304084252
JWST,26979751117161.3,1.7,3.1663224389126094,0.316632243891261
JWST,26976597222343.51,1.7,3.1785330709028066,0.31785330709028065
JWST,26973444064811.242,1.7,3.202911912712537,0.3202911912712537
JWST,26970291644305.98,1.7,3.193044319265097,0.31930443192650976
JWST,26967139960569.355,1.7,3.1009749716858863,0.31009749716858864
JWST,26963989013343.094,1.7,3.1320202165268096,0.313202021652681
JWST,26960838802369.07,1.7,3.2758105963169846,0.3275810596316985
JWST,26957689327389.258,1.7,3.174870539303661,0.31748705393036614
JWST,26954540588145.754,1.7,3.1763934325414875,0.3176393432541488
JWST,26951392584380.79,1.7,3.199050619436685,0.3199050619436685
JWST,26948245315836.69,1.7,3.1624539876340148,0.3162453987634015
JWST,26945098782255.938,1.7,3.1304783389718964,0.31304783389718965
JWST,26941952983381.105,1.7,3.2283131430009426,0.3228313143000943
JWST,26938807918954.89,1.7,3.2055959069688167,0.32055959069688167
JWST,26935663588720.125,1.7,3.215626193183497,0.32156261931834973
JWST,26932519992419.746,1.7,3.1657389585729896,0.31657389585729895
JWST,26929377129796.82,1.7,3.167654880197648,0.31676548801976484
JWST,26926235000594.53,1.7,3.136352399653471,0.31363523996534715
JWST,26923093604556.17,1.7,3.134206346943227,0.31342063469432274
JWST,26919952941425.176,1.7,3.1479123218251446,0.3147912321825145
JWST,26916813010945.082,1.7,3.152319443963469,0.3152319443963469
JWST,26913673812859.55,1.7,3.175049818353882,0.3175049818353882
JWST,26910535346912.363,1.7,3.245174529533265,0.3245174529533265
JWST,26907397612847.418,1.7,3.1778191751296894,0.31778191751296897
JWST,26904260610408.742,1.7,3.1609127939269155,0.3160912793926916
JWST,26901124339340.473,1.7,3.1780705922362666,0.3178070592236267
JWST,26897988799386.863,1.7,3.177884827751782,0.3177884827751782
JWST,26894853990292.297,1.7,3.167079496408234,0.31670794964082344
JWST,26891719911801.27,1.7,3.1253568628742605,0.31253568628742606
JWST,26888586563658.4,1.7,3.159980376708853,0.31599803767088536
JWST,26885453945608.42,1.7,3.1988486910792506,0.3198848691079251
JWST,26882322057396.184,1.7,3.1554938500618777,0.3155493850061878
JWST,26879190898766.668,1.7,3.181543361563189,0.3181543361563189
JWST,26876060469464.96,1.7,3.2199835422917458,0.3219983542291746
JWST,26872930769236.277,1.7,3.199191990997446,0.31991919909974464
JWST,26869801797825.94,1.7,3.19494189675087,0.319494189675087
JWST,26866673554979.406,1.7,3.167762943509553,0.31677629435095533
JWST,26863546040442.234,1.7,3.1515539120277274,0.3151553912027728
JWST,26860419253960.117,1.7,3.1913430442635518,0.3191343044263552
JWST,26857293195278.848,1.7,3.250004862499005,0.3250004862499005
JWST,26854167864144.36,1.7,3.2273462476198587,0.3227346247619859
JWST,26851043260302.68,1.7,3.1762091441105813,0.31762091441105816
JWST,26847919383499.977,1.7,3.17132658976799,0.31713265897679904
JWST,26844796233482.523,1.7,3.213611749112637,0.3213611749112637
JWST,26841673809996.707,1.7,3.1888808408991185,0.3188880840899119
JWST,26838552112789.055,1.7,3.124163393982525,0.31241633939825253
JWST,26835431141606.18,1.7,3.1744036048949242,0.3174403604894924
JWST,26832310896194.848,1.7,3.270510586174199,0.3270510586174199
JWST,26829191376301.91,1.7,3.252429135796542,0.32524291357965424
JWST,26826072581674.355,1.7,3.2324387286845693,0.32324387286845696
JWST,26822954512059.29,1.7,3.2125519704797507,0.3212551970479751
JWST,26819837167203.92,1.7,3.2080428000438213,0.32080428000438216
JWST,26816720546855.598,1.7,3.18566888644701,0.318566888644701
JWST,26813604650761.766,1.7,3.172832527075976,0.3172832527075976
JWST,26810489478669.992,1.7,3.1710306801854085,0.3171030680185408
JWST,26807375030327.977,1.7,3.1658970830252837,0.31658970830252836
JWST,26804261305483.516,1.7,3.1267814665217832,0.31267814665217836
JWST,26801148303884.535,1.7,3.1342533012008746,0.3134253301200875
JWST,26798036025279.074,1.7,3.1818732260383804,0.31818732260383803
JWST,26794924469415.29,1.7,3.1586680090592925,0.3158668009059293
JWST,26791813636041.457,1.7,3.1772680520033036,0.3177268052003304
JWST,26788703524905.97,1.7,3.2122896882933056,0.3212289688293306
JWST,26785594135757.32,1.7,3.1953434438223103,0.31953434438223105
JWST,26782485468344.152,1.7,3.2255443815883154,0.32255443815883156
JWST,26779377522415.19,1.7,3.161512550305197,0.3161512550305197
JWST,26776270297719.31,1.7,3.2259235760525597,0.32259235760525595
JWST,26773163794005.47,1.7,3.295990826181726,0.3295990826181726
JWST,26770058011022.758,1.7,3.1965906275004747,0.31965906275004746
JWST,26766952948520.395,1.7,3.216064212575449,0.32160642125754496
JWST,26763848606247.695,1.7,3.1318804978826584,0.31318804978826587
JWST,26760744983954.105,1.7,3.144843248276918,0.31448432482769184
JWST,26757642081389.17,1.7,3.198555191746121,0.3198555191746121
JWST,26754539898302.57,1.7,3.155481547226857,0.3155481547226857
JWST,26751438434444.094,1.7,3.13669126380495,0.313669126380495
JWST,26748337689563.64,1.7,3.140071780526748,0.31400717805267486
JWST,26745237663411.23,1.7,3.172390556415444,0.3172390556415444
JWST,26742138355737.0,1.7,3.227144764565892,0.32271447645658924
JWST,26739039766291.2,1.7,3.2024591466193146,0.3202459146619315
JWST,26735941894824.203,1.7,3.1725133496288773,0.31725133496288777
JWST,26732844741086.49,1.7,3.211883310353703,0.3211883310353703
JWST,26729748304828.652,1.7,3.270696769141621,0.3270696769141621
JWST,26726652585801.414,1.7,3.1981780037250864,0.3198178003725086
JWST,26723557583755.594,1.7,3.196913879186596,0.31969138791865964
JWST,26720463298442.152,1.7,3.2299077172348194,0.32299077172348195
JWST,26717369729612.137,1.7,3.242755431986704,0.3242755431986704
JWST,26714276877016.723,1.7,3.189301135140747,0.3189301135140747
JWST,26711184740407.21,1.7,3.179137996207381,0.31791379962073807
JWST,26708093319534.996,1.7,3.1825912499230133,0.3182591249923013
JWST,26705002614151.61,1.7,3.18116439466181,0.31811643946618096
JWST,26701912624008.684,1.7,3.1892472804028036,0.3189247280402804
JWST,26698823348857.96,1.7,3.1867616884739176,0.3186761688473918
JWST,26695734788451.32,1.7,3.196412818196964,0.31964128181969637
JWST,26692646942540.74,1.7,3.2535923732405565,0.32535923732405564
JWST,26689559810878.3,1.7,3.2176920522413917,0.32176920522413915
JWST,26686473393216.23,1.7,3.2143283059841097,0.321432830598411
JWST,26683387689306.848,1.7,3.2415091688417634,0.32415091688417635
JWST,26680302698902.59,1.7,3.192930484144714,0.3192930484144714
JWST,26677218421756.016,1.7,3.2426365340283807,0.3242636534028381
JWST,26674134857619.78,1.7,3.1785830876141428,0.3178583087614143
JWST,26671052006246.684,1.7,3.1105384142487655,0.3110538414248766
JWST,26667969867389.61,1.7,3.2316347646139327,0.32316347646139326
JWST,26664888440801.58,1.7,3.232039710964571,0.3232039710964571
JWST,26661807726235.707,1.7,3.2681595598714805,0.32681595598714813
JWST,26658727723445.24,1.7,3.2550485451219267,0.3255048545121927
JWST,26655648432183.527,1.7,3.2770172201535703,0.3277017220153571
JWST,26652569852204.03,1.7,3.3331071314644025,0.3333107131464403
JWST,26649491983260.348,1.7,3.266842141429833,0.3266842141429833
JWST,26646414825106.16,1.7,3.214051164987631,0.32140511649876313
JWST,26643338377495.273,1.7,3.2497733676131695,0.32497733676131696
JWST,26640262640181.625,1.7,3.1947592504736444,0.31947592504736444
JWST,26637187612919.24,1.7,3.2320157579310513,0.32320157579310516
JWST,26634113295462.26,1.7,3.2811980437491646,0.32811980437491645
JWST,26631039687564.965,1.7,3.2144988122518146,0.3214498812251815
JWST,26627966788981.72,1.7,3.226338623173787,0.3226338623173787
JWST,26624894599467.02,1.7,3.243214357414048,0.3243214357414048
JWST,26621823118775.465,1.7,3.262539398893227,0.3262539398893227
JWST,26618752346661.77,1.7,3.1953524708930883,0.31953524708930886
JWST,26615682282880.77,1.7,3.222744174580804,0.32227441745808044
JWST,26612612927187.402,1.7,3.27431074734651,0.327431074734651
JWST,26609544279336.723,1.7,3.2618918618025523,0.3261891861802553
JWST,26606476339083.906,1.7,3.098635422672569,0.30986354226725693
JWST,26603409106184.223,1.7,2.933045314273177,0.2933045314273177
JWST,26600342580393.074,1.7,3.1401787249344113,0.31401787249344115
JWST,26597276761465.965,1.7,3.2561330618652518,0.3256133061865252
JWST,26594211649158.516,1.7,3.1732810019228093,0.31732810019228097
JWST,26591147243226.46,1.7,3.1741683002630183,0.3174168300263019
JWST,26588083543425.637,1.7,3.240221167128,0.3240221167128
JWST,26585020549512.01,1.7,3.2202465697530935,0.32202465697530935
JWST,26581958261241.652,1.7,3.174322118051919,0.31743221180519193
JWST,26578896678370.734,1.7,3.162112191176756,0.3162112191176756
JWST,26575835800655.56,1.7,3.1353722787925977,0.31353722787925975
JWST,26572775627852.527,1.7,3.177456189405143,0.3177456189405143
JWST,26569716159718.164,1.7,3.218381009603116,0.3218381009603116
JWST,26566657396009.1,1.7,3.1773191919664505,0.31773191919664506
JWST,26563599336482.07,1.7,3.2313821910240277,0.32313821910240276
JWST,26560541980893.94,1.7,3.243801228852667,0.32438012288526674
JWST,26557485329001.67,1.7,3.248972345339246,0.32489723453392455
JWST,26554429380562.344,1.7,3.2284813881573537,0.3228481388157354
JWST,26551374135333.152,1.7,3.276719164713264,0.32767191647132643
JWST,26548319593071.387,1.7,3.2603966212057984,0.3260396621205799
JWST,26545265753534.473,1.7,3.2476805772413657,0.3247680577241366
JWST,26542212616479.93,1.7,3.2559780826699534,0.32559780826699536
JWST,26539160181665.402,1.7,3.260217438432903,0.3260217438432903
JWST,26536108448848.633,1.7,3.2723266006739213,0.32723266006739216
JWST,26533057417787.48,1.7,3.2807438014340256,0.32807438014340257
JWST,26530007088239.92,1.7,3.2284897837103927,0.32284897837103926
JWST,26526957459964.035,1.7,3.2557199489354596,0.325571994893546
JWST,26523908532718.02,1.7,3.294245272725633,0.3294245272725633
JWST,26520860306260.176,1.7,3.238160573489642,0.32381605734896424
JWST,26517812780348.918,1.7,3.1986549216780675,0.3198654921678068
JWST,26514765954742.78,1.7,3.202333507990408,0.32023335079904075
JWST,26511719829200.4,1.7,3.2329105741297304,0.32329105741297304
JWST,26508674403480.516,1.7,3.1580981183290002,0.3158098118329
JWST,26505629677342.0,1.7,3.0262973966131512,0.3026297396613151
JWST,26502585650543.812,1.7,3.1949407252726663,0.31949407252726664
JWST,26499542322845.047,1.7,3.2283743779450282,0.32283743779450286
JWST,26496499694004.887,1.7,3.1896194406486384,0.31896194406486383
JWST,26493457763782.637,1.7,3.184857311285741,0.3184857311285741
JWST,26490416531937.71,1.7,3.234627247557221,0.32346272475572213
JWST,26487375998229.63,1.7,3.2029510659481484,0.32029510659481486
JWST,26484336162418.035,1.7,3.1987663954373557,0.31987663954373563
JWST,26481297024262.664,1.7,3.2188689294944943,0.3218868929494495
JWST,26478258583523.367,1.7,3.212888952143335,0.3212888952143335
JWST,26475220839960.12,1.7,3.196554907362944,0.3196554907362944
JWST,26472183793332.992,1.7,3.2173038121712363,0.32173038121712366
JWST,26469147443402.17,1.7,3.217281289366335,0.32172812893663355
JWST,26466111789927.95,1.7,3.192728530578797,0.3192728530578797
JWST,26463076832670.73,1.7,3.171166497108374,0.3171166497108374
JWST,26460042571391.035,1.7,3.1820829889674433,0.31820829889674435
JWST,26457009005849.484,1.7,3.1607497605790167,0.3160749760579017
JWST,26453976135806.81,1.7,3.229868615599999,0.32298686155999995
JWST,26450943961023.86,1.7,3.2179007622490086,0.32179007622490086
JWST,26447912481261.582,1.7,3.240863977093229,0.3240863977093229
JWST,26444881696281.05,1.7,3.250169972314725,0.32501699723147254
JWST,26441851605843.434,1.7,3.2484917876285593,0.32484917876285596
JWST,26438822209710.004,1.7,3.2599970502977826,0.3259997050297783
JWST,26435793507642.168,1.7,3.2593280930859962,0.3259328093085997
JWST,26432765499401.418,1.7,3.225954810901187,0.32259548109011876
JWST,26429738184749.37,1.7,3.1713685949971264,0.31713685949971265
JWST,26426711563447.742,1.7,3.16226716995828,0.316226716995828
JWST,26423685635258.355,1.7,3.1834335858063274,0.3183433585806328
JWST,26420660399943.156,1.7,3.1770973024546074,0.31770973024546073
JWST,26417635857264.184,1.7,3.1412913992072173,0.3141291399207217
JWST,26414612006983.605,1.7,3.1348181928745,0.31348181928745006
JWST,26411588848863.676,1.7,3.138029229088777,0.31380292290887773
JWST,26408566382666.77,1.7,3.0799407749944083,0.30799407749944085
JWST,26405544608155.375,1.7,3.0804392504026454,0.3080439250402645
JWST,26402523525092.074,1.7,3.1365471191345393,0.31365471191345395
JWST,26399503133239.57,1.7,3.0364403866534655,0.3036440386653466
JWST,26396483432360.676,1.7,3.151087612941285,0.3151087612941285
JWST,26393464422218.3,1.7,3.180519754160709,0.3180519754160709
JWST,26390446102575.473,1.7,3.2219248338366824,0.32219248338366824
JWST,26387428473195.33,1.7,3.253381819227611,0.32533818192276115
JWST,26384411533841.1,1.7,3.2613670156889514,0.3261367015688952
JWST,26381395284276.15,1.7,3.1783623476985925,0.3178362347698593
JWST,26378379724263.926,1.7,3.1795105822584757,0.31795105822584757
JWST,26375364853568.0,1.7,3.208909145822199,0.3208909145822199
JWST,26372350671952.047,1.7,3.227075076053015,0.32270750760530154
JWST,26369337179179.844,1.7,3.203709195164746,0.3203709195164746
JWST,26366324375015.29,1.7,3.1840510049731696,0.31840510049731696
JWST,26363312259222.37,1.7,3.174623288189851,0.3174623288189851
JWST,26360300831565.207,1.7,3.179754816666785,0.3179754816666785
JWST,26357290091808.004,1.7,3.215456635337097,0.3215456635337097
JWST,26354280039715.082,1.7,3.178381374693192,0.3178381374693192
JWST,26351270675050.875,1.7,3.1660880748853253,0.31660880748853254
JWST,26348261997579.918,1.7,3.1901819251822365,0.31901819251822366
JWST,26345254007066.855,1.7,3.281987675323576,0.32819876753235766
JWST,26342246703276.438,1.7,3.182785495529383,0.3182785495529383
JWST,26339240085973.523,1.7,3.163282582211745,0.31632825822117455
JWST,26336234154923.086,1.7,3.1813791195127656,0.3181379119512766
JWST,26333228909890.195,1.7,3.1600899709715318,0.3160089970971532
JWST,26330224350640.023,1.7,3.183770137479508,0.31837701374795085
JWST,26327220476937.87,1.7,3.202852773404724,0.3202852773404724
JWST,26324217288549.13,1.7,3.2001999708613034,0.3200199970861304
JWST,26321214785239.3,1.7,3.130041268464327,0.3130041268464327
JWST,26318212966773.992,1.7,3.119956420088835,0.3119956420088836
JWST,26315211832918.92,1.7,3.1631972009685185,0.3163197200968519
JWST,26312211383439.914,1.7,3.178013257114794,0.3178013257114794
JWST,26309211618102.895,1.7,3.1590301203960545,0.3159030120396055
JWST,26306212536673.906,1.7,3.1182190712807367,0.31182190712807367
JWST,26303214138919.09,1.7,3.1721896205650357,0.31721896205650363
JWST,26300216424604.688,1.7,3.1568073063091777,0.3156807306309178
JWST,26297219393497.07,1.7,3.1541790177305415,0.3154179017730542
JWST,26294223045362.69,1.7,3.217498337929327,0.32174983379293276
JWST,26291227379968.117,1.7,3.2290515704723286,0.3229051570472329
JWST,26288232397080.03,1.7,3.204035787865233,0.32040357878652326
JWST,26285238096465.21,1.7,3.217756136786764,0.32177561367867646
JWST,26282244477890.55,1.7,3.2528388990259702,0.325283889902597
JWST,26279251541123.04,1.7,3.2447241440931247,0.3244724144093125
JWST,26276259285929.773,1.7,3.1842602957793082,0.31842602957793087
JWST,26273267712077.97,1.7,3.1958258953969025,0.31958258953969026
JWST,26270276819334.93,1.7,3.127507341040461,0.3127507341040461
JWST,26267286607468.082,1.7,3.194502944190068,0.3194502944190068
JWST,26264297076244.95,1.7,3.1589624370967835,0.3158962437096784
JWST,26261308225433.152,1.7,3.2128754282692022,0.32128754282692024
JWST,26258320054800.44,1.7,3.2580819253806,0.32580819253806004
JWST,26255332564114.65,1.7,3.2412719448494234,0.32412719448494237
JWST,26252345753143.727,1.7,3.225248047555529,0.3225248047555529
JWST,26249359621655.723,1.7,3.178479668501006,0.3178479668501006
JWST,26246374169418.797,1.7,3.1897874613860213,0.31897874613860216
JWST,26243389396201.22,1.7,3.1727843017822326,0.31727843017822327
JWST,26240405301771.35,1.7,3.2074055960739685,0.3207405596073969
JWST,26237421885897.67,1.7,3.27124054175486,0.327124054175486
JWST,26234439148348.758,1.7,3.222021043796398,0.3222021043796398
JWST,26231457088893.297,1.7,3.231293738315164,0.3231293738315164
JWST,26228475707300.082,1.7,3.2248765212840094,0.32248765212840097
JWST,26225495003338.008,1.7,3.1922184663776143,0.3192218466377615
JWST,26222514976776.066,1.7,3.250397799460739,0.32503977994607386
JWST,26219535627383.37,1.7,3.2567072192946154,0.3256707219294615
JWST,26216556954929.13,1.7,3.223003705396259,0.3223003705396259
JWST,26213578959182.66,1.7,3.167952778140712,0.3167952778140712
JWST,26210601639913.383,1.7,3.101176443516175,0.31011764435161754
JWST,26207624996890.816,1.7,3.110962373166889,0.31109623731668895
JWST,26204649029884.598,1.7,3.1366433543039194,0.31366433543039196
JWST,26201673738664.457,1.7,3.1635383935288774,0.31635383935288774
JWST,26198699123000.234,1.7,3.1951621703147763,0.31951621703147765
JWST,26195725182661.87,1.7,3.130865276282663,0.31308652762826633
JWST,26192751917419.414,1.7,3.1336182902018686,0.3133618290201869
JWST,26189779327043.02,1.7,3.1408229338987526,0.31408229338987526
JWST,26186807411302.94,1.7,3.1356487561543083,0.31356487561543084
JWST,26183836169969.54,1.7,3.1515213806984783,0.3151521380698478
JWST,26180865602813.28,1.7,3.2026070625572673,0.3202607062557267
JWST,26177895709604.734,1.7,3.180308999371296,0.3180308999371296
JWST,26174926490114.57,1.7,3.16642051655495,0.316642051655495
JWST,26171957944113.57,1.7,3.1709075721190736,0.3170907572119074
JWST,26168990071372.605,1.7,3.1709454094857894,0.317094540948579
JWST,26166022871662.676,1.7,3.1711205123466137,0.3171120512346614
JWST,26163056344754.855,1.7,3.1961242948015327,0.3196124294801532
JWST,26160090490420.348,1.7,3.2145619525340865,0.3214561952534086
JWST,26157125308430.45,1.7,3.210239870474431,0.3210239870474431
JWST,26154160798556.547,1.7,3.1634097351324555,0.3163409735132456
JWST,26151196960570.16,1.7,3.11880702590883,0.311880702590883
JWST,26148233794242.887,1.7,3.0947733276902323,0.30947733276902323
JWST,26145271299346.445,1.7,3.125914897655339,0.31259148976553386
JWST,26142309475652.64,1.7,3.058162386628167,0.3058162386628167
JWST,26139348322933.395,1.7,3.114039929813326,0.31140399298133264
JWST,26136387840960.73,1.7,3.1856250732564906,0.31856250732564906
JWST,26133428029506.77,1.7,3.1790125334575676,0.31790125334575675
JWST,26130468888343.742,1.7,3.2148757524857414,0.32148757524857413
JWST,26127510417243.977,1.7,3.20734888912395,0.32073488891239504
JWST,26124552615979.902,1.7,3.109644422121714,0.3109644422121714
JWST,26121595484324.062,1.7,3.0419099477521776,0.30419099477521777
JWST,26118639022049.098,1.7,3.056497355837731,0.3056497355837731
JWST,26115683228927.742,1.7,3.1798246369248377,0.3179824636924838
JWST,26112728104732.85,1.7,3.1676690095111253,0.31676690095111254
JWST,26109773649237.367,1.7,3.1280641148611785,0.3128064114861179
JWST,26106819862214.344,1.7,3.1586482047887556,0.3158648204788756
JWST,26103866743436.934,1.7,3.1830985571502444,0.31830985571502446
JWST,26100914292678.39,1.7,3.1647082872748378,0.3164708287274838
JWST,26097962509712.08,1.7,3.1246220111857217,0.3124622011185722
JWST,26095011394311.45,1.7,3.1636783992497097,0.31636783992497103
JWST,26092060946250.082,1.7,3.2083566105904198,0.320835661059042
JWST,26089111165301.633,1.7,3.2492011406092693,0.32492011406092697
JWST,26086162051239.867,1.7,3.2219386950272733,0.3221938695027274
JWST,26083213603838.668,1.7,3.1782562573681923,0.3178256257368192
JWST,26080265822871.992,1.7,3.182551509629219,0.3182551509629219
JWST,26077318708113.934,1.7,3.199547921555018,0.3199547921555018
JWST,26074372259338.656,1.7,3.2406766397502116,0.3240676639750212
JWST,26071426476320.44,1.7,3.2456130269986607,0.3245613026998661
JWST,26068481358833.676,1.7,3.210569908960304,0.3210569908960304
JWST,26065536906652.836,1.7,3.1308337504256962,0.31308337504256967
JWST,26062593119552.51,1.7,3.16919831180414,0.316919831180414
JWST,26059649997307.39,1.7,3.188061049636173,0.31880610496361733
JWST,26056707539692.254,1.7,3.112290358634497,0.31122903586344974
JWST,26053765746482.004,1.7,3.098781465693756,0.3098781465693756
JWST,26050824617451.63,1.7,3.141457755482036,0.3141457755482036
JWST,26047884152376.215,1.7,3.186678729089758,0.31866787290897586
JWST,26044944351030.965,1.7,3.1370855281523964,0.3137085528152396
JWST,26042005213191.17,1.7,3.0959933919305964,0.3095993391930596
JWST,26039066738632.242,1.7,3.1265794224759444,0.31265794224759447
JWST,26036128927129.664,1.7,3.137262960535723,0.31372629605357233
JWST,26033191778459.043,1.7,3.20603135167644,0.32060313516764394
JWST,26030255292396.082,1.7,3.1701511686777235,0.3170151168677724
JWST,26027319468716.582,1.7,3.155142032479737,0.3155142032479737
JWST,26024384307196.453,1.7,3.1270578620068337,0.3127057862006834
JWST,26021449807611.7,1.7,3.123233022899954,0.31232330228999544
JWST,26018515969738.418,1.7,3.1343606805669366,0.31343606805669366
JWST,26015582793352.824,1.7,3.1262186417569264,0.31262186417569265
JWST,26012650278231.23,1.7,3.1348870981950783,0.3134887098195079
JWST,26009718424150.035,1.7,3.118353296794319,0.3118353296794319
JWST,26006787230885.758,1.7,3.096528761629925,0.3096528761629926
JWST,26003856698215.0,1.7,3.0664717133026165,0.3066471713302617
JWST,26000926825914.484,1.7,3.089509543060789,0.3089509543060789
JWST,25997997613761.016,1.7,3.09559716637598,0.309559716637598
JWST,25995069061531.508,1.7,3.147101440460077,0.3147101440460077
JWST,25992141169002.977,1.7,3.183619980778521,0.3183619980778521
JWST,25989213935952.527,1.7,3.2265834458083678,0.3226583445808368
JWST,25986287362157.383,1.7,3.2032479915629217,0.3203247991562922
JWST,25983361447394.855,1.7,3.1644573381167342,0.31644573381167346
JWST,25980436191442.36,1.7,3.1692892751271526,0.3169289275127153
JWST,25977511594077.406,1.7,3.158670753297292,0.31586707532972924
JWST,25974587655077.613,1.7,3.2141308253203706,0.3214130825320371
JWST,25971664374220.7,1.7,3.207354341622667,0.32073543416226674
JWST,25971214807670.992,1.7,3.016075268035292,0.3016075268035292
JWST,25965595157384.586,1.7,3.0361545566704233,0.30361545566704234
JWST,25959977938531.42,1.7,3.0696675455359785,0.30696675455359784
JWST,25954363149533.832,1.7,3.1915599313405463,0.3191559931340547
JWST,25948750788815.53,1.7,3.1740064336602214,0.31740064336602214
JWST,25943140854801.59,1.7,3.182110687047036,0.3182110687047036
JWST,25937533345918.43,1.7,3.1866735398822192,0.318667353988222
JWST,25931928260593.855,1.7,3.1592192919557305,0.31592192919557305
JWST,25926325597257.01,1.7,3.0471501424091643,0.30471501424091646
JWST,25920725354338.406,1.7,3.06167055629453,0.306167055629453
JWST,25915127530269.902,1.7,2.98927538190677,0.298927538190677
JWST,25909532123484.723,1.7,2.9697661444859866,0.2969766144485987
JWST,25903939132417.438,1.7,2.987377217185983,0.2987377217185983
JWST,25898348555503.96,1.7,3.0459095366057762,0.30459095366057765
JWST,25892760391181.574,1.7,3.1009072885319933,0.3100907288531993
JWST,25887174637888.895,1.7,3.1003957273045617,0.3100395727304562
JWST,25881591294065.895,1.7,3.0561037605916748,0.30561037605916747
JWST,25876010358153.883,1.7,3.03435720544581,0.303435720544581
JWST,25870431828595.516,1.7,2.97901763468474,0.297901763468474
JWST,25864855703834.8,1.7,2.97293738791417,0.297293738791417
JWST,25859281982317.066,1.7,2.9709487352136037,0.29709487352136044
JWST,25853710662489.01,1.7,3.1307997202946827,0.3130799720294683
JWST,25848141742798.645,1.7,3.0947328292173744,0.3094732829217374
JWST,25842575221695.316,1.7,3.185492260843218,0.31854922608432185
JWST,25837011097629.734,1.7,3.1931344372988315,0.3193134437298832
JWST,25831449369053.914,1.7,3.200032690284656,0.3200032690284656
JWST,25825890034421.22,1.7,3.1916926610717526,0.3191692661071753
JWST,25820333092186.332,1.7,3.1121763348863314,0.3112176334886332
JWST,25814778540805.28,1.7,3.04426717688393,0.304426717688393
JWST,25809226378735.414,1.7,3.0587481460327015,0.30587481460327015
JWST,25803676604435.395,1.7,3.0248437391938845,0.3024843739193885
JWST,25798129216365.234,1.7,2.9797918758692576,0.2979791875869258
JWST,25792584212986.254,1.7,2.9775379483130355,0.2977537948313036
JWST,25787041592761.098,1.7,3.004119065059754,0.30041190650597543
JWST,25781501354153.74,1.7,3.0506465177143074,0.3050646517714308
JWST,25775963495629.457,1.7,3.0924287582596826,0.30924287582596827
JWST,25770428015654.867,1.7,3.122908678055158,0.3122908678055158
JWST,25764894912697.887,1.7,3.0705738887121035,0.30705738887121037
JWST,25759364185227.758,1.7,3.004923126201241,0.3004923126201241
JWST,25753835831715.023,1.7,3.0251319318961394,0.30251319318961395
JWST,25748309850631.562,1.7,3.0389565078899254,0.3038956507889926
JWST,25742786240450.547,1.7,3.0733068068212512,0.30733068068212516
JWST,25737264999646.457,1.7,3.1268503285151095,0.312685032851511
JWST,25731746126695.094,1.7,3.1180869594660776,0.31180869594660776
JWST,25726229620073.555,1.7,3.127901199669822,0.3127901199669822
JWST,25720715478260.254,1.7,3.1159681832287185,0.3115968183228719
JWST,25715203699734.902,1.7,3.16065401620971,0.316065401620971
JWST,25709694282978.504,1.7,3.158524972443341,0.3158524972443341
JWST,25704187226473.39,1.7,3.1035144173787548,0.3103514417378755
JWST,25698682528703.164,1.7,3.114214425725447,0.3114214425725447
JWST,25693180188152.754,1.7,3.133749515091388,0.31337495150913885
JWST,25687680203308.36,1.7,3.1281815599895584,0.31281815599895585
JWST,25682182572657.496,1.7,3.1018886796232077,0.31018886796232076
JWST,25676687294688.965,1.7,3.128302732260636,0.3128302732260636
JWST,25671194367892.86,1.7,3.1129189407552267,0.3112918940755227
JWST,25665703790760.574,1.7,2.825660562656201,0.28256605626562015
JWST,25660215561784.777,1.7,3.021347210549882,0.3021347210549882
JWST,25654729679459.45,1.7,3.0363453225247983,0.3036345322524799
JWST,25649246142279.832,1.7,3.0305256539890024,0.30305256539890024
JWST,25643764948742.47,1.7,3.0817284467337607,0.3081728446733761
JWST,25638286097345.19,1.7,2.933081217951711,0.29330812179517113
JWST,25632809586587.1,1.7,3.0388150807317253,0.30388150807317255
JWST,25627335414968.598,1.7,3.123952417284924,0.3123952417284924
JWST,25621863580991.344,1.7,3.1919449856757014,0.31919449856757015
JWST,25616394083158.3,1.7,3.1096957601637154,0.31096957601637154
JWST,25610926919973.695,1.7,3.133955045788432,0.31339550457884324
JWST,25605462089943.027,1.7,3.1247590502638074,0.3124759050263808
JWST,25599999591573.086,1.7,3.1159104906572574,0.31159104906572577
JWST,25594539423371.92,1.7,3.1019993521787694,0.3101999352178769
JWST,25589081583848.87,1.7,3.1276008716941432,0.31276008716941434
JWST,25583626071514.523,1.7,3.0769912609051677,0.30769912609051675
JWST,25578172884880.746,1.7,3.0591563767465284,0.30591563767465285
JWST,25572722022460.688,1.7,3.0607265801747348,0.3060726580174735
JWST,25567273482768.746,1.7,3.0769592978459483,0.30769592978459487
JWST,25561827264320.594,1.7,3.0944824376262545,0.3094482437626255
JWST,25556383365633.164,1.7,3.07538932727296,0.307538932727296
JWST,25550941785224.66,1.7,3.052178159615067,0.3052178159615067
JWST,25545502521614.54,1.7,3.050854225155442,0.30508542251554427
JWST,25540065573323.516,1.7,3.0411507861074014,0.30411507861074016
JWST,25534630938873.58,1.7,3.0788347399930913,0.30788347399930915
JWST,25529198616787.957,1.7,3.127451694479055,0.31274516944790554
JWST,25523768605591.152,1.7,2.9351103578167037,0.2935110357816704
JWST,25518340903808.91,1.7,3.1556176435604315,0.31556176435604316
JWST,25512915509968.23,1.7,3.1463275908177835,0.31463275908177835
JWST,25507492422597.375,1.7,3.154882885821769,0.3154882885821769
JWST,25502071640225.84,1.7,3.100144001136687,0.31001440011366876
JWST,25496653161384.39,1.7,3.1221578952656137,0.31221578952656137
JWST,25491236984605.027,1.7,3.144467729634269,0.3144467729634269
JWST,25485823108420.996,1.7,3.0577960552404533,0.3057796055240453
JWST,25480411531366.805,1.7,3.0937320372051236,0.30937320372051236
JWST,25475002251978.184,1.7,3.075763535798495,0.3075763535798495
JWST,25469595268792.13,1.7,3.0647505515721205,0.30647505515721213
JWST,25464190580346.86,1.7,3.0989154868995663,0.3098915486899566
JWST,25458788185181.844,1.7,3.093709077219091,0.3093709077219091
JWST,25453388081837.793,1.7,3.0945733995763725,0.30945733995763725
JWST,25447990268856.64,1.7,2.84600651089652,0.28460065108965205
JWST,25442594744781.58,1.7,2.9933212205487707,0.2993321220548771
JWST,25437201508157.01,1.7,2.9127826218299226,0.2912782621829923
JWST,25431810557528.6,1.7,3.09524411424005,0.30952441142400505
JWST,25426421891443.223,1.7,3.0775913371198245,0.3077591337119825
JWST,25421035508448.99,1.7,3.0569740971354076,0.3056974097135408
JWST,25415651407095.25,1.7,3.098604663211837,0.30986046632118375
JWST,25410269585932.57,1.7,3.108298764467429,0.3108298764467429
JWST,25404890043512.76,1.7,3.1025264671210913,0.31025264671210917
JWST,25399512778388.836,1.7,3.028537973153245,0.3028537973153245
JWST,25394137789115.055,1.7,2.997364989778489,0.299736498977849
JWST,25388765074246.887,1.7,3.0381531291046486,0.3038153129104649
JWST,25383394632341.027,1.7,3.0494467397833676,0.3049446739783368
JWST,25378026461955.402,1.7,3.086322897414948,0.30863228974149487
JWST,25372660561649.14,1.7,3.0757167552871327,0.3075716755287133
JWST,25367296929982.6,1.7,3.080460718963129,0.3080460718963129
JWST,25361935565517.36,1.7,3.0537979195776725,0.30537979195776727
JWST,25356576466816.2,1.7,3.017662943929504,0.30176629439295044
JWST,25351219632443.125,1.7,3.212322452489044,0.3212322452489044
JWST,25345865060963.35,1.7,3.04186564128114,0.30418656412811396
JWST,25340512750943.31,1.7,3.096022081473421,0.30960220814734213
JWST,25335162700950.637,1.7,3.047581066918325,0.3047581066918325
JWST,25329814909554.18,1.7,3.0139101196707725,0.3013910119670773
JWST,25324469375324.0,1.7,3.0290935016025338,0.30290935016025344
JWST,25319126096831.355,1.7,3.0975686214702858,0.30975686214702863
JWST,25313785072648.715,1.7,3.133336776452553,0.31333367764525527
JWST,25308446301349.754,1.7,3.1104490926646755,0.3110449092664676
JWST,25303109781509.348,1.7,3.061613597047703,0.3061613597047703
JWST,25297775511703.574,1.7,3.0655869556473894,0.30655869556473897
JWST,25292443490509.707,1.7,3.0529392314319614,0.30529392314319614
JWST,25287113716506.23,1.7,2.9995782287874495,0.29995782287874495
JWST,25281786188272.816,1.7,2.993593075818757,0.29935930758187573
JWST,25276460904390.34,1.7,2.936698859256211,0.2936698859256211
JWST,25271137863440.86,1.7,2.9762332218007375,0.2976233221800738
JWST,25265817064007.65,1.7,2.950900947076923,0.2950900947076924
JWST,25260498504675.156,1.7,3.0076562583678585,0.3007656258367859
JWST,25255182184029.023,1.7,2.969141269105985,0.29691412691059854
JWST,25249868100656.098,1.7,2.956596053159753,0.2956596053159753
JWST,25244556253144.395,1.7,2.9297727752962146,0.2929772775296215
JWST,25239246640083.14,1.7,2.928738379869878,0.2928738379869878
JWST,25233939260062.723,1.7,2.9802193291973493,0.298021932919735
JWST,25228634111674.73,1.7,3.0110570223894,0.30110570223894
JWST,25223331193511.938,1.7,2.9996370199299123,0.29996370199299127
JWST,25218030504168.293,1.7,2.9787133768620797,0.29787133768620794
JWST,25212732042238.938,1.7,2.959673552161014,0.2959673552161014
JWST,25207435806320.18,1.7,2.979203342833748,0.29792033428337483
JWST,25202141795009.51,1.7,3.004969055077619,0.3004969055077619
JWST,25196850006905.613,1.7,3.00215359236672,0.30021535923667203
JWST,25191560440608.33,1.7,3.002218434330882,0.3002218434330882
JWST,25186273094718.684,1.7,2.997508586102695,0.2997508586102695
JWST,25180987967838.87,1.7,2.979515114587145,0.2979515114587145
JWST,25175705058572.273,1.7,2.9746961600406583,0.29746961600406585
JWST,25170424365523.43,1.7,2.9828036294128832,0.29828036294128835
JWST,25165145887298.047,1.7,2.936916787780816,0.29369167877808167
JWST,25159869622503.02,1.7,2.9749963870404894,0.29749963870404894
JWST,25154595569746.387,1.7,2.996862143648182,0.29968621436481824
JWST,25149323727637.38,1.7,2.97224989187489,0.297224989187489
JWST,25144054094786.375,1.7,3.016038181537844,0.3016038181537844
JWST,25138786669804.918,1.7,3.0089221793126852,0.3008922179312685
JWST,25133521451305.727,1.7,2.9459285732737825,0.2945928573273783
JWST,25128258437902.67,1.7,2.9721286845843675,0.29721286845843675
JWST,25122997628210.79,1.7,3.0002197672817426,0.30002197672817427
JWST,25117739020846.273,1.7,2.9843317688493394,0.298433176884934
JWST,25112482614426.473,1.7,2.9871465135431468,0.2987146513543147
JWST,25107228407569.902,1.7,3.077488235631957,0.3077488235631957
JWST,25101976398896.223,1.7,2.968623769161413,0.2968623769161413
JWST,25096726587026.258,1.7,2.9993412076596795,0.299934120765968
JWST,25091478970581.973,1.7,2.9636358364952926,0.2963635836495293
JWST,25086233548186.508,1.7,2.977696470617249,0.29776964706172493
JWST,25080990318464.133,1.7,2.9800184859490155,0.2980018485949016
JWST,25075749280040.27,1.7,2.9511709563006088,0.2951170956300609
JWST,25070510431541.5,1.7,2.9367870286032587,0.29367870286032594
JWST,25065273771595.547,1.7,2.9567853516810496,0.295678535168105
JWST,25060039298831.277,1.7,2.980456147460856,0.29804561474608565
JWST,25054807011878.707,1.7,2.929553526615675,0.2929553526615675
JWST,25049576909369.0,1.7,3.0364096903513005,0.3036409690351301
JWST,25044348989934.45,1.7,3.023404272660515,0.30234042726605154
JWST,25039123252208.5,1.7,3.0694867296009876,0.30694867296009876
JWST,25033899694825.74,1.7,3.0381694326969284,0.3038169432696929
JWST,25028678316421.883,1.7,3.009805477395032,0.3009805477395032
JWST,25023459115633.797,1.7,2.991915870773307,0.29919158707733073
JWST,25018242091099.477,1.7,3.032375259129916,0.3032375259129916
JWST,25013027241458.055,1.7,3.0350450626583387,0.3035045062658339
JWST,25007814565349.797,1.7,3.0089657833244607,0.3008965783324461
JWST,25002604061416.1,1.7,3.014782414371515,0.3014782414371516
JWST,24997395728299.508,1.7,3.0197796144677787,0.30197796144677785
JWST,24992189564643.67,1.7,2.9973157229469285,0.2997315722946929
JWST,24986985569093.395,1.7,3.0224233675218075,0.30224233675218076
JWST,24981783740294.59,1.7,3.0342746282985744,0.30342746282985744
JWST,24976584076894.31,1.7,3.0511249304571244,0.3051124930457125
JWST,24971386577540.727,1.7,3.0213745585252068,0.30213745585252066
JWST,24966191240883.145,1.7,2.9957535664060417,0.2995753566406042
JWST,24960998065571.984,1.7,3.0245102641775006,0.30245102641775007
JWST,24955807050258.797,1.7,3.0398818299317036,0.30398818299317043
JWST,24950618193596.24,1.7,3.022238298024165,0.3022238298024166
JWST,24945431494238.113,1.7,3.016283225491268,0.30162832254912686
JWST,24940246950839.316,1.7,3.041922965592668,0.30419229655926683
JWST,24935064562055.88,1.7,3.0237596995405447,0.30237596995405447
JWST,24929884326544.94,1.7,2.9780399536384383,0.29780399536384383
JWST,24924706242964.76,1.7,3.0015601589769596,0.30015601589769597
JWST,24919530309974.715,1.7,3.027149641314004,0.3027149641314004
JWST,24914356526235.277,1.7,3.0226093005192984,0.30226093005192983
JWST,24909184890408.062,1.7,2.9967518870843564,0.2996751887084356
JWST,24904015401155.766,1.7,2.983893105892479,0.2983893105892479
JWST,24898848057142.215,1.7,3.001230849464147,0.30012308494641476
JWST,24893682857032.336,1.7,2.9955577015451107,0.2995557701545111
JWST,24888519799492.156,1.7,3.00437341063857,0.30043734106385706
JWST,24883358883188.832,1.7,3.0566374202044884,0.3056637420204488
JWST,24878200106790.594,1.7,3.013934780653643,0.3013934780653643
JWST,24873043468966.81,1.7,3.0292391336705484,0.3029239133670548
JWST,24867888968387.918,1.7,2.9765243905891148,0.29765243905891153
JWST,24862736603725.484,1.7,3.018467098793352,0.3018467098793352
JWST,24857586373652.164,1.7,3.003806308017717,0.3003806308017717
JWST,24852438276841.71,1.7,3.0244439648320585,0.30244439648320587
JWST,24847292311968.984,1.7,3.0609790446892458,0.3060979044689246
JWST,24842148477709.93,1.7,3.1004202716190266,0.3100420271619027
JWST,24837006772741.605,1.7,3.1224955324030255,0.3122495532403025
JWST,24831867195742.15,1.7,3.07082595113309,0.30708259511330904
JWST,24826729745390.793,1.7,3.0881180493130187,0.3088118049313019
JWST,24821594420367.875,1.7,3.0447733342415986,0.3044773334241599
JWST,24816461219354.812,1.7,3.0318951601631277,0.3031895160163128
JWST,24811330141034.125,1.7,3.0318484319331787,0.3031848431933179
JWST,24806201184089.406,1.7,2.9693510125727505,0.29693510125727507
JWST,24801074347205.344,1.7,3.0428699252215137,0.3042869925221514
JWST,24795949629067.727,1.7,3.0855415093964718,0.30855415093964716
JWST,24790827028363.402,1.7,3.101863971317859,0.3101863971317859
JWST,24785706543780.336,1.7,3.082603666114185,0.30826036661141853
JWST,24780588174007.543,1.7,3.0249579330361147,0.3024957933036115
JWST,24775471917735.152,1.7,3.0140335006378427,0.30140335006378427
JWST,24770357773654.35,1.7,3.0419743067794185,0.30419743067794186
JWST,24765245740457.414,1.7,3.0995720038843118,0.3099572003884312
JWST,24760135816837.707,1.7,3.1255199760971664,0.3125519976097167
JWST,24755028001489.652,1.7,3.0672502253622027,0.3067250225362203
JWST,24749922293108.77,1.7,3.024129545967826,0.30241295459678263
JWST,24744818690391.645,1.7,3.0168871284219376,0.3016887128421938
JWST,24739717192035.934,1.7,3.0834701855741944,0.30834701855741947
JWST,24734617796740.375,1.7,3.1093203632464994,0.31093203632465
JWST,24729520503204.78,1.7,3.052529785976105,0.3052529785976105
JWST,24724425310130.027,1.7,3.029378371559862,0.30293783715598627
JWST,24719332216218.062,1.7,2.9756589597542074,0.29756589597542077
JWST,24714241220171.914,1.7,2.995843562862762,0.2995843562862762
JWST,24709152320695.664,1.7,3.049805868980371,0.3049805868980371
JWST,24704065516494.465,1.7,3.038416194113227,0.30384161941132276
JWST,24698980806274.547,1.7,3.047517688539519,0.30475176885395194
JWST,24693898188743.184,1.7,3.0736282196487372,0.30736282196487374
JWST,24688817662608.734,1.7,3.063495406857694,0.3063495406857694
JWST,24683739226580.613,1.7,3.0541107976412505,0.30541107976412507
JWST,24678662879369.28,1.7,3.077073770074892,0.3077073770074892
JWST,24673588619686.29,1.7,3.0923200746815582,0.3092320074681559
JWST,24668516446244.223,1.7,3.085092116663216,0.3085092116663216
JWST,24663446357756.74,1.7,3.0452994279862833,0.30452994279862833
JWST,24658378352938.54,1.7,3.0504063929954954,0.3050406392995496
JWST,24653312430505.402,1.7,3.1276866221801214,0.31276866221801214
JWST,24648248589174.14,1.7,3.097448658812859,0.3097448658812859
JWST,24643186827662.633,1.7,3.046494656885541,0.3046494656885541
JWST,24638127144689.805,1.7,3.0639958741681683,0.30639958741681683
JWST,24633069538975.64,1.7,3.127130489570341,0.31271304895703406
JWST,24628014009241.17,1.7,3.1726491929244633,0.3172649192924463
JWST,24622960554208.477,1.7,3.12926975471046,0.3129269754710461
JWST,24617909172600.68,1.7,3.1371286909634124,0.3137128690963413
JWST,24612859863141.97,1.7,3.122477755116196,0.31224777551161964
JWST,24607812624557.56,1.7,3.1084137236596296,0.310841372365963
JWST,24602767455573.727,1.7,3.110335887200407,0.3110335887200407
JWST,24597724354917.78,1.7,3.1225789594308493,0.31225789594308495
JWST,24592683321318.074,1.7,3.090829711713345,0.30908297117133454
JWST,24587644353504.016,1.7,3.089336636399634,0.3089336636399634
JWST,24582607450206.035,1.7,3.053158669499439,0.3053158669499439
JWST,24577572610155.62,1.7,3.1070432424987304,0.31070432424987304
JWST,24572539832085.285,1.7,3.1227330042224,0.31227330042224005
JWST,24567509114728.59,1.7,3.0947103118196257,0.3094710311819626
JWST,24562480456820.13,1.7,3.0977057449451575,0.3097705744945158
JWST,24557453857095.53,1.7,3.1187334140262895,0.31187334140262896
JWST,24552429314291.46,1.7,3.1033281022169152,0.3103328102216915
JWST,24547406827145.617,1.7,3.181321231078985,0.3181321231078985
JWST,24542386394396.73,1.7,3.1510194995898106,0.3151019499589811
JWST,24537368014784.566,1.7,3.126929448913382,0.31269294489133825
JWST,24532351687049.91,1.7,3.1509321141344127,0.31509321141344127
JWST,24527337409934.594,1.7,3.1015503262099395,0.310155032620994
JWST,24522325182181.46,1.7,3.1028030412560956,0.3102803041256096
JWST,24517315002534.4,1.7,3.131618419120012,0.3131618419120012
JWST,24512306869738.3,1.7,3.0812636732645338,0.30812636732645343
JWST,24507300782539.11,1.7,3.120762549576903,0.3120762549576903
JWST,24502296739683.773,1.7,3.139382032278301,0.3139382032278301
JWST,24497294739920.266,1.7,3.0797726212505587,0.3079772621250559
JWST,24492294781997.594,1.7,3.084371834306357,0.30843718343063575
JWST,24487296864665.773,1.7,3.10369882972892,0.31036988297289203
JWST,24482300986675.85,1.7,3.08596488206153,0.30859648820615304
JWST,24477307146779.883,1.7,3.0715317564174596,0.307153175641746
JWST,24472315343730.945,1.7,3.05737524454745,0.305737524454745
JWST,24467325576283.14,1.7,3.085894819691635,0.3085894819691636
JWST,24462337843191.57,1.7,3.0507976440145876,0.3050797644014588
JWST,24457352143212.367,1.7,3.0658647563408503,0.30658647563408503
JWST,24452368475102.664,1.7,3.021992684870855,0.3021992684870855
JWST,24447386837620.625,1.7,3.0075355605209557,0.3007535560520956
JWST,24442407229525.406,1.7,3.048421567171223,0.30484215671712234
JWST,24437429649577.18,1.7,3.0717255798361975,0.30717255798361975
JWST,24432454096537.137,1.7,3.0806066254993403,0.30806066254993403
JWST,24427480569167.465,1.7,3.0454224231992986,0.3045422423199298
JWST,24422509066231.375,1.7,3.0275146113490807,0.30275146113490814
JWST,24417539586493.07,1.7,3.0214151797441025,0.30214151797441025
JWST,24412572128717.754,1.7,3.058716152927238,0.30587161529272383
JWST,24407606691671.66,1.7,3.0497499768987915,0.3049749976898791
JWST,24402643274122.0,1.7,3.0861741288238185,0.30861741288238187
JWST,24397681874837.004,1.7,2.9865662484791726,0.2986566248479172
JWST,24392722492585.895,1.7,3.0100952544051403,0.301009525440514
JWST,24387765126138.9,1.7,3.060373831257212,0.3060373831257212
JWST,24382809774267.242,1.7,3.0800630773315483,0.30800630773315485
JWST,24377856435743.15,1.7,3.03017011896596,0.30301701189659597
JWST,24372905109339.84,1.7,3.03387903909951,0.3033879039099511
JWST,24367955793831.535,1.7,2.9664009153017923,0.29664009153017923
JWST,24363008487993.45,1.7,3.0097797726565907,0.3009779772656591
JWST,24358063190601.79,1.7,2.9963940849766715,0.2996394084976672
JWST,24353119900433.75,1.7,2.9481062847325297,0.29481062847325296
JWST,24348178616267.54,1.7,2.925483943761962,0.29254839437619623
JWST,24343239336882.332,1.7,2.937133993653417,0.29371339936534174
JWST,24338302061058.31,1.7,2.9810937678342757,0.2981093767834276
JWST,24333366787576.633,1.7,2.998050032645224,0.2998050032645224
JWST,24328433515219.457,1.7,2.978550004720886,0.2978550004720886
JWST,24323502242769.926,1.7,3.003460951456738,0.3003460951456738
JWST,24318572969012.164,1.7,3.0129104688246477,0.3012910468824648
JWST,24313645692731.285,1.7,2.788398119200949,0.27883981192009494
JWST,24308720412713.387,1.7,2.9971543656029547,0.2997154365602955
JWST,24303797127745.55,1.7,3.1105642597982275,0.31105642597982275
JWST,24298875836615.84,1.7,3.140022282309973,0.3140022282309973
JWST,24293956538113.297,1.7,3.081704081793488,0.3081704081793488
JWST,24289039231027.95,1.7,3.1141020709468723,0.3114102070946872
JWST,24284123914150.797,1.7,3.0888362906827376,0.30888362906827377
JWST,24279210586273.83,1.7,3.1046544109266927,0.31046544109266927
JWST,24274299246190.004,1.7,3.0641066727207873,0.3064106672720788
JWST,24269389892693.254,1.7,3.078167380131925,0.30781673801319254
JWST,24264482524578.496,1.7,3.0447523822423648,0.3044752382242365
JWST,24259577140641.617,1.7,3.031095450692708,0.30310954506927085
JWST,24254673739679.477,1.7,3.0545328777572034,0.30545328777572034
JWST,24249772320489.906,1.7,3.0778151861843757,0.3077815186184376
JWST,24244872881871.71,1.7,3.055117450839841,0.3055117450839841
JWST,24239975422624.668,1.7,3.0527275366866777,0.3052727536686678
JWST,24235079941549.52,1.7,3.037366207946302,0.3037366207946302
JWST,24230186437447.98,1.7,3.080212412555366,0.3080212412555366
JWST,24225294909122.727,1.7,3.081895878552025,0.3081895878552025
JWST,24220405355377.414,1.7,3.0816637348866696,0.308166373488667
JWST,24215517775016.652,1.7,3.048053780829816,0.3048053780829816
JWST,24210632166846.01,1.7,3.059421129537209,0.3059421129537209
JWST,24205748529672.047,1.7,3.089152975038478,0.3089152975038478
JWST,24200866862302.25,1.7,2.8664078650922034,0.2866407865092203
JWST,24195987163545.098,1.7,3.010457995604362,0.3010457995604362
JWST,24191109432210.008,1.7,3.042995528565686,0.3042995528565686
JWST,24186233667107.375,1.7,3.08800670550041,0.308800670550041
JWST,24181359867048.54,1.7,3.1249564796863742,0.3124956479686375
JWST,24176488030845.805,1.7,3.0871654104468758,0.3087165410446876
JWST,24171618157312.434,1.7,3.0865249699567134,0.3086524969956714
JWST,24166750245262.645,1.7,3.089091519950898,0.30890915199508984
JWST,24161884293511.605,1.7,3.1299070447705577,0.31299070447705574
JWST,24157020300875.445,1.7,3.1152595781222834,0.31152595781222836
JWST,24152158266171.234,1.7,3.0669956050411744,0.30669956050411745
JWST,24147298188217.016,1.7,3.0424242215663506,0.30424242215663505
JWST,24142440065831.76,1.7,3.063840503497734,0.3063840503497734
JWST,24137583897835.41,1.7,3.113179659343855,0.31131796593438554
JWST,24132729683048.84,1.7,3.1870214252159377,0.3187021425215938
JWST,24127877420293.883,1.7,3.0561528950337395,0.30561528950337397
JWST,24123027108393.316,1.7,3.0893621056226306,0.3089362105622631
JWST,24118178746170.86,1.7,3.092117071434757,0.3092117071434757
JWST,24113332332451.188,1.7,3.1085347841544455,0.3108534784154446
JWST,24108487866059.906,1.7,3.133516134915862,0.3133516134915862
JWST,24103645345823.582,1.7,3.138231513477453,0.31382315134774535
JWST,24098804770569.715,1.7,3.075276749476229,0.30752767494762295
JWST,24093966139126.734,1.7,3.051714729513948,0.3051714729513948
JWST,24089129450324.035,1.7,3.1214527830899477,0.3121452783089948
JWST,24084294702991.93,1.7,3.076313605463291,0.3076313605463291
JWST,24079461895961.688,1.7,3.0003823606976137,0.3000382360697614
JWST,24074631028065.5,1.7,3.0211008620964317,0.3021100862096432
JWST,24069802098136.51,1.7,3.0534734142018456,0.3053473414201846
JWST,24064975105008.785,1.7,3.064840315128774,0.3064840315128774
JWST,24060150047517.33,1.7,3.078061324536326,0.3078061324536327
JWST,24055326924498.09,1.7,3.02654167061128,0.302654167061128
JWST,24050505734787.934,1.7,3.0269118644649136,0.3026911864464914
JWST,24045686477224.676,1.7,3.0211807842144656,0.3021180784214466
JWST,24040869150647.05,1.7,3.0127450439907753,0.30127450439907755
JWST,24036053753894.72,1.7,3.042896557149241,0.3042896557149241
JWST,24031240285808.29,1.7,3.051395444900251,0.3051395444900251
JWST,24026428745229.28,1.7,3.051815937582759,0.30518159375827586
JWST,24021619131000.152,1.7,3.04772127375104,0.30477212737510406
JWST,24016811441964.28,1.7,3.043816150912113,0.30438161509121137
JWST,24012005676965.97,1.7,3.027447519672643,0.30274475196726436
JWST,24007201834850.457,1.7,3.053141140759707,0.3053141140759707
JWST,24002399914463.895,1.7,3.096614289799233,0.3096614289799233
JWST,23997599914653.36,1.7,3.1148064629897636,0.3114806462989764
JWST,23992801834266.85,1.7,3.094852380780589,0.30948523807805894
JWST,23988005672153.293,1.7,3.079910914987487,0.3079910914987487
JWST,23983211427162.527,1.7,3.0778507819855414,0.30778507819855416
JWST,23978419098145.312,1.7,3.1699829850228327,0.3169982985022833
JWST,23973628683953.33,1.7,3.1431278114602175,0.31431278114602174
JWST,23968840183439.168,1.7,3.126117245167948,0.31261172451679486
JWST,23964053595456.348,1.7,3.056418771248804,0.3056418771248804
JWST,23959268918859.3,1.7,3.034329103853137,0.30343291038531367
JWST,23954486152503.36,1.7,3.0475034358278377,0.3047503435827838
JWST,23949705295244.793,1.7,3.0290829571199227,0.3029082957119923
JWST,23944926345940.76,1.7,3.0301089008494433,0.3030108900849443
JWST,23940149303449.355,1.7,3.049169472754226,0.3049169472754226
JWST,23935374166629.562,1.7,3.047809084066401,0.3047809084066401
JWST,23930600934341.29,1.7,3.0979632613520143,0.3097963261352014
JWST,23925829605445.348,1.7,3.0557206808822266,0.3055720680882227
JWST,23921060178803.453,1.7,3.0050380596947415,0.3005038059694742
JWST,23916292653278.242,1.7,3.075463388480932,0.3075463388480932
JWST,23911527027733.242,1.7,3.049114138474287,0.3049114138474287
JWST,23906763301032.902,1.7,3.092143486989127,0.3092143486989127
JWST,23902001472042.562,1.7,3.057038173812217,0.3057038173812217
JWST,23897241539628.473,1.7,3.056575404569974,0.3056575404569974
JWST,23892483502657.785,1.7,3.0975336765567807,0.3097533676556781
JWST,23887727359998.55,1.7,3.0614682466478964,0.30614682466478965
JWST,23882973110519.734,1.7,3.0340274078440657,0.30340274078440654
JWST,23878220753091.18,1.7,3.0779672318051086,0.3077967231805109
JWST,23873470286583.65,1.7,3.052378145501188,0.30523781455011884
JWST,23868721709868.797,1.7,3.0434137958194296,0.30434137958194296
JWST,23863975021819.164,1.7,3.013864642282609,0.301386464228261
JWST,23859230221308.21,1.7,3.0227233519968646,0.3022723351996865
JWST,23854487307210.273,1.7,3.043793904771483,0.30437939047714835
JWST,23849746278400.59,1.7,3.0155847487637617,0.3015584748763762
JWST,23845007133755.297,1.7,2.9915770769177157,0.2991577076917716
JWST,23840269872151.414,1.7,3.0184460685646664,0.30184460685646664
JWST,23835534492466.863,1.7,2.9875518575939206,0.2987551857593921
JWST,23830800993580.453,1.7,2.970966329696512,0.2970966329696512
JWST,23826069374371.88,1.7,3.0379771095030463,0.30379771095030467
JWST,23821339633721.734,1.7,3.0228124847568583,0.3022812484756858
JWST,23816611770511.496,1.7,3.0610889981432865,0.30610889981432865
JWST,23811885783623.527,1.7,3.076969071555604,0.3076969071555604
JWST,23807161671941.082,1.7,3.038502761903701,0.30385027619037014
JWST,23802439434348.297,1.7,3.0423235192630513,0.30423235192630516
JWST,23797719069730.2,1.7,3.0938077772886214,0.30938077772886213
JWST,23793000576972.69,1.7,3.0727709447857765,0.30727709447857765
JWST,23788283954962.57,1.7,3.0741513274655112,0.3074151327465512
JWST,23783569202587.504,1.7,3.013933455710317,0.3013933455710317
JWST,23778856318736.055,1.7,3.036310937928441,0.30363109379284414
JWST,23774145302297.652,1.7,3.0509700056140967,0.3050970005614097
JWST,23769436152162.617,1.7,3.050172771116774,0.3050172771116774
JWST,23764728867222.145,1.7,3.0488426885067716,0.30488426885067715
JWST,23760023446368.305,1.7,3.0283787391609605,0.30283787391609607
JWST,23755319888494.047,1.7,3.044787722818402,0.3044787722818402
JWST,23750618192493.203,1.7,3.044851628632367,0.30448516286323674
JWST,23745918357260.477,1.7,2.9889777209151904,0.2988977720915191
JWST,23741220381691.438,1.7,3.0350172848229158,0.3035017284822916
JWST,23736524264682.543,1.7,3.0331811060388016,0.3033181106038802
JWST,23731830005131.12,1.7,3.04430346865713,0.304430346865713
JWST,23727137601935.355,1.7,3.0555052492243684,0.30555052492243684
JWST,23722447053994.324,1.7,3.0276136884336906,0.30276136884336907
JWST,23717758360207.96,1.7,3.052847844192913,0.30528478441929136
JWST,23713071519477.08,1.7,3.0988700786279413,0.3098870078627941
JWST,23708386530703.348,1.7,3.0460021494141314,0.30460021494141315
JWST,23703703392789.312,1.7,3.054354057277638,0.3054354057277638
JWST,23699022104638.383,1.7,3.044092212137396,0.30440922121373964
JWST,23694342665154.84,1.7,3.122333072853139,0.31223330728531395
JWST,23689665073243.824,1.7,3.100431399699896,0.3100431399699896
JWST,23684989327811.34,1.7,3.0534946250888084,0.3053494625088809
JWST,23680315427764.266,1.7,3.0511864493480942,0.30511864493480945
JWST,23675643372010.324,1.7,3.0976901188296333,0.30976901188296335
JWST,23670973159458.11,1.7,3.0628849865418504,0.30628849865418506
JWST,23666304789017.09,1.7,3.0733197208036565,0.30733197208036567
JWST,23661638259597.566,1.7,3.0319589275469148,0.3031958927546915
JWST,23656973570110.723,1.7,3.015510093995107,0.30155100939951074
JWST,23652310719468.594,1.7,3.0238921316545695,0.30238921316545697
JWST,23647649706584.062,1.7,3.0624088567851073,0.30624088567851077
JWST,23642990530370.887,1.7,3.0395486660359827,0.3039548666035983
JWST,23638333189743.66,1.7,2.9991798846887483,0.29991798846887485
JWST,23633677683617.85,1.7,3.020328207163288,0.3020328207163288
JWST,23629024010909.766,1.7,2.980127619927001,0.29801276199270005
JWST,23624372170536.574,1.7,3.007153658585483,0.30071536585854824
JWST,23619722161416.293,1.7,3.0024473167948917,0.3002447316794892
JWST,23615073982467.793,1.7,3.024683701540502,0.3024683701540502
JWST,23610427632610.8,1.7,3.042427386065451,0.30424273860654516
JWST,23605783110765.88,1.7,2.9878118059810057,0.2987811805981006
JWST,23601140415854.457,1.7,2.9990878429526466,0.29990878429526463
JWST,23596499546798.8,1.7,3.0398282117429023,0.3039828211742902
JWST,23591860502522.027,1.7,3.0244232342060715,0.3024423234206072
JWST,23587223281948.098,1.7,2.9491766794467487,0.2949176679446749
JWST,23582587884001.82,1.7,2.987456162767443,0.29874561627674434
JWST,23577954307608.855,1.7,2.974860824064418,0.29748608240644187
JWST,23573322551695.695,1.7,2.9155762540959094,0.29155762540959096
JWST,23568692615189.688,1.7,2.9672713700861424,0.29672713700861425
JWST,23564064497019.01,1.7,2.9391822994963626,0.2939182299496363
JWST,23559438196112.69,1.7,3.0058467251644507,0.3005846725164451
JWST,23554813711400.6,1.7,2.984574649715011,0.29845746497150116
JWST,23550191041813.445,1.7,2.976582241316522,0.2976582241316522
JWST,23545570186282.77,1.7,2.988749839064049,0.2988749839064049
JWST,23540951143740.957,1.7,2.9957561344867325,0.2995756134486733
JWST,23536333913121.227,1.7,2.9897338964175786,0.29897338964175785
JWST,23531718493357.65,1.7,2.9772438332262334,0.29772438332262335
JWST,23527104883385.105,1.7,3.0307408341876663,0.3030740834187667
JWST,23522493082139.336,1.7,3.049152825336422,0.3049152825336422
JWST,23517883088556.902,1.7,3.036463334434562,0.3036463334434562
JWST,23513274901575.2,1.7,3.070828491612773,0.3070828491612773
JWST,23508668520132.465,1.7,3.0097373627763804,0.30097373627763807
JWST,23504063943167.75,1.7,3.0320284768370938,0.30320284768370936
JWST,23499461169620.957,1.7,3.009383595278429,0.3009383595278429
JWST,23494860198432.805,1.7,3.009938396164114,0.30099383961641135
JWST,23490261028544.855,1.7,2.9756139752697686,0.2975613975269769
JWST,23485663658899.48,1.7,2.967385077241941,0.29673850772419413
JWST,23481068088439.89,1.7,3.02212639992938,0.302212639992938
JWST,23476474316110.13,1.7,2.9222390086126255,0.2922239008612626
JWST,23471882340855.05,1.7,2.8986324150218676,0.2898632415021868
JWST,23467292161620.348,1.7,2.926056686140653,0.29260566861406534
JWST,23462703777352.535,1.7,2.9479289618912765,0.2947928961891277
JWST,23458117186998.945,1.7,2.915705392242279,0.29157053922422793
JWST,23453532389507.74,1.7,2.984681859954487,0.2984681859954487
JWST,23448949383827.895,1.7,3.0356961702809286,0.3035696170280929
JWST,23444368168909.223,1.7,3.0027627533663224,0.30027627533663226
JWST,23439788743702.34,1.7,2.99864614239593,0.29986461423959304
JWST,23435211107158.695,1.7,3.035818182067158,0.30358181820671587
JWST,23430635258230.543,1.7,3.1280563699999964,0.3128056369999997
JWST,23426061195870.97,1.7,3.214324269576076,0.32143242695760765
JWST,23421488919033.87,1.7,3.263403097565661,0.3263403097565662
JWST,23416918426673.96,1.7,3.3997087147708323,0.33997087147708327
JWST,23412349717746.77,1.7,3.531678576669546,0.35316785766695463
JWST,23407782791208.64,1.7,3.585865220945308,0.35858652209453085
JWST,23403217646016.734,1.7,3.651126484751171,0.36511264847511715
JWST,23398654281129.023,1.7,3.8275485684994925,0.38275485684994925
JWST,23394092695504.293,1.7,3.980672682887068,0.3980672682887068
JWST,23389532888102.14,1.7,4.008504217223828,0.4008504217223828
JWST,23384974857882.97,1.7,4.087205859387537,0.4087205859387537
JWST,23380418603808.004,1.7,4.253850981315639,0.42538509813156394
JWST,23375864124839.27,1.7,4.421856696263779,0.44218566962637795
JWST,23371311419939.594,1.7,4.65620245775055,0.465620245775055
JWST,23366760488072.637,1.7,5.050015626652737,0.5050015626652737
JWST,23362211328202.832,1.7,5.349201365033757,0.5349201365033757
JWST,23357663939295.453,1.7,5.428980284677261,0.5428980284677262
JWST,23353118320316.55,1.7,5.559738829534301,0.5559738829534302
JWST,23348574470232.996,1.7,6.1130162015148075,0.6113016201514808
JWST,23344032388012.46,1.7,6.731495174406734,0.6731495174406734
JWST,23339492072623.418,1.7,7.328321237836355,0.7328321237836356
JWST,23334953523035.15,1.7,7.483633150259837,0.7483633150259836
JWST,23330416738217.723,1.7,7.539329827568461,0.7539329827568461
JWST,23325881717142.027,1.7,7.7898846633479915,0.7789884663347992
JWST,23321348458779.742,1.7,7.740773994228113,0.7740773994228113
JWST,23316816962103.336,1.7,7.427486723466679,0.7427486723466679
JWST,23312287226086.098,1.7,7.135691415048436,0.7135691415048436
JWST,23307759249702.09,1.7,6.848133805847065,0.6848133805847066
JWST,23303233031926.195,1.7,6.937771500291583,0.6937771500291584
JWST,23298708571734.074,1.7,7.1901034092990015,0.7190103409299002
JWST,23294185868102.19,1.7,7.058581527429861,0.7058581527429861
JWST,23289664920007.81,1.7,6.87094969321933,0.687094969321933
JWST,23285145726428.965,1.7,6.651458935641681,0.6651458935641682
JWST,23280628286344.52,1.7,6.581906426856277,0.6581906426856277
JWST,23276112598734.1,1.7,6.5001088141453405,0.6500108814145341
JWST,23271598662578.14,1.7,6.1925540343305805,0.6192554034330582
JWST,23267086476857.855,1.7,5.90732742490757,0.5907327424907571
JWST,23262576040555.254,1.7,5.376259318522384,0.5376259318522385
JWST,23258067352653.137,1.7,4.86586551867868,0.48658655186786803
JWST,23253560412135.086,1.7,4.581779937878852,0.45817799378788526
JWST,23249055217985.48,1.7,4.299790601246777,0.42997906012467774
JWST,23244551769189.48,1.7,3.95599605329155,0.39559960532915506
JWST,23240050064733.03,1.7,3.7513296189786405,0.3751329618978641
JWST,23235550103602.87,1.7,3.5979387999382233,0.35979387999382234
JWST,23231051884786.508,1.7,3.4951381513334856,0.34951381513334856
JWST,23226555407272.254,1.7,3.4572395279872676,0.34572395279872675
JWST,23222060670049.188,1.7,3.3468985270696057,0.3346898527069606
JWST,23217567672107.176,1.7,3.3824155646104286,0.33824155646104287
JWST,23213076412436.867,1.7,3.334414351467464,0.3334414351467464
JWST,23208586890029.688,1.7,3.3120164560702023,0.33120164560702026
JWST,23204099103877.855,1.7,3.3180836474838564,0.33180836474838565
JWST,23199613052974.35,1.7,3.182883890692443,0.3182883890692443
JWST,23195128736312.95,1.7,3.2153047555219465,0.32153047555219466
JWST,23190646152888.19,1.7,3.1393490875854764,0.3139349087585476
JWST,23186165301695.395,1.7,3.1378486167449404,0.31378486167449404
JWST,23181686181730.664,1.7,3.1476290922771275,0.3147629092277128
JWST,23177208791990.867,1.7,3.0748191615865856,0.3074819161586586
JWST,23172733131473.664,1.7,3.1023280423444453,0.31023280423444455
JWST,23168259199177.473,1.7,3.058939571814226,0.3058939571814226
JWST,23163786994101.484,1.7,3.039614442705637,0.3039614442705637
JWST,23159316515245.67,1.7,3.0725476000448944,0.3072547600044894
JWST,23154847761610.777,1.7,3.0578019037514554,0.30578019037514553
JWST,23150380732198.312,1.7,3.0461247098021667,0.3046124709802167
JWST,23145915426010.555,1.7,3.0512737191527743,0.3051273719152775
JWST,23141451842050.566,1.7,3.0834444636444656,0.3083444463644466
JWST,23136989979322.16,1.7,3.102828143561602,0.3102828143561602
JWST,23132529836829.926,1.7,3.169355321408655,0.31693553214086556
JWST,23128071413579.223,1.7,3.0871285099080126,0.30871285099080126
JWST,23123614708576.168,1.7,3.0487417590564636,0.30487417590564636
JWST,23119159720827.66,1.7,3.068810507602463,0.30688105076024635
JWST,23114706449341.344,1.7,3.043652899766924,0.3043652899766924
JWST,23110254893125.645,1.7,3.010392468004954,0.3010392468004954
JWST,23105805051189.742,1.7,3.0477182819078212,0.30477182819078213
JWST,23101356922543.58,1.7,3.0480484398698175,0.30480484398698177
JWST,23096910506197.867,1.7,3.0057207565959883,0.3005720756595988
JWST,23092465801164.07,1.7,2.987667018296407,0.2987667018296407
JWST,23088022806454.426,1.7,3.048977078937277,0.3048977078937277
JWST,23083581521081.918,1.7,3.0245494140926494,0.302454941409265
JWST,23079141944060.297,1.7,2.9764167374301858,0.2976416737430186
JWST,23074704074404.07,1.7,2.924110046709413,0.29241100467094133
JWST,23070267911128.504,1.7,2.9261576337035677,0.2926157633703568
JWST,23065833453249.625,1.7,3.0198322742447954,0.30198322742447953
JWST,23061400699784.207,1.7,2.996848906722669,0.2996848906722669
JWST,23056969649749.785,1.7,2.925357541857198,0.29253575418571987
JWST,23052540302164.65,1.7,2.9406054594539532,0.2940605459453953
JWST,23048112656047.844,1.7,2.9117448975074094,0.29117448975074095
JWST,23043686710419.168,1.7,2.9075671052982774,0.29075671052982777
JWST,23039262464299.17,1.7,2.9538065039549375,0.29538065039549377
JWST,23034839916709.156,1.7,2.9653373240084715,0.2965337324008472
JWST,23030419066671.176,1.7,2.984394312534992,0.2984394312534992
JWST,23025999913208.027,1.7,2.962047552694473,0.29620475526944734
JWST,23021582455343.277,1.7,3.0128892380878223,0.30128892380878225
JWST,23017166692101.223,1.7,2.9950507406818323,0.2995050740681833
JWST,23012752622506.918,1.7,3.0217935324519813,0.3021793532451982
JWST,23008340245586.156,1.7,3.0316642300385848,0.30316642300385843
JWST,23003929560365.49,1.7,3.004446558165553,0.30044465581655533
JWST,22999520565872.21,1.7,2.966249147793885,0.2966249147793885
JWST,22995113261134.35,1.7,3.0150678592730977,0.3015067859273098
JWST,22990707645180.707,1.7,2.9748811989745256,0.2974881198974526
JWST,22986303717040.793,1.7,2.9670954827673564,0.2967095482767356
JWST,22981901475744.883,1.7,3.0066811412946017,0.3006681141294602
JWST,22977500920324.0,1.7,2.961308027314734,0.2961308027314734
JWST,22973102049809.883,1.7,2.9110609933361227,0.2911060993336123
JWST,22968704863235.043,1.7,2.9464810234407106,0.2946481023440711
JWST,22964309359632.71,1.7,3.0459789942877036,0.30459789942877036
JWST,22959915538036.867,1.7,2.9975406401642677,0.2997540640164268
JWST,22955523397482.227,1.7,2.960476418565259,0.29604764185652593
JWST,22951132937004.242,1.7,2.994595619006034,0.2994595619006034
JWST,22946744155639.113,1.7,3.0122269844276546,0.30122269844276545
JWST,22942357052423.758,1.7,2.980392623098661,0.2980392623098661
JWST,22937971626395.855,1.7,2.9656196053418507,0.2965619605341851
JWST,22933587876593.8,1.7,2.985327999735414,0.29853279997354143
JWST,22929205802056.73,1.7,3.052896352926892,0.3052896352926892
JWST,22924825401824.52,1.7,2.9706973561281083,0.2970697356128108
JWST,22920446674937.766,1.7,2.958655293644293,0.29586552936442934
JWST,22916069620437.816,1.7,2.9713558688455097,0.297135586884551
JWST,22911694237366.73,1.7,2.972191304167381,0.29721913041673814
JWST,22907320524767.316,1.7,3.0097154737745138,0.3009715473774514
JWST,22902948481683.11,1.7,2.9899307365171643,0.29899307365171646
JWST,22898578107158.36,1.7,3.0317292471147153,0.30317292471147156
JWST,22894209400238.066,1.7,2.9717382199623144,0.29717382199623144
JWST,22889842359967.945,1.7,3.0438148700826204,0.30438148700826206
JWST,22885476985394.45,1.7,3.0973573537606427,0.3097357353760643
JWST,22881113275564.754,1.7,3.0136398255840557,0.3013639825584056
JWST,22876751229526.754,1.7,3.0430688879586802,0.30430688879586804
JWST,22872390846329.086,1.7,3.062935453442739,0.3062935453442739
JWST,22868032125021.09,1.7,3.0246768795629633,0.30246768795629636
JWST,22863675064652.86,1.7,3.0483375205052656,0.3048337520505266
JWST,22859319664275.184,1.7,3.0280379156183472,0.3028037915618347
JWST,22854965922939.594,1.7,3.0193370260936776,0.30193370260936775
JWST,22850613839698.332,1.7,2.986312154707483,0.29863121547074833
JWST,22846263413604.367,1.7,2.995898482163315,0.2995898482163315
JWST,22841914643711.395,1.7,3.024482894745671,0.30244828947456714
JWST,22837567529073.816,1.7,2.9460275267183076,0.2946027526718308
JWST,22833222068746.77,1.7,2.9407892973907237,0.2940789297390724
JWST,22828878261786.098,1.7,2.972377223505208,0.2972377223505208
JWST,22824536107248.367,1.7,2.9324677889929838,0.2932467788992984
JWST,22820195604190.863,1.7,2.995402322533542,0.29954023225335424
JWST,22815856751671.59,1.7,2.9615631359938916,0.2961563135993892
JWST,22811519548749.27,1.7,2.936985327494042,0.2936985327494042
JWST,22807183994483.324,1.7,3.008396251190019,0.30083962511900186
JWST,22802850087933.91,1.7,2.962157109840624,0.2962157109840624
JWST,22798517828161.89,1.7,3.013281225236351,0.3013281225236351
JWST,22794187214228.836,1.7,3.0262111054862295,0.302621110548623
JWST,22789858245197.04,1.7,3.0357955883326304,0.30357955883326304
JWST,22785530920129.5,1.7,3.0875742423619803,0.308757424236198
JWST,22781205238089.934,1.7,3.0693603834681475,0.30693603834681477
JWST,22776881198142.766,1.7,3.0972941254745514,0.3097294125474551
JWST,22772558799353.12,1.7,3.1301628219149067,0.3130162821914907
JWST,22768238040786.855,1.7,3.0935236393324312,0.3093523639332431
JWST,22763918921510.508,1.7,3.106933192103064,0.3106933192103064
JWST,22759601440591.348,1.7,3.122271845998805,0.3122271845998805
JWST,22755285597097.34,1.7,3.0813279638167455,0.3081327963816745
JWST,22750971390097.164,1.7,3.069048145338793,0.30690481453387936
JWST,22746658818660.195,1.7,2.994410727206521,0.2994410727206521
JWST,22742347881856.52,1.7,2.964900564573715,0.29649005645737153
JWST,22738038578756.93,1.7,2.9781714415873446,0.29781714415873445
JWST,22733730908432.918,1.7,2.9980384644864246,0.29980384644864244
JWST,22729424869956.69,1.7,2.982717679772411,0.2982717679772411
JWST,22725120462401.15,1.7,2.9858725311917467,0.29858725311917467
JWST,22720817684839.887,1.7,2.9825542507016154,0.29825542507016156
JWST,22716516536347.22,1.7,2.9850990948501894,0.298509909485019
JWST,22712217015998.14,1.7,2.9936354193065595,0.29936354193065595
JWST,22707919122868.37,1.7,2.996768310026212,0.2996768310026212
JWST,22703622856034.312,1.7,3.043900619033192,0.3043900619033192
JWST,22699328214573.062,1.7,3.04124783290231,0.304124783290231
JWST,22695035197562.43,1.7,3.1517699448157774,0.3151769944815778
JWST,22690743804080.91,1.7,3.138039122599745,0.3138039122599745
JWST,22686454033207.707,1.7,3.1353394709408935,0.3135339470940893
JWST,22682165884022.707,1.7,3.1196550491433395,0.31196550491433395
JWST,22677879355606.504,1.7,3.146242031584101,0.3146242031584101
JWST,22673594447040.383,1.7,3.127407573337141,0.31274075733371415
JWST,22669311157406.312,1.7,3.1314760337342586,0.31314760337342584
JWST,22665029485786.973,1.7,3.073570524562947,0.30735705245629474
JWST,22660749431265.727,1.7,3.0604895002814736,0.30604895002814736
JWST,22656470992926.63,1.7,3.0231109371285396,0.302311093712854
JWST,22652194169854.43,1.7,3.0742959981985063,0.3074295998198507
JWST,22647918961134.562,1.7,3.0228603772721994,0.30228603772721996
JWST,22643645365853.164,1.7,3.0375101200647494,0.303751012006475
JWST,22639373383097.05,1.7,3.0372518711703034,0.30372518711703034
JWST,22635103011953.73,1.7,3.0315629609115797,0.303156296091158
JWST,22630834251511.4,1.7,2.978527235882535,0.2978527235882535
JWST,22626567100858.94,1.7,2.990760772399354,0.2990760772399354
JWST,22622301559085.93,1.7,3.0134347309773513,0.3013434730977351
JWST,22618037625282.62,1.7,3.0425450685112305,0.3042545068511231
JWST,22613775298539.957,1.7,3.0665730143972483,0.30665730143972486
JWST,22609514577949.566,1.7,3.088086522071699,0.3088086522071699
JWST,22605255462603.766,1.7,3.121221929959403,0.31212219299594035
JWST,22600997951595.55,1.7,3.1286443789874587,0.3128644378987459
JWST,22596742044018.598,1.7,3.1022403118936293,0.3102240311893629
JWST,22592487738967.27,1.7,3.1143328184375645,0.31143328184375646
JWST,22588235035536.613,1.7,3.0620170160487934,0.30620170160487936
JWST,22583983932822.355,1.7,3.1563795846477496,0.315637958464775
JWST,22579734429920.9,1.7,2.9732712884588386,0.29732712884588386
JWST,22575486525929.336,1.7,3.0183765992138327,0.3018376599213833
JWST,22571240219945.42,1.7,3.00246443035612,0.30024644303561204
JWST,22566995511067.61,1.7,2.9974342562890435,0.2997434256289043
JWST,22562752398395.02,1.7,3.007804194176639,0.30078041941766387
JWST,22558510881027.445,1.7,3.004282732495882,0.30042827324958826
JWST,22554270958065.375,1.7,3.04202050963227,0.304202050963227
JWST,22550032628609.953,1.7,3.0076951156600287,0.3007695115660029
JWST,22545795891763.004,1.7,2.9889674461330484,0.29889674461330484
JWST,22541560746627.043,1.7,3.106103315336593,0.31061033153365936
JWST,22537327192305.234,1.7,3.0126403938821227,0.3012640393882123
JWST,22533095227901.44,1.7,3.061993532735849,0.30619935327358494
JWST,22528864852520.176,1.7,3.0638093913599738,0.3063809391359974
JWST,22524636065266.64,1.7,3.100859299787699,0.3100859299787699
JWST,22520408865246.707,1.7,3.115666483794903,0.31156664837949033
JWST,22516183251566.902,1.7,3.0930814219659575,0.30930814219659575
JWST,22511959223334.45,1.7,3.0838157015129664,0.30838157015129664
JWST,22507736779657.215,1.7,2.9001382977536867,0.2900138297753687
JWST,22503515919643.758,1.7,3.0276868039459686,0.30276868039459687
JWST,22499296642403.293,1.7,3.012705851478459,0.30127058514784594
JWST,22495078947045.7,1.7,3.024766555905768,0.30247665559057685
JWST,22490862832681.535,1.7,3.0111153487518476,0.3011115348751848
JWST,22486648298422.01,1.7,3.025350418288297,0.30253504182882973
JWST,22482435343379.027,1.7,3.027366798754635,0.30273667987546354
JWST,22478223966665.12,1.7,3.0148599120575126,0.3014859912057513
JWST,22474014167393.51,1.7,3.0440113077812194,0.304401130778122
JWST,22469805944678.08,1.7,3.024501226304022,0.3024501226304023
JWST,22465599297633.363,1.7,3.0402885023993,0.30402885023993
JWST,22461394225374.58,1.7,3.0543296575998786,0.3054329657599879
JWST,22457190727017.582,1.7,3.0447768077522572,0.30447768077522575
JWST,22452988801678.91,1.7,3.0433925963639825,0.3043392596363983
JWST,22448788448475.758,1.7,3.0831123153751587,0.30831123153751594
JWST,22444589666525.97,1.7,3.090134655673836,0.3090134655673836
JWST,22440392454948.06,1.7,3.12541903508253,0.312541903508253
JWST,22436196812861.19,1.7,3.086911965584267,0.3086911965584267
JWST,22432002739385.21,1.7,3.106075305542921,0.3106075305542921
JWST,22427810233640.594,1.7,3.0853925469403305,0.3085392546940331
JWST,22423619294748.48,1.7,3.081283035826062,0.30812830358260623
JWST,22419429921830.688,1.7,3.1342918039542926,0.3134291803954293
JWST,22415242114009.656,1.7,3.116259260220315,0.31162592602203154
JWST,22411055870408.51,1.7,3.0623162968444873,0.3062316296844487
JWST,22406871190151.016,1.7,3.0981434932441756,0.30981434932441754
JWST,22402688072361.598,1.7,3.0287732052783034,0.30287732052783034
JWST,22398506516165.33,1.7,3.0253867042331426,0.3025386704233143
JWST,22394326520687.934,1.7,3.0147008248073472,0.30147008248073476
JWST,22390148085055.8,1.7,3.0149160018145564,0.30149160018145565
JWST,22385971208395.96,1.7,3.0476305961482555,0.3047630596148256
JWST,22381795889836.105,1.7,3.047570148829349,0.304757014882935
JWST,22377622128504.562,1.7,3.0195528471043374,0.3019552847104337
JWST,22373449923530.32,1.7,3.0720829962288145,0.3072082996228815
JWST,22369279274043.016,1.7,3.071462398725734,0.30714623987257345
JWST,22365110179172.926,1.7,3.0591065162588498,0.305910651625885
JWST,22360942638050.996,1.7,3.0669415497953034,0.30669415497953034
JWST,22356776649808.793,1.7,3.018957442006752,0.3018957442006752
JWST,22352612213578.555,1.7,3.0705203755924364,0.3070520375592437
JWST,22348449328493.15,1.7,3.0857892742706188,0.3085789274270619
JWST,22344287993686.09,1.7,3.0464934293430916,0.3046493429343092
JWST,22340128208291.555,1.7,3.0327636387942194,0.303276363879422
JWST,22335969971444.34,1.7,3.0685756911722737,0.3068575691172274
JWST,22331813282279.91,1.7,3.0964199648977084,0.30964199648977087
JWST,22327658139934.355,1.7,3.066265077491114,0.30662650774911143
JWST,22323504543544.414,1.7,3.0524793134049295,0.305247931340493
JWST,22319352492247.477,1.7,3.0695156939601826,0.30695156939601825
JWST,22315201985181.555,1.7,3.0466176962098883,0.3046617696209889
JWST,22311053021485.32,1.7,3.0308360946268493,0.303083609462685
JWST,22306905600298.074,1.7,3.035265907132503,0.30352659071325033
JWST,22302759720759.766,1.7,3.11831990033969,0.31183199003396905
JWST,22298615382010.98,1.7,3.070765529987815,0.3070765529987815
JWST,22294472583192.93,1.7,3.0739379228375565,0.30739379228375563
JWST,22290331323447.49,1.7,2.9733271513663917,0.2973327151366392
JWST,22286191601917.15,1.7,3.1181591249133933,0.31181591249133933
JWST,22282053417745.043,1.7,3.081162749696783,0.3081162749696783
JWST,22277916770074.95,1.7,3.059742937040355,0.30597429370403556
JWST,22273781658051.266,1.7,3.1050613100459583,0.31050613100459584
JWST,22269648080819.047,1.7,3.02791091505884,0.302791091505884
JWST,22265516037523.957,1.7,3.0468091741119028,0.3046809174111903
JWST,22261385527312.316,1.7,3.208889674550761,0.3208889674550761
JWST,22257256549331.062,1.7,3.089928064251812,0.30899280642518123
JWST,22253129102727.78,1.7,3.1383820228094255,0.3138382022809426
JWST,22249003186650.67,1.7,3.1318470995340926,0.3131847099534093
JWST,22244878800248.58,1.7,3.057921500800873,0.30579215008008737
JWST,22240755942670.98,1.7,3.0845345392824006,0.3084534539282401
JWST,22236634613067.965,1.7,3.1099222766965227,0.3109922276696523
JWST,22232514810590.28,1.7,3.1153684590520183,0.3115368459052018
JWST,22228396534389.277,1.7,3.1307622997029476,0.31307622997029483
JWST,22224279783616.945,1.7,3.1270262909369126,0.3127026290936913
JWST,22220164557425.91,1.7,3.1136233020280977,0.3113623302028098
JWST,22216050854969.414,1.7,3.149080737660456,0.3149080737660456
JWST,22211938675401.33,1.7,3.0781623213582248,0.3078162321358225
JWST,22207828017876.15,1.7,3.078392573976755,0.30783925739767554
JWST,22203718881549.004,1.7,3.0492040558841085,0.3049204055884109
JWST,22199611265575.65,1.7,3.059734070073811,0.30597340700738107
JWST,22195505169112.445,1.7,3.160907835330146,0.3160907835330146
JWST,22191400591316.406,1.7,3.1055554875131826,0.31055554875131824
JWST,22187297531345.14,1.7,3.060155037837772,0.30601550378377723
JWST,22183195988356.902,1.7,3.053919201661918,0.3053919201661918
JWST,22179095961510.56,1.7,3.0420536259322026,0.3042053625932203
JWST,22174997449965.59,1.7,3.0204283521946502,0.302042835219465
JWST,22170900452882.117,1.7,3.003345196248164,0.3003345196248164
JWST,22166804969420.86,1.7,3.0233648490731895,0.302336484907319
JWST,22162710998743.18,1.7,3.0417402786383976,0.3041740278638398
JWST,22158618540011.04,1.7,2.9789394397765774,0.2978939439776577
JWST,22154527592387.027,1.7,3.0444602310657136,0.3044460231065714
JWST,22150438155034.36,1.7,3.0347552705466483,0.3034755270546648
JWST,22146350227116.85,1.7,3.0666756536271915,0.30666756536271916
JWST,22142263807798.95,1.7,3.1462745590916597,0.31462745590916597
JWST,22138178896245.715,1.7,3.1010833539004143,0.31010833539004146
JWST,22134095491622.816,1.7,3.140154811851509,0.31401548118515094
JWST,22130013593096.55,1.7,3.1415549817383743,0.3141554981738375
JWST,22125933199833.82,1.7,3.125438022938191,0.31254380229381906
JWST,22121854311002.145,1.7,3.1053277590737975,0.3105327759073798
JWST,22117776925769.652,1.7,3.1619911422577878,0.31619911422577873
JWST,22113701043305.098,1.7,3.1710792930833116,0.31710792930833115
JWST,22109626662777.836,1.7,3.1641558883344616,0.31641558883344617
JWST,22105553783357.84,1.7,3.160697027007078,0.31606970270070783
JWST,22101482404215.688,1.7,3.17458747104702,0.317458747104702
JWST,22097412524522.58,1.7,3.1249160252634596,0.312491602526346
JWST,22093344143450.312,1.7,3.137035514456202,0.31370355144562023
JWST,22089277260171.305,1.7,3.1068702144239126,0.31068702144239124
JWST,22085211873858.582,1.7,3.1590174412696284,0.3159017441269628
JWST,22081147983685.77,1.7,3.0916003011352964,0.30916003011352966
JWST,22077085588827.11,1.7,3.0602573343361668,0.30602573343361666
JWST,22073024688457.45,1.7,3.0333634108718095,0.30333634108718094
JWST,22068965281752.242,1.7,3.072554583158412,0.3072554583158412
JWST,22064907367887.555,1.7,3.0573195746939805,0.3057319574693981
JWST,22060850946040.047,1.7,3.073314436905195,0.3073314436905195
JWST,22056796015386.992,1.7,3.030414639379323,0.30304146393793235
JWST,22052742575106.27,1.7,3.042640203590871,0.30426402035908706
JWST,22048690624376.355,1.7,3.0671880098615585,0.30671880098615584
JWST,22044640162376.344,1.7,3.0449171492665803,0.30449171492665805
JWST,22040591188285.91,1.7,3.0668326113256175,0.3066832611325618
JWST,22036543701285.355,1.7,3.1157283407396714,0.3115728340739672
JWST,22032497700555.57,1.7,3.087721167294683,0.30877211672946836
JWST,22028453185278.043,1.7,3.0499827343557997,0.30499827343557995
JWST,22024410154634.87,1.7,3.082992770465687,0.30829927704656873
JWST,22020368607808.75,1.7,3.138167821220648,0.3138167821220648
JWST,22016328543982.977,1.7,3.1143771853567004,0.31143771853567004
JWST,22012289962341.445,1.7,3.080871181361407,0.3080871181361407
JWST,22008252862068.645,1.7,3.0850765906416,0.30850765906416006
JWST,22004217242349.668,1.7,3.151842946548949,0.31518429465489495
JWST,22000183102370.203,1.7,3.1380397001976834,0.31380397001976834
JWST,21996150441316.54,1.7,3.139680089233581,0.31396800892335813
JWST,21992119258375.56,1.7,3.128534644019629,0.3128534644019629
JWST,21988089552734.73,1.7,3.0982016055453854,0.30982016055453854
JWST,21984061323582.137,1.7,3.106456479145335,0.3106456479145335
JWST,21980034570106.445,1.7,3.1255494336265914,0.31255494336265915
JWST,21976009291496.914,1.7,3.1313941837285526,0.31313941837285525
JWST,21971985486943.406,1.7,3.119881659711746,0.3119881659711746
JWST,21967963155636.367,1.7,3.10049126866448,0.31004912686644803
JWST,21963942296766.844,1.7,3.1172011390396737,0.3117201139039674
JWST,21959922909526.465,1.7,3.066788528462862,0.3066788528462862
JWST,21955904993107.46,1.7,3.070257531776817,0.3070257531776817
JWST,21951888546702.645,1.7,3.0820401868438076,0.3082040186843808
JWST,21947873569505.43,1.7,3.033659149095121,0.3033659149095121
JWST,21943860060709.81,1.7,3.06681417488859,0.306681417488859
JWST,21939848019510.375,1.7,2.9633809598544665,0.29633809598544664
JWST,21935837445102.3,1.7,2.9341827036856287,0.2934182703685629
JWST,21931828336681.348,1.7,3.077351315745355,0.3077351315745355
JWST,21927820693443.875,1.7,3.0778237478938277,0.3077823747893828
JWST,21923814514586.816,1.7,3.1359354223278357,0.3135935422327836
JWST,21919809799307.703,1.7,3.1560284791954434,0.31560284791954435
JWST,21915806546804.65,1.7,3.092798958391698,0.30927989583916987
JWST,21911804756276.344,1.7,3.119490641790154,0.3119490641790154
JWST,21907804426922.082,1.7,3.1608643740330145,0.3160864374033015
JWST,21903805557941.723,1.7,3.1780329007681027,0.3178032900768103
JWST,21899808148535.727,1.7,3.1669462261147032,0.3166946226114703
JWST,21895812197905.12,1.7,3.1854361968788676,0.31854361968788675
JWST,21891817705251.53,1.7,3.1620611492513477,0.3162061149251348
JWST,21887824669777.156,1.7,3.191822182352591,0.3191822182352591
JWST,21883833090684.777,1.7,3.1915588821501637,0.3191558882150164
JWST,21879842967177.76,1.7,3.1592238876137952,0.31592238876137957
JWST,21875854298460.055,1.7,3.1526011842566173,0.3152601184256617
JWST,21871867083736.184,1.7,3.125704524549213,0.3125704524549214
JWST,21867881322211.254,1.7,3.1210383119626766,0.3121038311962676
JWST,21863897013090.95,1.7,3.1230291691197563,0.31230291691197565
JWST,21859914155581.535,1.7,3.1258713439794903,0.31258713439794905
JWST,21855932748889.85,1.7,3.0872370743148148,0.3087237074314815
JWST,21851952792223.32,1.7,3.1085043582194527,0.31085043582194527
JWST,21847974284789.94,1.7,3.034265413242812,0.3034265413242812
JWST,21843997225798.28,1.7,3.084345440032826,0.3084345440032826
JWST,21840021614457.496,1.7,3.079257503514413,0.3079257503514414
JWST,21836047449977.312,1.7,3.067473731676315,0.30674737316763157
JWST,21832074731568.027,1.7,3.074229613260778,0.3074229613260778
JWST,21828103458440.51,1.7,3.067227978256784,0.3067227978256784
JWST,21824133629806.227,1.7,3.0066996386664044,0.30066996386664047
JWST,21820165244877.19,1.7,3.0218859443005797,0.30218859443005797
JWST,21816198302865.996,1.7,3.015193966141583,0.30151939661415833
JWST,21812232802985.812,1.7,3.020507270114328,0.3020507270114328
JWST,21808268744450.383,1.7,3.023419999018064,0.30234199990180644
JWST,21804306126474.016,1.7,3.08762699283742,0.30876269928374206
JWST,21800344948271.6,1.7,3.0706492471554045,0.3070649247155405
JWST,21796385209058.582,1.7,3.101310701785003,0.3101310701785003
JWST,21792426908050.992,1.7,3.1052214996893093,0.31052214996893096
JWST,21788470044465.414,1.7,3.1491227209179695,0.31491227209179695
JWST,21784514617519.016,1.7,3.1059910357077376,0.31059910357077375
JWST,21780560626429.527,1.7,3.079208137850148,0.3079208137850148
JWST,21776608070415.242,1.7,3.135657357393576,0.31356573573935764
JWST,21772656948695.03,1.7,3.1429683757513303,0.31429683757513305
JWST,21768707260488.316,1.7,3.1244200507744706,0.31244200507744707
JWST,21764759005015.11,1.7,3.1285890379483736,0.3128589037948374
JWST,21760812181495.96,1.7,3.0814403148062133,0.3081440314806213
JWST,21756866789152.01,1.7,3.0903294491006625,0.30903294491006633
JWST,21752922827204.95,1.7,3.1358656692218734,0.31358656692218734
JWST,21748980294877.027,1.7,3.112788814491469,0.31127888144914695
JWST,21745039191391.08,1.7,3.0715663020566977,0.3071566302056698
JWST,21741099515970.48,1.7,3.1045417342287633,0.31045417342287634
JWST,21737161267839.184,1.7,3.085704177450303,0.30857041774503036
JWST,21733224446221.7,1.7,3.07239530538826,0.30723953053882597
JWST,21729289050343.094,1.7,3.0086614084831274,0.30086614084831276
JWST,21725355079429.008,1.7,2.9747797478641624,0.29747797478641624
JWST,21721422532705.63,1.7,3.004051131450575,0.3004051131450575
JWST,21717491409399.715,1.7,3.0525471255262624,0.30525471255262626
JWST,21713561708738.574,1.7,3.0260941639555816,0.30260941639555816
JWST,21709633429950.082,1.7,3.047660006273089,0.30476600062730896
JWST,21705706572262.676,1.7,3.00065610478158,0.30006561047815805
JWST,21701781134905.332,1.7,2.9932584918215985,0.2993258491821599
JWST,21697857117107.61,1.7,3.039452509133544,0.30394525091335445
JWST,21693934518099.605,1.7,3.011316898396141,0.3011316898396141
JWST,21690013337111.984,1.7,3.0093028753605955,0.3009302875360596
JWST,21686093573375.96,1.7,3.040621934246601,0.3040621934246602
JWST,21682175226123.31,1.7,3.00781491151267,0.300781491151267
JWST,21678258294586.36,1.7,3.023268881297824,0.3023268881297824
JWST,21674342777997.984,1.7,3.0093613108307196,0.300936131083072
JWST,21670428675591.633,1.7,3.0560045702484686,0.3056004570248469
JWST,21666515986601.285,1.7,3.0481581143309247,0.3048158114330925
JWST,21662604710261.49,1.7,3.034216260041231,0.3034216260041231
JWST,21658694845807.34,1.7,3.0691829150158147,0.30691829150158145
JWST,21654786392474.484,1.7,3.0524270037285413,0.30524270037285417
JWST,21650879349499.13,1.7,3.0612874808128248,0.3061287480812825
JWST,21646973716118.01,1.7,3.0662212780820215,0.3066221278082022
JWST,21643069491568.445,1.7,3.136989634395225,0.3136989634395225
JWST,21639166675088.277,1.7,3.1347728516864164,0.31347728516864165
JWST,21635265265915.902,1.7,3.116604490635502,0.3116604490635502
JWST,21631365263290.285,1.7,3.1410151334989513,0.31410151334989517
JWST,21627466666450.91,1.7,3.158234170521736,0.31582341705217365
JWST,21623569474637.832,1.7,3.159232727629642,0.3159232727629642
JWST,21619673687091.645,1.7,3.153372589074188,0.31533725890741887
JWST,21615779303053.49,1.7,3.1141680726867946,0.3114168072686795
JWST,21611886321765.055,1.7,3.141982279396868,0.3141982279396868
JWST,21607994742468.574,1.7,3.133392003692467,0.31333920036924673
JWST,21604104564406.832,1.7,3.0677792849603405,0.3067779284960341
JWST,21600215786823.15,1.7,3.1146661291593203,0.31146661291593203
JWST,21596328408961.402,1.7,3.155217313588994,0.3155217313588994
JWST,21592442430066.0,1.7,3.1408332196292803,0.31408332196292804
JWST,21588557849381.902,1.7,3.139872832025659,0.3139872832025659
JWST,21584674666154.613,1.7,3.1319569873103945,0.3131956987310395
JWST,21580792879630.17,1.7,3.075478677622968,0.30754786776229687
JWST,21576912489055.17,1.7,3.0706407378434726,0.30706407378434725
JWST,21573033493676.734,1.7,3.0313841902234877,0.3031384190223488
JWST,21569155892742.535,1.7,3.0230020542656013,0.30230020542656016
JWST,21565279685500.78,1.7,3.129254939381895,0.3129254939381895
JWST,21561404871200.227,1.7,3.1101695417431277,0.31101695417431274
JWST,21557531449090.16,1.7,3.0676989961511354,0.30676989961511353
JWST,21553659418420.406,1.7,3.0841125250884978,0.30841125250884976
JWST,21549788778441.348,1.7,3.059674000825232,0.30596740008252327
JWST,21545919528403.88,1.7,3.0500000592711323,0.30500000592711324
JWST,21542051667559.445,1.7,3.023681912127595,0.30236819121275954
JWST,21538185195160.04,1.7,3.035619014529598,0.3035619014529598
JWST,21534320110458.17,1.7,3.034424206051785,0.3034424206051785
JWST,21530456412706.906,1.7,3.135427142207174,0.31354271422071744
JWST,21526594101159.83,1.7,3.091077544181057,0.30910775441810573
JWST,21522733175071.062,1.7,3.023399749861956,0.3023399749861956
JWST,21518873633695.28,1.7,3.03796944591973,0.303796944591973
JWST,21515015476287.67,1.7,3.063645084686692,0.3063645084686692
JWST,21511158702103.973,1.7,3.0953731256704504,0.3095373125670451
JWST,21507303310400.445,1.7,3.098358364878155,0.30983583648781554
JWST,21503449300433.887,1.7,3.112978597506128,0.31129785975061286
JWST,21499596671461.63,1.7,3.1639504070421407,0.31639504070421404
JWST,21495745422741.53,1.7,3.1259825325989903,0.31259825325989904
JWST,21491895553531.992,1.7,3.113723610676867,0.31137236106768673
JWST,21488047063091.934,1.7,3.1432772722835822,0.3143277272283582
JWST,21484199950680.816,1.7,3.108920547383887,0.3108920547383887
JWST,21480354215558.62,1.7,3.1246434585036442,0.3124643458503644
JWST,21476509856985.867,1.7,3.1255510316455974,0.3125551031645598
JWST,21472666874223.598,1.7,3.129672126924401,0.3129672126924401
JWST,21468825266533.387,1.7,3.0983934018494335,0.30983934018494336
JWST,21464985033177.34,1.7,3.1629583794635034,0.31629583794635036
JWST,21461146173418.082,1.7,3.178816579047372,0.31788165790473727
JWST,21457308686518.777,1.7,3.1615247037449485,0.3161524703744949
JWST,21453472571743.11,1.7,3.1412585972842635,0.3141258597284264
JWST,21449637828355.285,1.7,3.08770753444018,0.308770753444018
JWST,21445804455620.043,1.7,3.10884717108711,0.310884717108711
JWST,21441972452802.65,1.7,3.150406322942805,0.31504063229428053
JWST,21438141819168.887,1.7,3.0790032739129307,0.3079003273912931
JWST,21434312553985.074,1.7,3.093314964061639,0.3093314964061639
JWST,21430484656518.04,1.7,3.1387351326037294,0.313873513260373
JWST,21426658126035.15,1.7,3.06870036470751,0.30687003647075106
JWST,21422832961804.28,1.7,3.099748127418404,0.30997481274184047
JWST,21419009163093.85,1.7,3.1118758064329506,0.3111875806432951
JWST,21415186729172.773,1.7,3.069101323894411,0.3069101323894411
JWST,21411365659310.508,1.7,3.1825684679141757,0.3182568467914176
JWST,21407545952777.027,1.7,3.121930000309651,0.3121930000309651
JWST,21403727608842.812,1.7,3.057522075080678,0.30575220750806786
JWST,21399910626778.887,1.7,3.0977221332729186,0.3097722133272919
JWST,21396095005856.777,1.7,3.0682675242378097,0.306826752423781
JWST,21392280745348.54,1.7,3.0070861989815225,0.3007086198981523
JWST,21388467844526.74,1.7,3.068147979039605,0.30681479790396055
JWST,21384656302664.465,1.7,3.0408637352214765,0.3040863735221476
JWST,21380846119035.336,1.7,2.9922437822547643,0.2992243782254765
JWST,21377037292913.46,1.7,3.0354006663406574,0.30354006663406574
JWST,21373229823573.496,1.7,3.0059520159102378,0.30059520159102376
JWST,21369423710290.59,1.7,2.9811050113050244,0.29811050113050247
JWST,21365618952340.42,1.7,2.9939000686284487,0.2993900068628449
JWST,21361815548999.184,1.7,3.0037079039972876,0.3003707903997288
JWST,21358013499543.582,1.7,2.961209616336488,0.29612096163364876
JWST,21354212803250.836,1.7,3.018059388499485,0.30180593884994855
JWST,21350413459398.676,1.7,2.996409841404721,0.2996409841404721
JWST,21346615467265.363,1.7,2.974685355258287,0.2974685355258287
JWST,21342818826129.65,1.7,2.9790953778809874,0.2979095377880988
JWST,21339023535270.816,1.7,2.981875088586231,0.2981875088586231
JWST,21335229593968.65,1.7,3.0325534900117854,0.30325534900117856
JWST,21331437001503.45,1.7,3.0410774634792883,0.30410774634792886
JWST,21327645757156.03,1.7,3.001758120917904,0.3001758120917904
JWST,21323855860207.72,1.7,3.0483917280934905,0.3048391728093491
JWST,21320067309940.336,1.7,3.0927347817328315,0.30927347817328316
JWST,21316280105636.242,1.7,3.057040838617944,0.30570408386179443
JWST,21312494246578.277,1.7,3.075110611418278,0.30751106114182775
JWST,21308709732049.816,1.7,3.0950361957148056,0.3095036195714806
JWST,21304926561334.727,1.7,3.1217877147757385,0.31217877147757384
JWST,21301144733717.39,1.7,3.1390562671716675,0.3139056267171668
JWST,21297364248482.69,1.7,3.137179914367595,0.31371799143675955
JWST,21293585104916.035,1.7,3.092626506704671,0.30926265067046715
JWST,21289807302303.316,1.7,3.1140404926569794,0.311404049265698
JWST,21286030839930.953,1.7,3.1241310003090934,0.3124131000309094
JWST,21282255717085.855,1.7,3.097968861495308,0.30979688614953077
JWST,21278481933055.453,1.7,3.060041672724095,0.30600416727240953
JWST,21274709487127.664,1.7,3.1063420684560534,0.31063420684560533
JWST,21270938378590.93,1.7,3.0961090708000434,0.3096109070800043
JWST,21267168606734.184,1.7,3.106184987352814,0.3106184987352814
JWST,21263400170846.867,1.7,3.0900888662248995,0.30900888662249
JWST,21259633070218.92,1.7,3.093918793206323,0.3093918793206323
JWST,21255867304140.797,1.7,3.1157422157176273,0.31157422157176273
JWST,21252102871903.45,1.7,3.0965677286872393,0.30965677286872395
JWST,21248339772798.32,1.7,3.0399294376275527,0.3039929437627553
JWST,21244578006117.37,1.7,3.1031179100661648,0.3103117910066165
JWST,21240817571153.055,1.7,3.0969019344336663,0.3096901934433666
JWST,21237058467198.332,1.7,3.1143468740289917,0.31143468740289915
JWST,21233300693546.656,1.7,3.149164856570057,0.31491648565700575
JWST,21229544249491.98,1.7,3.1307619985870563,0.31307619985870566
JWST,21225789134328.77,1.7,3.129260889334443,0.31292608893344437
JWST,21222035347351.97,1.7,3.134336688257745,0.3134336688257745
JWST,21218282887857.043,1.7,3.123444513949075,0.3123444513949075
JWST,21214531755139.934,1.7,3.1010979598565105,0.310109795985651
JWST,21210781948497.1,1.7,3.1270933563461516,0.31270933563461517
JWST,21207033467225.492,1.7,3.106466070033117,0.3106466070033117
JWST,21203286310622.54,1.7,3.0569630066324214,0.30569630066324216
JWST,21199540477986.2,1.7,3.083746017926044,0.3083746017926044
JWST,21195795968614.895,1.7,3.0803506024029295,0.308035060240293
JWST,21192052781807.566,1.7,3.060552397893899,0.30605523978939
JWST,21188310916863.645,1.7,3.121683520648322,0.31216835206483223
JWST,21184570373083.04,1.7,3.07078254541466,0.3070782545414661
JWST,21180831149766.18,1.7,3.0642115175783164,0.30642115175783163
JWST,21177093246213.973,1.7,3.103082530130016,0.3103082530130017
JWST,21173356661727.816,1.7,3.0731983157098295,0.30731983157098297
JWST,21169621395609.613,1.7,3.0268913027681648,0.30268913027681643
JWST,21165887447161.754,1.7,3.104180849084612,0.31041808490846123
JWST,21162154815687.117,1.7,3.093208934204754,0.3093208934204754
JWST,21158423500489.074,1.7,3.063471104933469,0.30634711049334695
JWST,21154693500871.492,1.7,3.0677719640384056,0.3067771964038406
JWST,21150964816138.727,1.7,3.0428913195496357,0.3042891319549636
JWST,21147237445595.62,1.7,3.0806482975555567,0.30806482975555566
JWST,21143511388547.51,1.7,3.067973833640832,0.30679738336408324
JWST,21139786644300.223,1.7,3.0368865352223318,0.30368865352223323
JWST,21136063212160.066,1.7,3.034171821350934,0.30341718213509344
JWST,21132341091433.85,1.7,3.03702910654459,0.303702910654459
JWST,21128620281428.863,1.7,2.9919588244044144,0.2991958824404415
JWST,21124900781452.883,1.7,3.0157556425117575,0.30157556425117577
JWST,21121182590814.176,1.7,3.0637006341513158,0.3063700634151316
JWST,21117465708821.492,1.7,3.0086917235999837,0.3008691723599984
JWST,21113750134784.074,1.7,3.019405483096437,0.30194054830964373
JWST,21110035868011.652,1.7,3.061348464941445,0.3061348464941445
JWST,21106322907814.426,1.7,3.0525613817377533,0.30525613817377534
JWST,21102611253503.1,1.7,3.0948749832986095,0.309487498329861
JWST,21098900904388.855,1.7,3.079225541396425,0.3079225541396426
JWST,21095191859783.35,1.7,3.0474135189970197,0.30474135189970203
JWST,21091484118998.746,1.7,3.0673278906602244,0.30673278906602247
JWST,21087777681347.664,1.7,3.0979396139622475,0.3097939613962248
JWST,21084072546143.227,1.7,3.0429361151079544,0.3042936115107955
JWST,21080368712699.03,1.7,3.023869721090838,0.30238697210908383
JWST,21076666180329.156,1.7,3.087134208811359,0.30871342088113596
JWST,21072964948348.168,1.7,3.092839363531236,0.30928393635312357
JWST,21069265016071.11,1.7,3.050432293559502,0.3050432293559502
JWST,21065566382813.504,1.7,3.0730862034665347,0.3073086203466535
JWST,21061869047891.355,1.7,3.070319256701614,0.30703192567016147
JWST,21058173010621.156,1.7,3.0706182316359674,0.3070618231635968
JWST,21054478270319.87,1.7,3.084380654215235,0.3084380654215235
JWST,21050784826304.934,1.7,3.0906085965827033,0.30906085965827035
JWST,21047092677894.28,1.7,3.092048664341417,0.30920486643414175
JWST,21043401824406.305,1.7,3.082647687250953,0.30826476872509534
JWST,21039712265159.895,1.7,3.0548085979656894,0.30548085979656897
JWST,21036023999474.402,1.7,3.031473834644489,0.30314738346444897
JWST,21032337026669.66,1.7,3.0930855800633252,0.30930855800633256
JWST,21028651346065.99,1.7,3.0758441107874193,0.30758441107874196
JWST,21024966956984.164,1.7,3.0815732433340437,0.3081573243334044
JWST,21021283858745.457,1.7,3.087594088913295,0.3087594088913295
JWST,21017602050671.61,1.7,3.04882951106639,0.304882951106639
JWST,21013921532084.83,1.7,3.098153086452875,0.30981530864528756
JWST,21010242302307.812,1.7,3.1362841344113193,0.31362841344113196
JWST,21006564360663.715,1.7,3.102367328165984,0.3102367328165984
JWST,21002887706476.18,1.7,3.0884421056951883,0.3088442105695189
JWST,20999212339069.312,1.7,3.108086821147702,0.31080868211477025
JWST,20995538257767.703,1.7,3.0817260925293146,0.30817260925293144
JWST,20991865461896.402,1.7,3.1273202613403552,0.3127320261340355
JWST,20988193950780.94,1.7,3.168011375090905,0.3168011375090905
JWST,20984523723747.324,1.7,3.1001487301510426,0.3100148730151043
JWST,20980854780122.01,1.7,3.1446431824227217,0.31446431824227217
JWST,20977187119231.957,1.7,3.1656911007688318,0.3165691100768832
JWST,20973520740404.57,1.7,3.110914404655889,0.3110914404655889
JWST,20969855642967.73,1.7,3.117965143491088,0.3117965143491088
JWST,20966191826249.797,1.7,3.1320673201555023,0.3132067320155502
JWST,20962529289579.59,1.7,3.161673344977615,0.31616733449776147
JWST,20958868032286.4,1.7,3.1415619228034344,0.31415619228034347
JWST,20955208053699.98,1.7,3.155316181395074,0.3155316181395074
JWST,20951549353150.574,1.7,3.1523554050313494,0.31523554050313496
JWST,20947891929968.863,1.7,3.1271773095799884,0.3127177309579988
JWST,20944235783486.016,1.7,3.175541023153869,0.31755410231538694
JWST,20940580913033.66,1.7,3.190485044901072,0.31904850449010724
JWST,20936927317943.89,1.7,3.198553950218912,0.3198553950218912
JWST,20933274997549.277,1.7,3.1708082513398956,0.3170808251339896
JWST,20929623951182.84,1.7,3.182785250123932,0.31827852501239323
JWST,20925974178178.074,1.7,3.185167285285526,0.3185167285285526
JWST,20922325677868.938,1.7,3.185328328872556,0.3185328328872556
JWST,20918678449589.848,1.7,3.156705186674584,0.3156705186674584
JWST,20915032492675.703,1.7,3.1291168704130095,0.31291168704130096
JWST,20911387806461.84,1.7,3.212324895442646,0.3212324895442646
JWST,20907744390284.082,1.7,3.266291358703927,0.3266291358703927
JWST,20904102243478.7,1.7,3.16827293494723,0.316827293494723
JWST,20900461365382.43,1.7,3.228377145009256,0.32283771450092563
JWST,20896821755332.477,1.7,3.2381514402906326,0.3238151440290633
JWST,20893183412666.496,1.7,3.245443718611661,0.32454437186116614
JWST,20889546336722.62,1.7,3.313677419976298,0.3313677419976298
JWST,20885910526839.43,1.7,3.1393496473816236,0.3139349647381624
JWST,20882275982355.965,1.7,3.159801853854134,0.31598018538541345
JWST,20878642702611.74,1.7,3.1792127996382478,0.3179212799638248
JWST,20875010686946.7,1.7,3.1723542184963205,0.3172354218496321
JWST,20871379934701.285,1.7,3.1568020933694756,0.3156802093369476
JWST,20867750445216.37,1.7,3.193881941067124,0.31938819410671243
JWST,20864122217833.3,1.7,3.1887402978582227,0.3188740297858223
JWST,20860495251893.87,1.7,3.1409229969341634,0.31409229969341634
JWST,20856869546740.336,1.7,3.1891987427071165,0.31891987427071167
JWST,20853245101715.41,1.7,3.1572949839581685,0.3157294983958169
JWST,20849621916162.26,1.7,3.0833766397090074,0.30833766397090073
JWST,20845999989424.52,1.7,3.1227597820928255,0.31227597820928255
JWST,20842379320846.266,1.7,3.1285139175514467,0.3128513917551447
JWST,20838759909772.035,1.7,3.063173312148234,0.3063173312148234
JWST,20835141755546.824,1.7,3.16607938090892,0.316607938090892
JWST,20831524857516.082,1.7,3.1495938819821223,0.3149593881982123
JWST,20827909215025.707,1.7,3.0871468539545313,0.30871468539545316
JWST,20824294827422.055,1.7,3.1442643528134306,0.31442643528134306
JWST,20820681694051.94,1.7,3.158871835952962,0.3158871835952962
JWST,20817069814262.63,1.7,3.1190538898171103,0.31190538898171105
JWST,20813459187401.83,1.7,3.1141868125984136,0.31141868125984135
JWST,20809849812817.71,1.7,3.134937745742676,0.31349377457426764
JWST,20806241689858.9,1.7,3.1446519731279943,0.3144651973127994
JWST,20802634817874.465,1.7,3.1283962702524817,0.3128396270252482
JWST,20799029196213.93,1.7,3.1112183273238245,0.3111218327323825
JWST,20795424824227.27,1.7,3.064770526732118,0.30647705267321185
JWST,20791821701264.914,1.7,3.073066978356032,0.3073066978356032
JWST,20788219826677.727,1.7,3.0962673354340655,0.3096267335434066
JWST,20784619199817.047,1.7,3.133134379281744,0.3133134379281744
JWST,20781019820034.637,1.7,3.1998238859484456,0.3199823885948446
JWST,20777421686682.727,1.7,3.2197705108552057,0.3219770510855206
JWST,20773824799113.99,1.7,3.1723281066547675,0.31723281066547676
JWST,20770229156681.535,1.7,3.1826594172535914,0.31826594172535916
JWST,20766634758738.945,1.7,3.1976417836230233,0.31976417836230236
JWST,20763041604640.223,1.7,3.1442469619436126,0.3144246961943613
JWST,20759449693739.836,1.7,3.097804217350434,0.3097804217350434
JWST,20755859025392.695,1.7,3.1519153846630816,0.3151915384663082
JWST,20752269598954.152,1.7,3.1242714788095602,0.312427147880956
JWST,20748681413780.008,1.7,3.1179649367615365,0.3117964936761537
JWST,20745094469226.508,1.7,3.1435958204551846,0.3143595820455185
JWST,20741508764650.348,1.7,3.1333311516432363,0.31333311516432366
JWST,20737924299408.656,1.7,3.063067414932744,0.3063067414932744
JWST,20734341072859.023,1.7,3.1362656441936223,0.3136265644193622
JWST,20730759084359.47,1.7,3.10490679622518,0.31049067962251803
JWST,20727178333268.457,1.7,3.1129720978779134,0.31129720978779135
JWST,20723598818944.906,1.7,3.154074311768525,0.31540743117685255
JWST,20720020540748.164,1.7,3.1231356856826027,0.31231356856826026
JWST,20716443498038.027,1.7,3.10627654194292,0.310627654194292
JWST,20712867690174.74,1.7,3.11079747653429,0.31107974765342905
JWST,20709293116518.973,1.7,3.1043117180777675,0.3104311718077768
JWST,20705719776431.855,1.7,3.1077863738696907,0.3107786373869691
JWST,20702147669274.945,1.7,3.1108452063141048,0.3110845206314105
JWST,20698576794410.246,1.7,3.0961711895151844,0.30961711895151844
JWST,20695007151200.2,1.7,3.0977502568986335,0.30977502568986337
JWST,20691438739007.69,1.7,3.1064933525650757,0.31064933525650756
JWST,20687871557196.04,1.7,3.1329687615392343,0.3132968761539235
JWST,20684305605129.004,1.7,3.0408724405133687,0.30408724405133686
JWST,20680740882170.79,1.7,3.1065062085296837,0.3106506208529684
JWST,20677177387686.027,1.7,3.149706436506231,0.3149706436506231
JWST,20673615121039.797,1.7,3.087283112555444,0.3087283112555444
JWST,20670054081597.61,1.7,3.084324041649914,0.3084324041649914
JWST,20666494268725.414,1.7,3.136662217195729,0.3136662217195729
JWST,20662935681789.598,1.7,3.123732795942725,0.3123732795942725
JWST,20659378320156.984,1.7,3.0874887295116764,0.30874887295116765
JWST,20655822183194.832,1.7,3.1075959626555436,0.3107595962655544
JWST,20652267270270.836,1.7,3.0525221729612495,0.30525221729612495
JWST,20648713580753.125,1.7,3.110844817985,0.3110844817985
JWST,20645161114010.266,1.7,3.11590041990865,0.31159004199086504
JWST,20641609869411.254,1.7,3.0772550596192554,0.30772550596192555
JWST,20638059846325.527,1.7,3.078385435505836,0.30783854355058365
JWST,20634511044122.945,1.7,3.1290395911998146,0.3129039591199815
JWST,20630963462173.812,1.7,3.067867778098218,0.30678677780982183
JWST,20627417099848.863,1.7,3.0046817748356007,0.3004681774835601
JWST,20623871956519.26,1.7,3.084837385908256,0.3084837385908256
JWST,20620328031556.605,1.7,3.0538232324021073,0.30538232324021075
JWST,20616785324332.926,1.7,3.0691888869665225,0.3069188886966523
JWST,20613243834220.684,1.7,3.077627747515941,0.3077627747515941
JWST,20609703560592.77,1.7,3.086477662015244,0.3086477662015244
JWST,20606164502822.504,1.7,3.03533116982133,0.30353311698213303
JWST,20602626660283.65,1.7,3.0805967812887265,0.3080596781288727
JWST,20599090032350.38,1.7,3.1371278524329314,0.31371278524329316
JWST,20595554618397.316,1.7,3.107371259283392,0.31073712592833924
JWST,20592020417799.496,1.7,3.133484499351717,0.31334844993517175
JWST,20588487429932.39,1.7,3.1146957231592123,0.31146957231592126
JWST,20584955654171.902,1.7,3.078618138418294,0.3078618138418294
JWST,20581425089894.355,1.7,3.0878444192065837,0.3087844419206584
JWST,20577895736476.51,1.7,3.1269961836810913,0.31269961836810917
JWST,20574367593295.547,1.7,3.0885387308612775,0.3088538730861278
JWST,20570840659729.08,1.7,3.0546833480339832,0.30546833480339836
JWST,20567314935155.14,1.7,3.084114995987964,0.3084114995987964
JWST,20563790418952.19,1.7,3.1043415106806824,0.31043415106806826
JWST,20560267110499.13,1.7,3.0831853458288148,0.3083185345828815
JWST,20556745009175.258,1.7,3.0980818404055808,0.3098081840405581
JWST,20553224114360.33,1.7,3.08252329668391,0.30825232966839106
JWST,20549704425434.5,1.7,3.077884745709274,0.3077884745709274
JWST,20546185941778.367,1.7,3.05111986015104,0.30511198601510403
JWST,20542668662772.938,1.7,3.0921338060547234,0.3092133806054724
JWST,20539152587799.65,1.7,3.118408103349324,0.3118408103349324
JWST,20535637716240.367,1.7,3.1424984021229045,0.31424984021229047
JWST,20532124047477.37,1.7,3.0851963348109788,0.30851963348109795
JWST,20528611580893.367,1.7,3.029062669824065,0.3029062669824065
JWST,20525100315871.492,1.7,3.1328884231869827,0.3132888423186983
JWST,20521590251795.285,1.7,3.109150788693203,0.3109150788693203
JWST,20518081388048.727,1.7,3.0708987584671834,0.3070898758467184
JWST,20514573724016.207,1.7,2.8402841267828,0.28402841267828
JWST,20511067259082.547,1.7,3.0890480440260397,0.3089048044026039
JWST,20507561992632.97,1.7,3.06558964448412,0.306558964448412
JWST,20504057924053.14,1.7,3.0910901504430455,0.30910901504430455
JWST,20500555052729.137,1.7,3.10375295734323,0.31037529573432304
JWST,20497053378047.44,1.7,3.096265363588638,0.30962653635886384
JWST,20493552899394.977,1.7,3.0878810943728214,0.30878810943728213
JWST,20490053616159.074,1.7,3.1193026871903875,0.31193026871903873
JWST,20486555527727.484,1.7,3.134521758951496,0.3134521758951497
JWST,20483058633488.375,1.7,3.0946810881601508,0.3094681088160151
JWST,20479562932830.33,1.7,3.1576366023989797,0.31576366023989794
JWST,20476068425142.36,1.7,3.1214261680149047,0.31214261680149047
JWST,20472575109813.875,1.7,3.0744272782194573,0.30744272782194576
JWST,20469082986234.727,1.7,3.119777606113493,0.31197776061134935
JWST,20465592053795.16,1.7,3.12003512536908,0.31200351253690806
JWST,20462102311885.844,1.7,3.035375447104262,0.30353754471042627
JWST,20458613759897.867,1.7,3.0646338168946565,0.3064633816894657
JWST,20455126397222.723,1.7,3.06933608142142,0.30693360814214204
JWST,20451640223252.336,1.7,3.035879652359767,0.3035879652359767
JWST,20448155237379.03,1.7,3.046615662728289,0.3046615662728289
JWST,20444671438995.55,1.7,3.1091966332850896,0.310919663328509
JWST,20441188827495.06,1.7,3.1045660476735306,0.3104566047673531
JWST,20437707402271.113,1.7,3.115928469512642,0.3115928469512642
JWST,20434227162717.71,1.7,3.146074698832148,0.3146074698832148
JWST,20430748108229.242,1.7,3.060715120482671,0.3060715120482671
JWST,20427270238200.516,1.7,3.0523969085981153,0.30523969085981156
JWST,20423793552026.758,1.7,3.090612448197965,0.3090612448197965
JWST,20420318049103.594,1.7,3.045577520160134,0.3045577520160134
JWST,20416843728827.07,1.7,2.984429729376002,0.29844297293760025
JWST,20413370590593.645,1.7,3.023298385553107,0.3023298385553107
JWST,20409898633800.18,1.7,3.004039369848822,0.3004039369848822
JWST,20406427857843.953,1.7,3.0342788953389084,0.3034278895338909
JWST,20402958262122.652,1.7,3.043039711355615,0.3043039711355615
JWST,20399489846034.367,1.7,3.021317816540455,0.30213178165404553
JWST,20396022608977.6,1.7,3.0242549492843347,0.30242549492843346
JWST,20392556550351.277,1.7,3.0635984953760946,0.30635984953760953
JWST,20389091669554.707,1.7,3.031430820314999,0.3031430820314999
JWST,20385627965987.63,1.7,2.9899417016587297,0.298994170165873
JWST,20382165439050.176,1.7,3.0278283506464168,0.3027828350646417
JWST,20378704088142.895,1.7,3.071797250700379,0.3071797250700379
JWST,20375243912666.734,1.7,2.9826788451274395,0.29826788451274394
JWST,20371784912023.06,1.7,3.075721257806912,0.3075721257806912
JWST,20368327085613.633,1.7,3.078934124741945,0.30789341247419455
JWST,20364870432840.625,1.7,3.008673340758018,0.30086733407580185
JWST,20361414953106.617,1.7,2.953220743594383,0.2953220743594383
JWST,20357960645814.59,1.7,2.9821428891326702,0.298214288913267
JWST,20354507510367.93,1.7,2.965418927785051,0.2965418927785051
JWST,20351055546170.438,1.7,2.940615707515958,0.29406157075159584
JWST,20347604752626.297,1.7,3.013256621348645,0.30132566213486456
JWST,20344155129140.12,1.7,3.0604449470195365,0.30604449470195366
JWST,20340706675116.91,1.7,3.005971473762064,0.30059714737620646
JWST,20337259389962.07,1.7,3.0274017362338808,0.3027401736233881
JWST,20333813273081.418,1.7,3.113922304288389,0.3113922304288389
JWST,20330368323881.16,1.7,3.0462510918449737,0.3046251091844974
JWST,20326924541767.918,1.7,2.992225932251769,0.2992225932251769
JWST,20323481926148.71,1.7,3.0373197019596474,0.30373197019596476
JWST,20320040476430.953,1.7,3.0344015321793063,0.30344015321793066
JWST,20316600192022.473,1.7,3.0366312195864005,0.3036631219586401
JWST,20313161072331.49,1.7,3.062158556471993,0.30621585564719933
JWST,20309723116766.62,1.7,3.0353740426452833,0.30353740426452835
JWST,20306286324736.895,1.7,3.028560857399242,0.3028560857399242
JWST,20302850695651.734,1.7,3.077020374317907,0.3077020374317907
JWST,20299416228920.965,1.7,3.0538687251160557,0.30538687251160557
JWST,20295982923954.8,1.7,3.0134272286581893,0.301342722865819
JWST,20292550780163.867,1.7,3.071672291195813,0.30716722911958133
JWST,20289119796959.184,1.7,3.150574002260807,0.3150574002260807
JWST,20285689973752.168,1.7,3.0164266459921945,0.30164266459921946
JWST,20282261309954.637,1.7,3.0726284363196235,0.3072628436319624
JWST,20278833804978.797,1.7,3.1292154964159065,0.31292154964159064
JWST,20275407458237.27,1.7,3.0160997903785898,0.30160997903785897
JWST,20271982269143.05,1.7,3.0361276911427892,0.3036127691142789
JWST,20268558237109.55,1.7,3.0590755173449287,0.3059075517344929
JWST,20265135361550.57,1.7,3.068430568943438,0.3068430568943438
JWST,20261713641880.305,1.7,3.084289367659598,0.30842893676595984
JWST,20258293077513.348,1.7,3.124563584710145,0.3124563584710145
JWST,20254873667864.68,1.7,3.1058103569391546,0.3105810356939155
JWST,20251455412349.688,1.7,3.06649739198128,0.30664973919812805
JWST,20248038310384.145,1.7,3.125222332439379,0.3125222332439379
JWST,20244622361384.227,1.7,3.102669519422544,0.31026695194225445
JWST,20241207564766.496,1.7,3.064107661289004,0.3064107661289004
JWST,20237793919947.906,1.7,3.1075086098936775,0.31075086098936777
JWST,20234381426345.816,1.7,3.077944388391271,0.30779443883912716
JWST,20230970083377.965,1.7,3.0461023078177316,0.30461023078177313
JWST,20227559890462.492,1.7,3.1036470467079944,0.31036470467079946
JWST,20224150847017.92,1.7,3.117676206119147,0.3117676206119147
JWST,20220742952463.184,1.7,3.07282396167901,0.30728239616790104
JWST,20217336206217.586,1.7,3.0630443874441156,0.3063044387444116
JWST,20213930607700.832,1.7,3.1075746116120784,0.31075746116120784
JWST,20210526156333.016,1.7,3.094382794872588,0.3094382794872588
JWST,20207122851534.625,1.7,3.059337156815651,0.3059337156815651
JWST,20203720692726.54,1.7,3.1111269488862736,0.3111126948886274
JWST,20200319679330.016,1.7,3.1242299272010126,0.31242299272010127
JWST,20196919810766.715,1.7,3.0118382953897345,0.30118382953897344
JWST,20193521086458.68,1.7,3.0376284669240183,0.30376284669240183
JWST,20190123505828.344,1.7,3.0804117457609057,0.3080411745760906
JWST,20186727068298.53,1.7,3.0561199123775733,0.30561199123775734
JWST,20183331773292.453,1.7,3.1162709033410008,0.3116270903341001
JWST,20179937620233.707,1.7,3.1010460080946527,0.3101046008094653
JWST,20176544608546.277,1.7,3.0310210543888116,0.3031021054388812
JWST,20173152737654.54,1.7,3.0582656625872144,0.30582656625872146
JWST,20169762006983.254,1.7,3.06907649816151,0.30690764981615104
JWST,20166372415957.562,1.7,3.0610455773590064,0.3061045577359007
JWST,20162983964003.01,1.7,2.9876920301116727,0.2987692030111673
JWST,20159596650545.508,1.7,3.053918728404485,0.30539187284044855
JWST,20156210475011.363,1.7,3.0837840965090306,0.3083784096509031
JWST,20152825436827.27,1.7,3.0110510237570187,0.3011051023757019
JWST,20149441535420.297,1.7,3.054102824246068,0.3054102824246068
JWST,20146058770217.91,1.7,3.098267153419667,0.3098267153419667
JWST,20142677140647.953,1.7,3.0171547016476907,0.30171547016476913
JWST,20139296646138.656,1.7,3.015409054501078,0.30154090545010775
JWST,20135917286118.633,1.7,3.0512690184464657,0.3051269018446466
JWST,20132539060016.87,1.7,3.0246766973264307,0.3024676697326431
JWST,20129161967262.76,1.7,2.9753328235459757,0.2975332823545976
JWST,20125786007286.062,1.7,3.0661062003516326,0.30661062003516326
JWST,20122411179516.914,1.7,3.0791172427312237,0.3079117242731224
JWST,20119037483385.85,1.7,2.9938554034968243,0.2993855403496825
JWST,20115664918323.773,1.7,3.0165410932393457,0.3016541093239346
JWST,20112293483761.98,1.7,3.0555544026859622,0.3055554402685962
JWST,20108923179132.133,1.7,2.975701031179887,0.2975701031179887
JWST,20105554003866.297,1.7,3.038752511587568,0.30387525115875685
JWST,20102185957396.89,1.7,3.1246203422644485,0.31246203422644486
JWST,20098819039156.74,1.7,3.0217251332611044,0.30217251332611045
JWST,20095453248579.027,1.7,2.9818907410010773,0.29818907410010775
JWST,20092088585097.332,1.7,3.1261928886808863,0.31261928886808865
JWST,20088725048145.605,1.7,3.0633345912950225,0.3063334591295023
JWST,20085362637158.176,1.7,3.045319038986699,0.3045319038986699
JWST,20082001351569.754,1.7,3.1410606060986903,0.314106060609869
JWST,20078641190815.43,1.7,3.1027996949778953,0.3102799694977896
JWST,20075282154330.668,1.7,3.0439872621693,0.30439872621693004
JWST,20071924241551.312,1.7,3.1282699717970246,0.31282699717970247
JWST,20068567451913.58,1.7,3.1731553596350652,0.31731553596350653
JWST,20065211784854.074,1.7,3.09830746162371,0.309830746162371
JWST,20061857239809.77,1.7,3.132838332826495,0.3132838332826495
JWST,20058503816218.01,1.7,3.1292649794181826,0.31292649794181826
JWST,20055151513516.54,1.7,3.110305165410713,0.31103051654107133
JWST,20051800331143.44,1.7,3.1101841434344926,0.31101841434344923
JWST,20048450268537.21,1.7,3.147292451306927,0.3147292451306927
JWST,20045101325136.69,1.7,3.1180794954947126,0.3118079495494713
JWST,20041753500381.117,1.7,3.052820597720872,0.3052820597720873
JWST,20038406793710.09,1.7,3.1366305526613036,0.3136630552661304
JWST,20035061204563.586,1.7,3.0972561002823236,0.3097256100282324
JWST,20031716732381.96,1.7,3.0826883945599475,0.30826883945599476
JWST,20028373376605.934,1.7,3.0942921388816145,0.30942921388816147
JWST,20025031136676.61,1.7,3.0347260973186776,0.30347260973186774
JWST,20021690012035.457,1.7,3.0219011327873044,0.30219011327873047
JWST,20018350002124.32,1.7,2.997975974776012,0.2997975974776012
JWST,20015011106385.418,1.7,3.0965574702582535,0.3096557470258253
JWST,20011673324261.336,1.7,3.07344279935845,0.30734427993584507
JWST,20008336655195.035,1.7,3.036867296783873,0.30368672967838733
JWST,20005001098629.85,1.7,3.0311740145439043,0.3031174014543905
JWST,20001666654009.48,1.7,3.0585190648787273,0.30585190648787275
JWST,19998333320778.008,1.7,3.024934917549404,0.3024934917549404
JWST,19995001098379.863,1.7,3.0894192662458284,0.30894192662458286
JWST,19991669986259.87,1.7,3.0857671562429627,0.30857671562429634
JWST,19988339983863.215,1.7,3.0263957901691887,0.3026395790169189
JWST,19985011090635.45,1.7,3.0469799722073976,0.30469799722073976
JWST,19981683306022.492,1.7,3.055289476918822,0.3055289476918822
JWST,19978356629470.64,1.7,3.0036078712566434,0.3003607871256644
JWST,19975031060426.56,1.7,2.990160190232844,0.29901601902328445
JWST,19971706598337.27,1.7,3.066732167051176,0.3066732167051176
JWST,19968383242650.176,1.7,3.0900718415084203,0.30900718415084205
JWST,19965060992813.035,1.7,3.00881858834254,0.300881858834254
JWST,19961739848273.992,1.7,3.0794689549274534,0.30794689549274534
JWST,19958419808481.54,1.7,3.1419465547532877,0.31419465547532877
JWST,19955100872884.543,1.7,3.057601989127137,0.3057601989127137
JWST,19951783040932.24,1.7,3.0401548098617734,0.30401548098617737
JWST,19948466312074.223,1.7,3.1044670539425985,0.3104467053942599
JWST,19945150685760.465,1.7,3.098288909981727,0.30982889099817273
JWST,19941836161441.297,1.7,3.084400171567921,0.3084400171567921
JWST,19938522738567.406,1.7,3.1774217328034013,0.3177421732803402
JWST,19935210416589.867,1.7,3.1481450441946586,0.3148145044194659
JWST,19931899194960.098,1.7,3.1093890372189215,0.31093890372189215
JWST,19928589073129.89,1.7,3.1332843838315734,0.3133284383831574
JWST,19925280050551.395,1.7,3.182232354160359,0.3182232354160359
JWST,19921972126677.14,1.7,3.104955437657576,0.3104955437657576
JWST,19918665300960.004,1.7,3.1130515644410646,0.3113051564441065
JWST,19915359572853.223,1.7,3.1358132336933027,0.31358132336933026
JWST,19912054941810.418,1.7,3.090788540453339,0.3090788540453339
JWST,19908751407285.55,1.7,3.099288763345743,0.3099288763345744
JWST,19905448968732.957,1.7,3.158532554805916,0.3158532554805916
JWST,19902147625607.336,1.7,3.112998482508962,0.31129984825089624
JWST,19898847377363.74,1.7,3.043511206604174,0.3043511206604174
JWST,19895548223457.582,1.7,3.041714630828482,0.30417146308284826
JWST,19892250163344.65,1.7,3.096374746398532,0.3096374746398532
JWST,19888953196481.082,1.7,3.062431314330829,0.3062431314330829
JWST,19885657322323.375,1.7,3.03771306134484,0.30377130613448405
JWST,19882362540328.395,1.7,3.0777889543263344,0.3077788954326335
JWST,19879068849953.355,1.7,3.0380501946548724,0.30380501946548727
JWST,19875776250655.84,1.7,3.0106511460160728,0.3010651146016073
JWST,19872484741893.793,1.7,3.070569897064803,0.3070569897064803
JWST,19869194323125.504,1.7,3.0685914943660952,0.3068591494366095
JWST,19865904993809.637,1.7,2.928537164154871,0.29285371641548713
JWST,19862616753405.207,1.7,3.044507335863139,0.30445073358631386
JWST,19859329601371.582,1.7,3.1027925536753345,0.3102792553675335
JWST,19856043537168.5,1.7,3.0679623164400187,0.3067962316440019
JWST,19852758560256.047,1.7,3.0605542288311134,0.3060554228831113
JWST,19849474670094.67,1.7,3.0857515630509726,0.3085751563050973
JWST,19846191866145.17,1.7,3.125300253829617,0.3125300253829617
JWST,19842910147868.715,1.7,3.0775799149347445,0.30775799149347444
JWST,19839629514726.812,1.7,3.1220003446152034,0.31220003446152034
JWST,19836349966181.336,1.7,3.1248139196162494,0.31248139196162494
JWST,19833071501694.516,1.7,3.071295273195074,0.3071295273195074
JWST,19829794120728.934,1.7,3.1095129706105262,0.3109512970610527
JWST,19826517822747.53,1.7,3.2043802967499473,0.3204380296749948
JWST,19823242607213.6,1.7,3.1493552659676234,0.3149355265967624
JWST,19819968473590.79,1.7,3.0905404487555477,0.3090540448755548
JWST,19816695421343.1,1.7,3.145476659679249,0.3145476659679249
JWST,19813423449934.887,1.7,3.1214980575142044,0.31214980575142043
JWST,19810152558830.867,1.7,3.0957276451024214,0.3095727645102422
JWST,19806882747496.098,1.7,3.1364701911401784,0.3136470191140179
JWST,19803614015395.992,1.7,3.1165382722847883,0.3116538272284789
JWST,19800346361996.332,1.7,3.0460420537529314,0.3046042053752932
JWST,19797079786763.227,1.7,3.046107163646011,0.3046107163646012
JWST,19793814289163.16,1.7,3.08800717910499,0.308800717910499
JWST,19790549868662.95,1.7,2.9887184204678605,0.2988718420467861
JWST,19787286524729.78,1.7,2.992719641530708,0.2992719641530708
JWST,19784024256831.184,1.7,3.02718525698037,0.30271852569803703
JWST,19780763064435.03,1.7,2.9973473581327887,0.2997347358132789
JWST,19777502947009.56,1.7,2.951308410689967,0.29513084106899673
JWST,19774243904023.348,1.7,3.002518574111259,0.3002518574111259
JWST,19770985934945.332,1.7,3.023564557853875,0.30235645578538756
JWST,19767729039244.79,1.7,3.0315551011631694,0.303155510116317
JWST,19764473216391.355,1.7,2.949295789899286,0.29492957898992866
JWST,19761218465855.008,1.7,3.0917925801924278,0.3091792580192428
JWST,19757964787106.074,1.7,3.0797412514560945,0.3079741251456095
JWST,19754712179615.242,1.7,2.9714426966664966,0.2971442696666497
JWST,19751460642853.53,1.7,3.031592021977587,0.30315920219775877
JWST,19748210176292.32,1.7,3.103993434310008,0.3103993434310008
JWST,19744960779403.332,1.7,3.036532176265958,0.30365321762659586
JWST,19741712451658.633,1.7,3.121455122813586,0.3121455122813586
JWST,19738465192530.65,1.7,3.164724485364031,0.31647244853640305
JWST,19735219001492.14,1.7,3.1119267011614835,0.3111926701161484
JWST,19731973878016.223,1.7,3.070319401481739,0.3070319401481739
JWST,19728729821576.35,1.7,3.1781307229957116,0.3178130722995712
JWST,19725486831646.332,1.7,3.1768292640304026,0.3176829264030403
JWST,19722244907700.316,1.7,3.1096934905122677,0.3109693490512268
JWST,19719004049212.8,1.7,3.16390901874652,0.316390901874652
JWST,19715764255658.63,1.7,3.129027632654313,0.31290276326543137
JWST,19712525526512.98,1.7,3.0550073123672177,0.3055007312367218
JWST,19709287861251.4,1.7,3.0136588973630514,0.3013658897363052
JWST,19706051259349.75,1.7,3.1136736005038377,0.3113673600503838
JWST,19702815720284.254,1.7,3.133437497101709,0.31334374971017087
JWST,19699581243531.484,1.7,3.0331629953723183,0.3033162995372319
JWST,19696347828568.344,1.7,3.0423712293083396,0.304237122930834
JWST,19693115474872.082,1.7,3.023273028220119,0.3023273028220119
JWST,19689884181920.297,1.7,2.9682313243397696,0.29682313243397696
JWST,19686653949190.918,1.7,2.982870017545543,0.2982870017545543
JWST,19683424776162.24,1.7,3.073895986500643,0.3073895986500644
JWST,19680196662312.867,1.7,3.00704171288116,0.300704171288116
JWST,19676969607121.777,1.7,2.993894562714227,0.2993894562714227
JWST,19673743610068.273,1.7,3.1062741927198863,0.31062741927198867
JWST,19670518670631.996,1.7,3.059844048823767,0.3059844048823767
JWST,19667294788292.94,1.7,3.0063724593816294,0.300637245938163
JWST,19664071962531.43,1.7,3.091316046721274,0.30913160467212736
JWST,19660850192828.14,1.7,3.1467258150315907,0.3146725815031591
JWST,19657629478664.08,1.7,3.0605686208282408,0.3060568620828241
JWST,19654409819520.594,1.7,3.062990976206007,0.30629909762060076
JWST,19651191214879.375,1.7,3.1316206550010017,0.31316206550010023
JWST,19647973664222.457,1.7,3.149768372705422,0.3149768372705422
JWST,19644757167032.203,1.7,3.090095717762888,0.3090095717762888
JWST,19641541722791.316,1.7,3.1253285129820805,0.31253285129820807
JWST,19638327330982.85,1.7,3.1638033714159515,0.3163803371415952
JWST,19635113991090.195,1.7,3.1296840621850093,0.31296840621850097
JWST,19631901702597.06,1.7,3.1276925927605483,0.31276925927605487
JWST,19628690464987.504,1.7,3.150555157150892,0.31505551571508916
JWST,19625480277745.94,1.7,3.1295972389125035,0.3129597238912504
JWST,19622271140357.086,1.7,3.0739110719731575,0.30739110719731577
JWST,19619063052306.023,1.7,3.1084062334243288,0.3108406233424329
JWST,19615856013078.164,1.7,3.1266770648866427,0.31266770648866427
JWST,19612650022159.242,1.7,3.045265629124918,0.30452656291249186
JWST,19609445079035.348,1.7,3.006555299916852,0.3006555299916852
JWST,19606241183192.89,1.7,3.111694341212312,0.3111694341212312
JWST,19603038334118.633,1.7,3.0460851027734135,0.30460851027734137
JWST,19599836531299.65,1.7,3.0281367037131184,0.30281367037131185
JWST,19596635774223.37,1.7,3.058356773183025,0.3058356773183025
JWST,19593436062377.562,1.7,3.1092517143198886,0.3109251714319889
JWST,19590237395250.3,1.7,3.00216867329705,0.300216867329705
JWST,19587039772330.02,1.7,3.083278423429141,0.3083278423429141
JWST,19583843193105.48,1.7,3.141745679526726,0.31417456795267257
JWST,19580647657065.78,1.7,3.085438894806209,0.3085438894806209
JWST,19577453163700.34,1.7,3.067300160812516,0.30673001608125167
JWST,19574259712498.92,1.7,3.168445030961797,0.31684450309617973
JWST,19571067302951.625,1.7,3.190595269634523,0.3190595269634523
JWST,19567875934548.867,1.7,3.1121006222232874,0.3112100622223288
JWST,19564685606781.406,1.7,3.1292753649564578,0.31292753649564575
JWST,19561496319140.34,1.7,3.160536508814845,0.3160536508814845
JWST,19558308071117.094,1.7,3.1131132593319215,0.31131132593319216
JWST,19555120862203.406,1.7,3.0814663462328484,0.3081466346232849
JWST,19551934691891.37,1.7,3.0906048172958727,0.3090604817295873
JWST,19548749559673.41,1.7,3.11411305273661,0.31141130527366107
JWST,19545565465042.26,1.7,3.038924452420374,0.3038924452420374
JWST,19542382407491.004,1.7,3.0635478793576594,0.306354787935766
JWST,19539200386513.047,1.7,3.0911119156814366,0.3091111915681437
JWST,19536019401602.125,1.7,3.0356233714056615,0.30356233714056613
JWST,19532839452252.305,1.7,3.0254295685394887,0.3025429568539489
JWST,19529660537957.984,1.7,3.1197936369279664,0.31197936369279666
JWST,19526482658213.89,1.7,3.1046726619895435,0.3104672661989544
JWST,19523305812515.07,1.7,3.0024047620915195,0.30024047620915195
JWST,19520130000356.914,1.7,3.053654348200067,0.30536543482000666
JWST,19516955221235.13,1.7,3.097147511748469,0.3097147511748469
JWST,19513781474645.754,1.7,3.081218253560931,0.3081218253560931
JWST,19510608760085.156,1.7,3.0474574815108473,0.3047457481510848
JWST,19507437077050.027,1.7,3.1481629447118764,0.31481629447118764
JWST,19504266425037.4,1.7,3.1170717547634053,0.3117071754763405
JWST,19501096803544.6,1.7,3.021676392771615,0.30216763927716156
JWST,19497928212069.324,1.7,3.0339469783919983,0.3033946978391998
JWST,19494760650109.566,1.7,3.1513338465303704,0.3151333846530371
JWST,19491594117163.65,1.7,3.124127186494178,0.31241271864941783
JWST,19488428612730.23,1.7,3.162911749622695,0.3162911749622695
JWST,19485264136308.293,1.7,3.1942129044780025,0.31942129044780027
JWST,19482100687397.133,1.7,3.0303902286067164,0.30303902286067164
JWST,19478938265496.383,1.7,3.022002748434533,0.3022002748434533
JWST,19475776870106.0,1.7,3.028295904850699,0.30282959048506997
JWST,19472616500726.266,1.7,3.0860794850317412,0.30860794850317413
JWST,19469457156857.773,1.7,3.043182089267004,0.3043182089267004
JWST,19466298838001.457,1.7,3.0351737083376644,0.30351737083376645
JWST,19463141543658.574,1.7,3.045900448049693,0.3045900448049694
JWST,19459985273330.684,1.7,3.0373478929692315,0.30373478929692316
JWST,19456830026519.69,1.7,2.9895187290136054,0.2989518729013605
JWST,19453675802727.82,1.7,3.000810833995447,0.3000810833995447
JWST,19450522601457.617,1.7,3.0341132485840814,0.30341132485840816
JWST,19447370422211.938,1.7,3.0158767751772064,0.3015876775177207
JWST,19444219264493.977,1.7,3.006568337924252,0.30065683379242525
JWST,19441069127807.246,1.7,3.075246373163468,0.3075246373163469
JWST,19437920011655.57,1.7,3.0420646292583253,0.3042064629258326
JWST,19434771915543.11,1.7,3.044796306420961,0.3044796306420961
JWST,19431624838974.336,1.7,3.068384259036123,0.3068384259036124
JWST,19428478781454.05,1.7,3.080458585156649,0.3080458585156649
JWST,19425333742487.355,1.7,3.080211004939277,0.3080211004939277
JWST,19422189721579.7,1.7,3.0784753370812066,0.3078475337081207
JWST,19419046718236.84,1.7,3.106711701545339,0.3106711701545339
JWST,19415904731964.844,1.7,3.06811839880263,0.30681183988026306
JWST,19412763762270.113,1.7,3.050721269711517,0.3050721269711517
JWST,19409623808659.363,1.7,3.066175244153087,0.3066175244153087
JWST,19406484870639.63,1.7,3.0943981874276187,0.3094398187427619
JWST,19403346947718.258,1.7,3.035430615121497,0.3035430615121497
JWST,19400210039402.93,1.7,3.0256175956058695,0.30256175956058695
JWST,19397074145201.637,1.7,3.0686977404420452,0.3068697740442045
JWST,19393939264622.676,1.7,3.070112068456515,0.30701120684565153
JWST,19390805397174.68,1.7,3.0133690237877833,0.30133690237877836
JWST,19387672542366.598,1.7,3.022713054013938,0.30227130540139385
JWST,19384540699707.684,1.7,3.057137622751616,0.3057137622751616
JWST,19381409868707.516,1.7,3.026541428376165,0.30265414283761655
JWST,19378280048875.99,1.7,3.0198409742199535,0.30198409742199533
JWST,19375151239723.32,1.7,3.07553293258769,0.307553293258769
JWST,19372023440760.027,1.7,3.0930473528145077,0.30930473528145075
JWST,19368896651496.96,1.7,3.0036755007247726,0.30036755007247734
JWST,19365770871445.285,1.7,3.0658325178353167,0.3065832517835317
JWST,19362646100116.465,1.7,3.0819167511888645,0.3081916751188865
JWST,19359522337022.293,1.7,3.038383609245523,0.3038383609245523
JWST,19356399581674.875,1.7,3.027473896836714,0.3027473896836714
JWST,19353277833586.637,1.7,3.104933388249543,0.31049333882495433
JWST,19350157092270.305,1.7,3.1206395546217407,0.31206395546217414
JWST,19347037357238.93,1.7,3.096821241432759,0.3096821241432759
JWST,19343918628005.88,1.7,3.120595672791549,0.31205956727915485
JWST,19340800904084.824,1.7,3.1438531702202006,0.31438531702202005
JWST,19337684184989.754,1.7,3.14397233688718,0.314397233688718
JWST,19334568470234.977,1.7,3.121730693120135,0.3121730693120135
JWST,19331453759335.1,1.7,3.152771518618516,0.3152771518618517
JWST,19328340051805.062,1.7,3.1891471728665115,0.31891471728665116
JWST,19325227347160.1,1.7,3.1539413046627254,0.31539413046627257
JWST,19322115644915.77,1.7,3.1386697136244557,0.3138669713624456
JWST,19319004944587.934,1.7,3.178175013729212,0.31781750137292125
JWST,19315895245692.766,1.7,3.166635505557101,0.3166635505557101
JWST,19312786547746.766,1.7,3.1443775948193258,0.3144377594819326
JWST,19309678850266.72,1.7,3.1950964780309525,0.31950964780309526
JWST,19306572152769.746,1.7,3.231170587839197,0.3231170587839197
JWST,19303466454773.266,1.7,3.219031216107029,0.32190312161070295
JWST,19300361755795.016,1.7,3.2677836527195723,0.32677836527195725
JWST,19297258055353.027,1.7,3.3520153254100737,0.3352015325410074
JWST,19294155352965.656,1.7,3.3284851089369165,0.33284851089369166
JWST,19291053648151.574,1.7,3.3134294649214646,0.3313429464921465
JWST,19287952940429.74,1.7,3.4172840815708825,0.34172840815708827
JWST,19284853229319.434,1.7,3.535053445048553,0.3535053445048553
JWST,19281754514340.258,1.7,3.4550105957166672,0.3455010595716667
JWST,19278656795012.1,1.7,3.4710358324418706,0.3471035832441871
JWST,19275560070855.168,1.7,3.647452746660104,0.3647452746660104
JWST,19272464341389.98,1.7,3.6954986704218844,0.36954986704218845
JWST,19269369606137.363,1.7,3.6874487515847556,0.3687448751584756
JWST,19266275864618.434,1.7,3.825824947633508,0.3825824947633508
JWST,19263183116354.64,1.7,3.9476288709863026,0.3947628870986303
JWST,19260091360867.734,1.7,4.008262395195127,0.4008262395195127
JWST,19257000597679.754,1.7,4.1894737440947685,0.4189473744094769
JWST,19253910826313.062,1.7,4.337504986786222,0.43375049867862214
JWST,19250822046290.332,1.7,4.5482392970705545,0.45482392970705554
JWST,19247734257134.53,1.7,4.858157096679118,0.4858157096679119
JWST,19244647458368.934,1.7,5.1184503518873345,0.5118450351887334
JWST,19241561649517.13,1.7,5.32640476829479,0.532640476829479
JWST,19238476830103.004,1.7,5.61480854011934,0.561480854011934
JWST,19235392999650.754,1.7,6.501196616291349,0.650119661629135
JWST,19232310157684.87,1.7,7.147122457212325,0.7147122457212326
JWST,19229228303730.17,1.7,7.513074850514259,0.751307485051426
JWST,19226147437311.758,1.7,7.3109414210271675,0.7310941421027168
JWST,19223067557955.043,1.7,6.985159636515875,0.6985159636515875
JWST,19219988665185.746,1.7,6.6082060381388885,0.660820603813889
JWST,19216910758529.887,1.7,6.459499823597667,0.6459499823597666
JWST,19213833837513.79,1.7,6.307016239015816,0.6307016239015817
JWST,19210757901664.08,1.7,6.151282247687095,0.6151282247687095
JWST,19207682950507.695,1.7,6.094645963278199,0.6094645963278199
JWST,19204608983571.86,1.7,5.937755694581849,0.5937755694581849
JWST,19201536000384.117,1.7,5.890658229986548,0.5890658229986548
JWST,19198464000472.305,1.7,5.585127760568863,0.5585127760568863
JWST,19195392983364.566,1.7,5.416620754198531,0.5416620754198531
JWST,19192322948589.336,1.7,5.354904676079103,0.5354904676079104
JWST,19189253895675.367,1.7,5.37140427367266,0.537140427367266
JWST,19186185824151.703,1.7,5.467071430673225,0.5467071430673225
JWST,19183118733547.684,1.7,5.408231411772638,0.5408231411772638
JWST,19180052623392.965,1.7,5.165319316400764,0.5165319316400764
JWST,19176987493217.49,1.7,5.009639479353259,0.500963947935326
JWST,19173923342551.516,1.7,4.954442868653306,0.49544428686533065
JWST,19170860170925.58,1.7,4.990939242367826,0.49909392423678267
JWST,19167797977870.54,1.7,4.959246645320304,0.4959246645320305
JWST,19164736762917.543,1.7,4.769756618119968,0.47697566181199685
JWST,19161676525598.03,1.7,4.5333856548688845,0.45333856548688845
JWST,19158617265443.758,1.7,4.366651976498846,0.4366651976498846
JWST,19155558981986.773,1.7,4.229057157223844,0.42290571572238445
JWST,19152501674759.414,1.7,4.148355744242407,0.4148355744242407
JWST,19149445343294.324,1.7,4.0261671314240175,0.40261671314240177
JWST,19146389987124.453,1.7,3.9055989172278176,0.39055989172278177
JWST,19143335605783.035,1.7,3.768112482005152,0.3768112482005152
JWST,19140282198803.61,1.7,3.612824809347148,0.3612824809347148
JWST,19137229765720.008,1.7,3.5275844842367263,0.35275844842367265
JWST,19134178306066.37,1.7,3.5200666338319526,0.35200666338319525
JWST,19131127819377.117,1.7,3.50282897724109,0.350282897724109
JWST,19128078305186.98,1.7,3.46047856165988,0.346047856165988
JWST,19125029763030.984,1.7,3.4203761586684682,0.34203761586684683
JWST,19121982192444.453,1.7,3.442835893543417,0.3442835893543417
JWST,19118935592962.99,1.7,3.338815338202474,0.3338815338202474
JWST,19115889964122.51,1.7,3.4019938195989634,0.34019938195989635
JWST,19112845305459.23,1.7,3.4113908248712916,0.34113908248712915
JWST,19109801616509.64,1.7,3.396728783987375,0.3396728783987375
JWST,19106758896810.543,1.7,3.36665976341933,0.336665976341933
JWST,19103717145899.035,1.7,3.319305792438252,0.3319305792438252
JWST,19100676363312.504,1.7,3.300535129676294,0.3300535129676294
JWST,19097636548588.625,1.7,3.3014355941279288,0.3301435594127929
JWST,19094597701265.38,1.7,3.273072097953725,0.32730720979537253
JWST,19091559820881.04,1.7,3.2024673766172884,0.32024673766172884
JWST,19088522906974.16,1.7,3.2215482354756837,0.3221548235475684
JWST,19085486959083.61,1.7,3.1909509467220407,0.3190950946722041
JWST,19082451976748.535,1.7,3.1254854432566828,0.3125485443256683
JWST,19079417959508.38,1.7,3.1231221295795883,0.31231221295795886
JWST,19076384906902.88,1.7,3.163696452857813,0.3163696452857813
JWST,19073352818472.062,1.7,3.1854524427167976,0.3185452442716798
JWST,19070321693756.258,1.7,3.0780225835438064,0.30780225835438063
JWST,19067291532296.074,1.7,3.1167195164499497,0.311671951644995
JWST,19064262333632.418,1.7,3.0914404909505824,0.30914404909505827
JWST,19061234097306.492,1.7,3.121666756405232,0.3121666756405232
JWST,19058206822859.777,1.7,3.090949127691002,0.3090949127691002
JWST,19055180509834.06,1.7,3.10486369969095,0.310486369969095
JWST,19052155157771.406,1.7,3.154495588570768,0.31544955885707676
JWST,19049130766214.188,1.7,3.142062246310307,0.3142062246310307
JWST,19046107334705.05,1.7,3.1567302653779192,0.3156730265377919
JWST,19043084862786.934,1.7,3.1822602146600545,0.3182260214660055
JWST,19040063350003.082,1.7,3.1598620723246866,0.3159862072324687
JWST,19037042795897.008,1.7,3.1518300482831076,0.3151830048283108
JWST,19034023200012.527,1.7,3.1973403380671765,0.31973403380671767
JWST,19031004561893.742,1.7,3.23875349063539,0.32387534906353904
JWST,19027986881085.047,1.7,3.252690079218943,0.3252690079218943
JWST,19024970157131.117,1.7,3.191183186105299,0.3191183186105299
JWST,19021954389576.926,1.7,3.2320064231672703,0.32320064231672707
JWST,19018939577967.73,1.7,3.2034561966735566,0.32034561966735564
JWST,19015925721849.066,1.7,3.1865168322411708,0.3186516832241171
JWST,19012912820766.78,1.7,3.18723736979595,0.318723736979595
JWST,19009900874266.99,1.7,3.1854800819673983,0.31854800819673984
JWST,19006889881896.098,1.7,3.1585139898240433,0.3158513989824044
JWST,19003879843200.805,1.7,3.1568777426467407,0.3156877742646741
JWST,19000870757728.094,1.7,3.1918504154913587,0.31918504154913585
JWST,18997862625025.242,1.7,3.1325161899036766,0.3132516189903677
JWST,18994855444639.793,1.7,3.1362969530297793,0.31362969530297796
JWST,18991849216119.598,1.7,3.2492185055418146,0.3249218505541815
JWST,18988843939012.79,1.7,3.2088845589945456,0.3208884558994546
JWST,18985839612867.777,1.7,3.164739507802393,0.3164739507802393
JWST,18982836237233.26,1.7,3.1324206618483696,0.31324206618483696
JWST,18979833811658.23,1.7,3.132714764683976,0.31327147646839765
JWST,18976832335691.96,1.7,3.1451895247070563,0.31451895247070566
JWST,18973831808884.004,1.7,3.13399987227991,0.313399987227991
JWST,18970832230784.203,1.7,3.11805099759795,0.311805099759795
JWST,18967833600942.688,1.7,3.164438519373495,0.3164438519373495
JWST,18964835918909.867,1.7,3.192706307387658,0.3192706307387658
JWST,18961839184236.434,1.7,3.158923312969927,0.3158923312969927
JWST,18958843396473.37,1.7,3.1556935456270114,0.3155693545627012
JWST,18955848555171.938,1.7,3.1616103342655504,0.31616103342655505
JWST,18952854659883.68,1.7,3.1435205878067207,0.3143520587806721
JWST,18949861710160.43,1.7,3.049187130952872,0.30491871309528723
JWST,18946869705554.305,1.7,3.20594748598536,0.32059474859853604
JWST,18943878645617.688,1.7,3.17355823283179,0.3173558232831791
JWST,18940888529903.266,1.7,3.172445669511953,0.31724456695119535
JWST,18937899357964.0,1.7,3.1904957932955615,0.3190495793295562
JWST,18934911129353.13,1.7,3.1816029133497397,0.318160291334974
JWST,18931923843624.176,1.7,3.1703864936589516,0.3170386493658952
JWST,18928937500330.95,1.7,3.2001217849568917,0.3200121784956892
JWST,18925952099027.54,1.7,3.19406699937751,0.31940669993775106
JWST,18922967639268.312,1.7,3.2166951906137773,0.32166951906137775
JWST,18919984120607.918,1.7,3.1834310862544046,0.31834310862544046
JWST,18917001542601.29,1.7,3.1853409829932313,0.3185340982993231
JWST,18914019904803.633,1.7,3.199566148681421,0.3199566148681421
JWST,18911039206770.445,1.7,3.183997107618655,0.3183997107618655
JWST,18908059448057.496,1.7,3.188355950148475,0.31883559501484754
JWST,18905080628220.84,1.7,3.157978428068225,0.3157978428068225
JWST,18902102746816.805,1.7,3.1511677574240795,0.315116775742408
JWST,18899125803402.0,1.7,3.1659472282790326,0.3165947228279033
JWST,18896149797533.33,1.7,3.1317660245269807,0.31317660245269807
JWST,18893174728767.94,1.7,3.175690345332864,0.31756903453328644
JWST,18890200596663.3,1.7,3.161592674831286,0.3161592674831286
JWST,18887227400777.13,1.7,3.15540945839428,0.315540945839428
JWST,18884255140667.43,1.7,3.1468930988627295,0.31468930988627297
JWST,18881283815892.49,1.7,3.180954264520496,0.31809542645204963
JWST,18878313426010.863,1.7,3.149057569294269,0.3149057569294269
JWST,18875343970581.402,1.7,3.1251488005355452,0.31251488005355454
JWST,18872375449163.21,1.7,3.1388585768931008,0.3138858576893101
JWST,18869407861315.69,1.7,3.168793617068008,0.3168793617068008
JWST,18866441206598.51,1.7,3.1429136236801694,0.31429136236801697
JWST,18863475484571.62,1.7,3.16118863587966,0.31611886358796604
JWST,18860510694795.24,1.7,3.1428394207983383,0.31428394207983384
JWST,18857546836829.87,1.7,3.147109196084718,0.3147109196084718
JWST,18854583910236.297,1.7,3.1390205473834807,0.3139020547383481
JWST,18851621914575.566,1.7,3.1318647954316683,0.31318647954316686
JWST,18848660849409.008,1.7,3.1326547066982213,0.31326547066982213
JWST,18845700714298.23,1.7,3.1340698194811636,0.3134069819481164
JWST,18842741508805.11,1.7,3.105360260099899,0.31053602600998986
JWST,18839783232491.797,1.7,3.1730832880987094,0.3173083288098709
JWST,18836825884920.73,1.7,3.1809679223863485,0.3180967922386349
JWST,18833869465654.617,1.7,3.1473581650856124,0.31473581650856125
JWST,18830913974256.426,1.7,3.1828252565458635,0.31828252565458637
JWST,18827959410289.414,1.7,3.1415821272582294,0.31415821272582295
JWST,18825005773317.113,1.7,3.169428137939165,0.31694281379391653
JWST,18822053062903.32,1.7,3.169477334657171,0.3169477334657171
JWST,18819101278612.113,1.7,3.1637073462874845,0.3163707346287485
JWST,18816150420007.84,1.7,3.1737144691760517,0.31737144691760516
JWST,18813200486655.12,1.7,3.177847873551211,0.3177847873551211
JWST,18810251478118.848,1.7,3.1619830035400587,0.31619830035400587
JWST,18807303393964.195,1.7,3.191101559129241,0.3191101559129241
JWST,18804356233756.6,1.7,3.1864179355170577,0.3186417935517058
JWST,18801409997061.773,1.7,3.1753043424357514,0.31753043424357513
JWST,18798464683445.7,1.7,3.1726921789479854,0.31726921789479856
JWST,18795520292474.637,1.7,3.1827820112417076,0.31827820112417077
JWST,18792576823715.113,1.7,3.1858889142325215,0.31858889142325214
JWST,18789634276733.92,1.7,3.1957226769131695,0.31957226769131697
JWST,18786692651098.145,1.7,3.212066352118643,0.3212066352118644
JWST,18783751946375.117,1.7,3.208593334775154,0.32085933347751544
JWST,18780812162132.45,1.7,3.183852586895639,0.31838525868956397
JWST,18777873297938.03,1.7,3.145342043446557,0.31453420434465573
JWST,18774935353360.016,1.7,3.1561911211503615,0.3156191121150362
JWST,18771998327966.82,1.7,3.157052310294514,0.3157052310294514
JWST,18769062221327.145,1.7,3.122963699522231,0.31229636995222315
JWST,18766127033009.953,1.7,3.1413649855563635,0.31413649855563636
JWST,18763192762584.477,1.7,3.1478956740036543,0.31478956740036546
JWST,18760259409620.22,1.7,3.1480546064546915,0.31480546064546916
JWST,18757326973686.95,1.7,3.143175584648388,0.3143175584648389
JWST,18754395454354.72,1.7,3.1221065737955835,0.31221065737955833
JWST,18751464851193.824,1.7,3.1164684553176056,0.31164684553176053
JWST,18748535163774.848,1.7,3.1325372123276485,0.31325372123276485
JWST,18745606391668.645,1.7,3.081176640682377,0.3081176640682377
JWST,18742678534446.316,1.7,3.089397296777671,0.30893972967776706
JWST,18739751591679.25,1.7,3.122305923413959,0.31223059234139594
JWST,18736825562939.1,1.7,3.099158576574173,0.3099158576574173
JWST,18733900447797.785,1.7,3.094728800096204,0.3094728800096204
JWST,18730976245827.484,1.7,3.0986921428686824,0.30986921428686826
JWST,18728052956600.652,1.7,3.133717538479715,0.3133717538479715
JWST,18725130579690.01,1.7,3.1131247781119016,0.31131247781119015
JWST,18722209114668.54,1.7,3.1292875576702994,0.31292875576702994
JWST,18719288561109.492,1.7,3.1428990036429796,0.31428990036429794
JWST,18716368918586.39,1.7,3.1400924101704604,0.3140092410170461
JWST,18713450186673.023,1.7,3.117809227104027,0.31178092271040275
JWST,18710532364943.426,1.7,3.103266484792356,0.31032664847923563
JWST,18707615452971.926,1.7,3.1563716392057604,0.31563716392057606
JWST,18704699450333.105,1.7,3.1769669509497778,0.3176966950949778
JWST,18701784356601.8,1.7,3.209480053054727,0.3209480053054727
JWST,18698870171353.13,1.7,3.1882799265800386,0.3188279926580039
JWST,18695956894162.473,1.7,3.2196841889885106,0.3219684188988511
JWST,18693044524605.465,1.7,3.2020555940534976,0.3202055594053498
JWST,18690133062258.008,1.7,3.182904555570719,0.3182904555570719
JWST,18687222506696.277,1.7,3.1640123106984124,0.3164012310698413
JWST,18684312857496.71,1.7,3.162105351206476,0.3162105351206476
JWST,18681404114235.992,1.7,3.197125148253801,0.3197125148253801
JWST,18678496276491.094,1.7,3.1630874792469577,0.31630874792469577
JWST,18675589343839.234,1.7,3.192580667677219,0.31925806676772195
JWST,18672683315857.902,1.7,3.2085855144968973,0.3208585514496897
JWST,18669778192124.844,1.7,3.1663165414645538,0.3166316541464554
JWST,18666873972218.08,1.7,3.2032539107788587,0.3203253910778859
JWST,18663970655715.88,1.7,3.2544816621132466,0.32544816621132466
JWST,18661068242196.78,1.7,3.1964639130437758,0.3196463913043776
JWST,18658166731239.582,1.7,3.16756262341349,0.316756262341349
JWST,18655266122423.355,1.7,3.1483934563214326,0.3148393456321433
JWST,18652366415327.41,1.7,3.1787448381003176,0.3178744838100318
JWST,18649467609531.336,1.7,3.189990558281844,0.31899905582818444
JWST,18646569704614.984,1.7,3.170434915282475,0.3170434915282475
JWST,18643672700158.46,1.7,3.173526934137377,0.31735269341373773
JWST,18640776595742.125,1.7,3.1504812481991857,0.3150481248199186
JWST,18637881390946.617,1.7,3.132349785877098,0.3132349785877098
JWST,18634987085352.824,1.7,3.152381077695731,0.31523810776957306
JWST,18632093678541.89,1.7,3.149697432988413,0.3149697432988413
JWST,18629201170095.227,1.7,3.1318625118719026,0.3131862511871903
JWST,18626309559594.51,1.7,3.106492935161722,0.3106492935161722
JWST,18623418846621.664,1.7,3.111014588947835,0.3111014588947835
JWST,18620529030758.875,1.7,3.145130151614337,0.31451301516143376
JWST,18617640111588.598,1.7,3.1432056129406383,0.3143205612940639
JWST,18614752088693.535,1.7,3.1423371503078132,0.31423371503078135
JWST,18611864961656.656,1.7,3.1441495380097004,0.31441495380097007
JWST,18608978730061.18,1.7,3.1432127082546466,0.31432127082546474
JWST,18606093393490.6,1.7,3.172849607225228,0.3172849607225228
JWST,18603208951528.65,1.7,3.131696377615144,0.31316963776151446
JWST,18600325403759.33,1.7,3.123901230897968,0.3123901230897968
JWST,18597442749766.9,1.7,3.1093533402827855,0.31093533402827855
JWST,18594560989135.875,1.7,3.120537062047465,0.31205370620474654
JWST,18591680121451.027,1.7,3.108244501795114,0.3108244501795114
JWST,18588800146297.387,1.7,3.1010426071653256,0.31010426071653263
JWST,18585921063260.242,1.7,3.104614460551317,0.31046144605513176
JWST,18583042871925.133,1.7,3.106962497612912,0.31069624976129123
JWST,18580165571877.863,1.7,3.1303676178250845,0.31303676178250844
JWST,18577289162704.496,1.7,3.135959660019932,0.3135959660019932
JWST,18574413643991.332,1.7,3.214976187668147,0.3214976187668147
JWST,18571539015324.95,1.7,3.2147044116372694,0.32147044116372697
JWST,18568665276292.17,1.7,3.1568866511877993,0.31568866511877997
JWST,18565792426480.086,1.7,3.154986951261929,0.31549869512619294
JWST,18562920465476.016,1.7,3.18361871992518,0.31836187199251803
JWST,18560049392867.562,1.7,3.17903351295852,0.31790335129585207
JWST,18557179208242.574,1.7,3.110819386703945,0.3110819386703946
JWST,18554309911189.15,1.7,3.1358264519025134,0.31358264519025136
JWST,18551441501295.64,1.7,3.1435389149480626,0.3143538914948063
JWST,18548573978150.668,1.7,3.188412232520314,0.31884122325203146
JWST,18545707341343.094,1.7,3.279290712725334,0.3279290712725334
JWST,18542841590462.035,1.7,3.313651062426003,0.33136510624260035
JWST,18539976725096.863,1.7,3.2894818010525904,0.32894818010525906
JWST,18537112744837.22,1.7,3.2834540984791927,0.3283454098479193
JWST,18534249649272.965,1.7,3.395428352904307,0.3395428352904308
JWST,18531387437994.246,1.7,3.2746998682514654,0.32746998682514655
JWST,18528526110591.45,1.7,3.2159477062042425,0.32159477062042424
JWST,18525665666655.215,1.7,3.1452702807491066,0.3145270280749107
JWST,18522806105776.43,1.7,3.20448574580176,0.32044857458017606
JWST,18519947427546.246,1.7,3.220664870714724,0.32206648707147245
JWST,18517089631556.062,1.7,3.172890728313093,0.31728907283130936
JWST,18514232717397.523,1.7,3.172743549252193,0.3172743549252194
JWST,18511376684662.53,1.7,3.2184504491618164,0.3218450449161817
JWST,18508521532943.246,1.7,3.183654552615235,0.31836545526152354
JWST,18505667261832.066,1.7,3.148902461635535,0.3148902461635535
JWST,18502813870921.652,1.7,3.12860297797663,0.31286029779766306
JWST,18499961359804.914,1.7,3.219942949146436,0.3219942949146436
JWST,18497109728075.01,1.7,3.235610831498164,0.3235610831498164
JWST,18494258975325.344,1.7,3.169306703745371,0.3169306703745371
JWST,18491409101149.582,1.7,3.172504358464495,0.3172504358464495
JWST,18488560105141.637,1.7,3.174315328831218,0.31743153288312176
JWST,18485711986895.664,1.7,3.1907413055132023,0.3190741305513203
JWST,18482864746006.074,1.7,3.187409788674174,0.3187409788674174
JWST,18480018382067.53,1.7,3.148528988234195,0.3148528988234195
JWST,18477172894674.95,1.7,3.1212159593429303,0.31212159593429306
JWST,18474328283423.484,1.7,3.123413609567396,0.3123413609567396
JWST,18471484547908.543,1.7,3.143777706319637,0.3143777706319637
JWST,18468641687725.79,1.7,3.166321872168534,0.3166321872168534
JWST,18465799702471.13,1.7,3.166696917947949,0.316669691794795
JWST,18462958591740.71,1.7,3.13034423808608,0.313034423808608
JWST,18460118355130.953,1.7,3.109788788479001,0.31097887884790015
JWST,18457278992238.496,1.7,3.1290145375721794,0.31290145375721795
JWST,18454440502660.246,1.7,3.1312166440249687,0.3131216644024969
JWST,18451602885993.35,1.7,3.1385058999042728,0.31385058999042725
JWST,18448766141835.215,1.7,3.137285175248183,0.3137285175248183
JWST,18445930269783.47,1.7,3.106492772329591,0.31064927723295915
JWST,18443095269436.008,1.7,3.0829918022927645,0.30829918022927644
JWST,18440261140390.98,1.7,3.1680059608502216,0.3168005960850222
JWST,18437427882246.76,1.7,3.1267763118541576,0.31267763118541575
JWST,18434595494601.984,1.7,3.1001837208201977,0.3100183720820198
JWST,18431763977055.53,1.7,3.100111689254798,0.31001116892547986
JWST,18428933329206.527,1.7,3.088028314842601,0.30880283148426013
JWST,18426103550654.344,1.7,3.1632635421556006,0.3163263542155601
JWST,18423274640998.598,1.7,3.1306180004447075,0.31306180004447076
JWST,18420446599839.156,1.7,3.0912635874757957,0.3091263587475796
JWST,18417619426776.12,1.7,3.1359429587156358,0.3135942958715636
JWST,18414793121409.85,1.7,3.084834871126113,0.3084834871126113
JWST,18411967683340.95,1.7,3.1019685488156394,0.310196854881564
JWST,18409143112170.258,1.7,3.123163154162409,0.31231631541624094
JWST,18406319407498.863,1.7,3.1185273933353064,0.31185273933353064
JWST,18403496568928.1,1.7,3.1599451806715075,0.3159945180671508
JWST,18400674596059.562,1.7,3.1333812521412576,0.31333812521412574
JWST,18397853488495.05,1.7,3.1632623387459002,0.31632623387459
JWST,18395033245836.65,1.7,3.135328180976527,0.3135328180976527
JWST,18392213867686.664,1.7,3.1426705114581526,0.31426705114581527
JWST,18389395353647.645,1.7,3.2078556454067058,0.3207855645406706
JWST,18386577703322.4,1.7,3.1494262524580052,0.3149426252458005
JWST,18383760916313.965,1.7,3.1268980186390225,0.31268980186390233
JWST,18380944992225.633,1.7,3.125800335842882,0.3125800335842882
JWST,18378129930660.926,1.7,3.1444163426380123,0.31444163426380123
JWST,18375315731223.617,1.7,3.1603777670275472,0.31603777670275474
JWST,18372502393517.723,1.7,3.1507977475003304,0.31507977475003307
JWST,18369689917147.492,1.7,3.174661564390005,0.31746615643900056
JWST,18366878301717.434,1.7,3.24509808843568,0.32450980884356806
JWST,18364067546832.28,1.7,3.211473204096476,0.3211473204096476
JWST,18361257652097.023,1.7,3.158951556935412,0.3158951556935412
JWST,18358448617116.88,1.7,3.170198998496678,0.3170198998496678
JWST,18355640441497.316,1.7,3.181000856930934,0.3181000856930934
JWST,18352833124844.047,1.7,3.2465394168089903,0.32465394168089906
JWST,18350026666763.01,1.7,3.2292568953375755,0.3229256895337576
JWST,18347221066860.402,1.7,3.2151315341201125,0.3215131534120113
JWST,18344416324742.656,1.7,3.2014312291119444,0.3201431229111945
JWST,18341612440016.44,1.7,3.193264142183316,0.3193264142183316
JWST,18338809412288.664,1.7,3.1857161733343995,0.31857161733343997
JWST,18336007241166.477,1.7,3.2119120110773935,0.3211912011077394
JWST,18333205926257.28,1.7,3.2164567847414873,0.32164567847414877
JWST,18330405467168.695,1.7,3.2173957056903073,0.32173957056903074
JWST,18327605863508.6,1.7,3.2236654199933956,0.32236654199933956
JWST,18324807114885.105,1.7,3.2044310356503676,0.3204431035650368
JWST,18322009220906.56,1.7,3.1937218970885457,0.3193721897088546
JWST,18319212181181.547,1.7,3.196007429934473,0.3196007429934474
JWST,18316415995318.902,1.7,3.2146400938376827,0.3214640093837683
JWST,18313620662927.7,1.7,3.2709848662943304,0.327098486629433
JWST,18310826183617.23,1.7,3.218491569820504,0.3218491569820504
JWST,18308032556997.043,1.7,3.2197062612947445,0.32197062612947447
JWST,18305239782676.93,1.7,3.2015120548903027,0.32015120548903025
JWST,18302447860266.9,1.7,3.189075302821778,0.31890753028217783
JWST,18299656789377.21,1.7,3.1863795186510155,0.3186379518651016
JWST,18296866569618.367,1.7,3.1706998701238223,0.31706998701238226
JWST,18294077200601.105,1.7,3.1826359533030706,0.3182635953303071
JWST,18291288681936.383,1.7,3.201271898096778,0.32012718980967786
JWST,18288501013235.418,1.7,3.2054721529492407,0.3205472152949241
JWST,18285714194109.652,1.7,3.19703039203036,0.319703039203036
JWST,18282928224170.77,1.7,3.25230591457725,0.32523059145772504
JWST,18280143103030.684,1.7,3.2361414972030906,0.3236141497203091
JWST,18277358830301.56,1.7,3.232207346435474,0.3232207346435474
JWST,18274575405595.777,1.7,3.185546596046207,0.3185546596046207
JWST,18271792828525.97,1.7,3.180526793268217,0.3180526793268217
JWST,18269011098704.996,1.7,3.2419543907605193,0.32419543907605197
JWST,18266230215745.965,1.7,3.2685213859817472,0.32685213859817475
JWST,18263450179262.203,1.7,3.154610737956228,0.3154610737956228
JWST,18260670988867.277,1.7,3.197999552505842,0.3197999552505842
JWST,18257892644175.004,1.7,3.210029109527257,0.32100291095272576
JWST,18255115144799.41,1.7,3.1375155654345193,0.31375155654345194
JWST,18252338490354.777,1.7,3.147938913924147,0.31479389139241476
JWST,18249562680455.617,1.7,3.15383963306317,0.315383963306317
JWST,18246787714716.67,1.7,3.186729036838852,0.31867290368388523
JWST,18244013592752.918,1.7,3.1821170350138774,0.3182117035013878
JWST,18241240314179.566,1.7,3.148287141642239,0.3148287141642239
JWST,18238467878612.066,1.7,3.17425546179096,0.317425546179096
JWST,18235696285666.098,1.7,3.15168147259803,0.315168147259803
JWST,18232925534957.574,1.7,3.1531746634569866,0.3153174663456986
JWST,18230155626102.64,1.7,3.1350684841449845,0.3135068484144985
JWST,18227386558717.68,1.7,3.1589533913546184,0.31589533913546186
JWST,18224618332419.305,1.7,3.1495525908809614,0.31495525908809613
JWST,18221850946824.355,1.7,3.1211375086835274,0.31211375086835275
JWST,18219084401549.926,1.7,3.1358878766534164,0.31358878766534165
JWST,18216318696213.31,1.7,3.177544254577375,0.3177544254577375
JWST,18213553830432.06,1.7,3.142271477299121,0.31422714772991217
JWST,18210789803823.953,1.7,3.1199963660936896,0.31199963660936897
JWST,18208026616006.996,1.7,3.138928487962582,0.31389284879625823
JWST,18205264266599.42,1.7,3.1581671413034154,0.31581671413034157
JWST,18202502755219.71,1.7,3.15167703441326,0.31516770344132605
JWST,18199742081486.566,1.7,3.186751890441208,0.31867518904412084
JWST,18196982245018.91,1.7,3.157291909783013,0.3157291909783013
JWST,18194223245435.918,1.7,3.155410627043337,0.3155410627043337
JWST,18191465082356.99,1.7,3.1444697869280076,0.3144469786928008
JWST,18188707755401.74,1.7,3.1621983547380705,0.3162198354738071
JWST,18185951264190.03,1.7,3.1393667457325636,0.31393667457325636
JWST,18183195608341.953,1.7,3.125802679059965,0.3125802679059965
JWST,18180440787477.824,1.7,3.144691478018969,0.31446914780189694
JWST,18177686801218.19,1.7,3.136737211263473,0.31367372112634734
JWST,18174933649183.83,1.7,3.145394626016323,0.3145394626016323
JWST,18172181330995.75,1.7,3.185084808862774,0.31850848088627737
JWST,18169429846275.19,1.7,3.1610178992535114,0.31610178992535115
JWST,18166679194643.613,1.7,3.126333630171376,0.3126333630171377
JWST,18163929375722.72,1.7,3.1474672870710214,0.3147467287071022
JWST,18161180389134.434,1.7,3.171421985186721,0.31714219851867215
JWST,18158432234500.902,1.7,3.1283181862151026,0.31283181862151027
JWST,18155684911444.51,1.7,3.131805179608007,0.3131805179608007
JWST,18152938419587.88,1.7,3.1197521643920587,0.3119752164392059
JWST,18150192758553.836,1.7,3.0895897884223573,0.3089589788422358
JWST,18147447927965.45,1.7,3.1030656271869095,0.310306562718691
JWST,18144703927446.023,1.7,3.1597015140671876,0.3159701514067188
JWST,18141960756619.066,1.7,3.129616042123508,0.31296160421235086
JWST,18139218415108.34,1.7,3.1311815640669,0.31311815640669005
JWST,18136476902537.82,1.7,3.1389570995825262,0.31389570995825267
JWST,18133736218531.715,1.7,3.182407416213891,0.3182407416213891
JWST,18130996362714.45,1.7,3.145680915346224,0.31456809153462245
JWST,18128257334710.684,1.7,3.1748972481032114,0.3174897248103211
JWST,18125519134145.316,1.7,3.2057335058683987,0.3205733505868399
JWST,18122781760643.445,1.7,3.138367315635771,0.3138367315635771
JWST,18120045213830.418,1.7,3.137748763999041,0.31377487639990415
JWST,18117309493331.797,1.7,3.143691944031406,0.3143691944031406
JWST,18114574598773.38,1.7,3.16196502772446,0.31619650277244604
JWST,18111840529781.176,1.7,3.1000580482320435,0.31000580482320433
JWST,18109107285981.43,1.7,3.090062428885078,0.30900624288850786
JWST,18106374867000.617,1.7,3.1543674749333803,0.31543674749333805
JWST,18103643272465.426,1.7,3.1703466520885732,0.31703466520885737
JWST,18100912502002.773,1.7,3.1563230057028884,0.31563230057028885
JWST,18098182555239.816,1.7,3.1743239527161045,0.31743239527161043
JWST,18095453431803.91,1.7,3.166568211666195,0.31665682116661953
JWST,18092725131322.656,1.7,3.1599005817022605,0.3159900581702261
JWST,18089997653423.87,1.7,3.136325742588921,0.31363257425889207
JWST,18087270997735.6,1.7,3.148414612743801,0.3148414612743801
JWST,18084545163886.113,1.7,3.2004493292949374,0.32004493292949376
JWST,18081820151503.895,1.7,3.1761309223868492,0.31761309223868495
JWST,18079095960217.668,1.7,3.1489113731105225,0.3148911373110523
JWST,18076372589656.363,1.7,3.1665446113976965,0.31665446113976964
JWST,18073650039449.15,1.7,3.209431082747209,0.3209431082747209
JWST,18070928309225.406,1.7,3.2069079007297745,0.32069079007297746
JWST,18068207398614.754,1.7,3.175965292640529,0.3175965292640529
JWST,18065487307247.016,1.7,3.1533053709682832,0.31533053709682834
JWST,18062768034752.25,1.7,3.1761119116301253,0.31761119116301256
JWST,18060049580760.734,1.7,3.2054818691917433,0.32054818691917436
JWST,18057331944902.97,1.7,3.1821730426629857,0.31821730426629863
JWST,18054615126809.676,1.7,3.2114810666353404,0.32114810666353405
JWST,18051899126111.797,1.7,3.201283973780913,0.3201283973780913
JWST,18049183942440.51,1.7,3.180895657438845,0.3180895657438846
JWST,18046469575427.19,1.7,3.173430217775595,0.3173430217775595
JWST,18043756024703.457,1.7,3.1850398332189442,0.31850398332189445
JWST,18041043289901.145,1.7,3.166839104212874,0.3166839104212874
JWST,18038331370652.297,1.7,3.1726740817864667,0.31726740817864674
JWST,18035620266589.195,1.7,3.164675867771906,0.3164675867771906
JWST,18032909977344.336,1.7,3.1808270576697777,0.3180827057669778
JWST,18030200502550.43,1.7,3.174785979160555,0.31747859791605554
JWST,18027491841840.418,1.7,3.1752405749139565,0.3175240574913957
JWST,18024783994847.457,1.7,3.193844850424431,0.31938448504244316
JWST,18022076961204.93,1.7,3.1885471723950976,0.3188547172395098
JWST,18019370740546.43,1.7,3.1653179951983463,0.3165317995198347
JWST,18016665332505.777,1.7,3.1607690694658257,0.3160769069465826
JWST,18013960736717.01,1.7,3.151359509266417,0.3151359509266417
JWST,18011256952814.387,1.7,3.1884379500442366,0.31884379500442367
JWST,18008553980432.387,1.7,3.1966223125447866,0.3196622312544787
JWST,18005851819205.7,1.7,3.2073908686735826,0.3207390868673583
JWST,18003150468769.254,1.7,3.1534231467549283,0.31534231467549284
JWST,18000449928758.17,1.7,3.154883720606611,0.3154883720606611
JWST,17997750198807.816,1.7,3.2163561198784585,0.32163561198784585
JWST,17995051278553.758,1.7,3.2337818030710683,0.32337818030710686
JWST,17992353167631.79,1.7,3.1782249762562533,0.31782249762562537
JWST,17989655865677.914,1.7,3.2095759866941562,0.32095759866941564
JWST,17986959372328.37,1.7,3.231680846035913,0.32316808460359137
JWST,17984263687219.594,1.7,3.188879586446921,0.3188879586446921
JWST,17981568809988.258,1.7,3.19600264099185,0.319600264099185
JWST,17978874740271.234,1.7,3.1670952912687125,0.3167095291268713
JWST,17976181477705.637,1.7,3.187396743366514,0.3187396743366514
JWST,17973489021928.77,1.7,3.223502400762918,0.3223502400762918
JWST,17970797372578.17,1.7,3.1966686191911964,0.3196668619191197
JWST,17968106529291.594,1.7,3.178314125893934,0.3178314125893934
JWST,17965416491707.004,1.7,3.1812925790656736,0.31812925790656743
JWST,17962727259462.586,1.7,3.1318212646465557,0.3131821264646556
JWST,17960038832196.742,1.7,3.1678488806913983,0.31678488806913985
JWST,17957351209548.094,1.7,3.209279073140984,0.3209279073140984
JWST,17954664391155.465,1.7,3.2622425343484402,0.32622425343484407
JWST,17951978376657.918,1.7,3.185654169022564,0.31856541690225637
JWST,17949293165694.715,1.7,3.1573839102863346,0.31573839102863344
JWST,17946608757905.336,1.7,3.139171735494087,0.31391717354940873
JWST,17943925152929.477,1.7,3.117405960680314,0.31174059606803145
JWST,17941242350407.055,1.7,3.1843695421565283,0.3184369542156528
JWST,17938560349978.203,1.7,3.1826231155045623,0.31826231155045626
JWST,17935879151283.254,1.7,3.1527512564531177,0.3152751256453118
JWST,17933198753962.773,1.7,3.166929683650487,0.31669296836504873
JWST,17930519157657.535,1.7,3.2202088011468524,0.32202088011468527
JWST,17927840362008.523,1.7,3.194110823942265,0.3194110823942265
JWST,17925162366656.945,1.7,3.1427104073756,0.31427104073756007
JWST,17922485171244.215,1.7,3.172665523124257,0.31726655231242573
JWST,17919808775411.96,1.7,3.203253961229563,0.32032539612295635
JWST,17917133178802.035,1.7,3.1960432926743865,0.31960432926743865
JWST,17914458381056.492,1.7,3.1653645067236393,0.31653645067236397
JWST,17911784381817.605,1.7,3.2207760103423175,0.3220776010342318
JWST,17909111180727.863,1.7,3.208071469471361,0.32080714694713613
JWST,17906438777429.965,1.7,3.2055899296985064,0.3205589929698507
JWST,17903767171566.82,1.7,3.1640359482393356,0.3164035948239336
JWST,17901096362781.56,1.7,3.1918560434030994,0.31918560434030996
JWST,17898426350717.52,1.7,3.2338002306731806,0.3233800230673181
JWST,17895757135018.25,1.7,3.1868286137342565,0.3186828613734257
JWST,17893088715327.523,1.7,3.1861977642597585,0.3186197764259759
JWST,17890421091289.305,1.7,3.1767452831625174,0.31767452831625176
JWST,17887754262547.793,1.7,3.2142037283802045,0.32142037283802044
JWST,17885088228747.387,1.7,3.213751224865634,0.32137512248656347
JWST,17882422989532.695,1.7,3.1572349010668477,0.3157234901066848
JWST,17879758544548.547,1.7,3.183477610763282,0.31834776107632823
JWST,17877094893439.977,1.7,3.2128413686875983,0.32128413686875984
JWST,17874432035852.24,1.7,3.1694202021528395,0.316942020215284
JWST,17871769971430.785,1.7,3.123193585815569,0.3123193585815569
JWST,17869108699821.285,1.7,3.183528561570402,0.31835285615704023
JWST,17866448220669.633,1.7,3.230583730048935,0.32305837300489354
JWST,17863788533621.902,1.7,3.2108671340830286,0.3210867134083029
JWST,17861129638324.41,1.7,3.134878817607509,0.31348788176075093
JWST,17858471534423.67,1.7,3.165682553987218,0.31656825539872185
JWST,17855814221566.402,1.7,3.221498985148374,0.3221498985148374
JWST,17853157699399.54,1.7,3.180850454835984,0.3180850454835984
JWST,17850501967570.227,1.7,3.1825542072815907,0.3182554207281591
JWST,17847847025725.824,1.7,3.145291781309408,0.31452917813094083
JWST,17845192873513.89,1.7,3.15130382560161,0.31513038256016107
JWST,17842539510582.2,1.7,3.1842798167565483,0.31842798167565484
JWST,17839886936578.74,1.7,3.162334292233866,0.3162334292233866
JWST,17837235151151.695,1.7,3.130032265941412,0.31300322659414126
JWST,17834584153949.477,1.7,3.185106704391275,0.3185106704391275
JWST,17831933944620.688,1.7,3.195573541003723,0.31955735410037234
JWST,17829284522814.152,1.7,3.1630485692262575,0.3163048569226258
JWST,17826635888178.895,1.7,3.162378199980521,0.3162378199980521
JWST,17823988040364.152,1.7,3.1950533525936793,0.319505335259368
JWST,17821340979019.38,1.7,3.182873860009999,0.31828738600099993
JWST,17818694703794.215,1.7,3.1742920600221223,0.31742920600221225
JWST,17816049214338.527,1.7,3.151484859633594,0.3151484859633594
JWST,17813404510302.39,1.7,3.152789481391907,0.3152789481391907
JWST,17810760591336.074,1.7,3.1807535254606147,0.31807535254606145
JWST,17808117457090.062,1.7,3.165774768060939,0.31657747680609394
JWST,17805475107215.05,1.7,3.1000595061536202,0.310005950615362
JWST,17802833541361.94,1.7,3.1466177704421705,0.3146617770442171
JWST,17800192759181.832,1.7,3.1862467211407695,0.31862467211407697
JWST,17797552760326.047,1.7,3.202563199132035,0.3202563199132035
JWST,17794913544446.1,1.7,3.19137680190097,0.31913768019009703
JWST,17792275111193.715,1.7,3.160406912729641,0.31604069127296414
JWST,17789637460220.832,1.7,3.2311152370784484,0.32311152370784485
JWST,17787000591179.59,1.7,3.2388798671795844,0.3238879867179585
JWST,17784364503722.332,1.7,3.181304641144313,0.3181304641144313
JWST,17781729197501.613,1.7,3.162260948442124,0.3162260948442124
JWST,17779094672170.188,1.7,3.203119899738047,0.3203119899738047
JWST,17776460927381.023,1.7,3.188511694168838,0.31885116941688385
JWST,17773827962787.29,1.7,3.1559953245444303,0.31559953245444305
JWST,17771195778042.355,1.7,3.1537623157025516,0.3153762315702552
JWST,17768564372799.805,1.7,3.1983560185776154,0.31983560185776155
JWST,17765933746713.43,1.7,3.2067813232895994,0.32067813232896
JWST,17763303899437.207,1.7,3.1579970481877,0.31579970481877007
JWST,17760674830625.344,1.7,3.079982870580943,0.30799828705809434
JWST,17758046539932.234,1.7,3.1123711954854514,0.31123711954854516
JWST,17755419027012.48,1.7,3.205496743198151,0.3205496743198151
JWST,17752792291520.9,1.7,3.180749022314974,0.31807490223149737
JWST,17750166333112.496,1.7,3.118647058039644,0.3118647058039644
JWST,17747541151442.492,1.7,3.119163127924996,0.3119163127924996
JWST,17744916746166.305,1.7,3.1482436268817255,0.3148243626881726
JWST,17742293116939.562,1.7,3.1405905741964064,0.3140590574196407
JWST,17739670263418.094,1.7,3.09587501995035,0.30958750199503504
JWST,17737048185257.926,1.7,3.1294765202872563,0.3129476520287257
JWST,17734426882115.3,1.7,3.199350899114328,0.31993508991143277
JWST,17731806353646.656,1.7,3.145261274054935,0.3145261274054935
JWST,17729186599508.625,1.7,3.0888441941281757,0.3088844194128176
JWST,17726567619358.06,1.7,3.1423225634752914,0.31423225634752916
JWST,17723949412852.004,1.7,3.1999702670671577,0.3199970267067158
JWST,17721331979647.715,1.7,3.175846651825105,0.31758466518251055
JWST,17718715319402.633,1.7,3.166008499787275,0.31660084997872756
JWST,17716099431774.42,1.7,3.138756918838596,0.31387569188385966
JWST,17713484316420.934,1.7,3.1583347496536183,0.3158334749653619
JWST,17710869973000.227,1.7,3.1355232749680897,0.313552327496809
JWST,17708256401170.562,1.7,3.118019989255681,0.3118019989255681
JWST,17705643600590.406,1.7,3.153952426854714,0.31539524268547137
JWST,17703031570918.418,1.7,3.14830084360363,0.314830084360363
JWST,17700420311813.46,1.7,3.160482814216554,0.3160482814216554
JWST,17697809822934.605,1.7,3.160383952647942,0.3160383952647942
JWST,17695200103941.12,1.7,3.1205295855046007,0.3120529585504601
JWST,17692591154492.47,1.7,3.140508141187602,0.31405081411876024
JWST,17689982974248.32,1.7,3.1434439817609006,0.3143443981760901
JWST,17687375562868.55,1.7,3.1648781453815324,0.3164878145381533
JWST,17684768920013.223,1.7,3.1297888448666114,0.31297888448666117
JWST,17682163045342.61,1.7,3.110863725736042,0.3110863725736042
JWST,17679557938517.184,1.7,3.1470765838311014,0.31470765838311016
JWST,17676953599197.62,1.7,3.154001418257535,0.3154001418257535
JWST,17674350027044.777,1.7,3.155006676946248,0.3155006676946248
JWST,17671747221719.74,1.7,3.1390698654951783,0.3139069865495179
JWST,17669145182883.77,1.7,3.126183930627121,0.3126183930627121
JWST,17666543910198.336,1.7,3.1130566520197296,0.311305665201973
JWST,17663943403325.11,1.7,3.1157824555218587,0.3115782455521859
JWST,17661343661925.957,1.7,3.1118357535629837,0.31118357535629837
JWST,17658744685662.957,1.7,3.14074952078343,0.3140749520783431
JWST,17656146474198.36,1.7,3.1552464857209808,0.3155246485720981
JWST,17653549027194.633,1.7,3.128952902495676,0.3128952902495676
JWST,17650952344314.453,1.7,3.125151237284571,0.31251512372845713
JWST,17648356425220.664,1.7,3.1504133486045167,0.3150413348604517
JWST,17645761269576.34,1.7,3.2286521636511325,0.3228652163651133
JWST,17643166877044.734,1.7,3.165266536464115,0.3165266536464115
JWST,17640573247289.3,1.7,3.1716932997740934,0.3171693299774094
JWST,17637980379973.69,1.7,3.1632889285174626,0.31632889285174626
JWST,17635388274761.77,1.7,3.1901632391393924,0.31901632391393925
JWST,17632796931317.58,1.7,3.1540761432463813,0.31540761432463815
JWST,17630206349305.36,1.7,3.120579289660185,0.3120579289660185
JWST,17627616528389.562,1.7,3.1650046358424286,0.31650046358424294
JWST,17625027468234.832,1.7,3.186650429058606,0.3186650429058606
JWST,17622439168505.996,1.7,3.1712674145886433,0.3171267414588644
JWST,17619851628868.1,1.7,3.115521694791198,0.31155216947911984
JWST,17617264848986.37,1.7,3.1671400132278533,0.3167140013227853
JWST,17614678828526.242,1.7,3.2431801152225415,0.3243180115222542
JWST,17612093567153.332,1.7,3.1717874470665044,0.3171787447066505
JWST,17609509064533.465,1.7,3.156136860324168,0.3156136860324168
JWST,17606925320332.66,1.7,3.145413819301664,0.3145413819301664
JWST,17604342334217.125,1.7,3.1989581000400475,0.3198958100040048
JWST,17601760105853.273,1.7,3.2550814086466056,0.32550814086466057
JWST,17599178634907.71,1.7,3.178898669776909,0.3178898669776909
JWST,17596597921047.234,1.7,3.143125354923869,0.3143125354923869
JWST,17594017963938.84,1.7,3.1813747299133346,0.3181374729913335
JWST,17591438763249.723,1.7,3.2369356105828024,0.3236935610582803
JWST,17588860318647.268,1.7,3.1950623792728603,0.319506237927286
JWST,17586282629799.05,1.7,3.133386392798358,0.31333863927983585
JWST,17583705696372.852,1.7,3.138943819062944,0.31389438190629443
JWST,17581129518036.645,1.7,3.1936428637133463,0.3193642863713347
JWST,17578554094458.588,1.7,3.163450370274658,0.3163450370274658
JWST,17575979425307.045,1.7,3.1204795881270044,0.3120479588127005
JWST,17573405510250.57,1.7,3.1606561493478984,0.31606561493478985
JWST,17570832348957.912,1.7,3.143523277523877,0.3143523277523877
JWST,17568259941098.01,1.7,3.1319209695221533,0.31319209695221534
JWST,17565688286340.0,1.7,3.0757904309295374,0.3075790430929538
JWST,17563117384353.217,1.7,3.077677309530142,0.3077677309530142
JWST,17560547234807.178,1.7,3.099288927929871,0.3099288927929872
JWST,17557977837371.6,1.7,3.07563882482851,0.30756388248285105
JWST,17555409191716.395,1.7,3.0855644055754974,0.30855644055754977
JWST,17552841297511.668,1.7,3.0303007494941308,0.3030300749494131
JWST,17550274154427.709,1.7,3.0999021390380856,0.3099902139038086
JWST,17547707762135.012,1.7,3.1545787031028882,0.3154578703102888
JWST,17545142120304.26,1.7,3.1190220667851887,0.3119022066785189
JWST,17542577228606.318,1.7,3.0936466751525216,0.30936466751525216
JWST,17540013086712.26,1.7,3.087450500226732,0.3087450500226732
JWST,17537449694293.348,1.7,3.1229127954444333,0.31229127954444336
JWST,17534887051021.021,1.7,3.1143657342270044,0.3114365734227004
JWST,17532325156566.932,1.7,3.058435281589156,0.3058435281589156
JWST,17529764010602.912,1.7,3.0843135493563154,0.30843135493563156
JWST,17527203612800.992,1.7,3.1444259316353307,0.31444259316353307
JWST,17524643962833.385,1.7,3.1185731014014997,0.31185731014014995
JWST,17522085060372.5,1.7,3.081106530716306,0.3081106530716306
JWST,17519526905090.943,1.7,3.100816970537365,0.31008169705373656
JWST,17516969496661.502,1.7,3.13274595453468,0.31327459545346803
JWST,17514412834757.16,1.7,3.1532401222928814,0.3153240122292882
JWST,17511856919051.094,1.7,3.1655040251268254,0.31655040251268257
JWST,17509301749216.668,1.7,3.1155178881678744,0.31155178881678747
JWST,17506747324927.434,1.7,3.1331792945954375,0.3133179294595438
JWST,17504193645857.14,1.7,3.1774222379226202,0.3177422237922621
JWST,17501640711679.727,1.7,3.14222596681708,0.314222596681708
JWST,17499088522069.312,1.7,3.106501722876624,0.31065017228766245
JWST,17496537076700.217,1.7,3.1489396386472426,0.3148939638647243
JWST,17493986375246.947,1.7,3.1890235942015606,0.3189023594201561
JWST,17491436417384.201,1.7,3.1783078680853096,0.317830786808531
JWST,17488887202786.861,1.7,3.1185929960333865,0.3118592996033387
JWST,17486338731130.002,1.7,3.1389035933952667,0.31389035933952664
JWST,17483791002088.895,1.7,3.1618911864927526,0.3161891186492753
JWST,17481244015338.982,1.7,3.1751205817989687,0.31751205817989686
JWST,17478697770555.916,1.7,3.1323380899286883,0.31323380899286885
JWST,17476152267415.53,1.7,3.085298048159707,0.3085298048159707
JWST,17473607505593.834,1.7,3.1175839639475913,0.31175839639475916
JWST,17471063484767.045,1.7,3.168502874128116,0.31685028741281157
JWST,17468520204611.56,1.7,3.1262814719791465,0.31262814719791465
JWST,17465977664803.969,1.7,3.084881380624594,0.3084881380624594
JWST,17463435865021.037,1.7,3.1003605517424857,0.3100360551742486
JWST,17460894804939.734,1.7,3.2081332990725464,0.32081332990725464
JWST,17458354484237.213,1.7,3.2197850131095,0.32197850131095
JWST,17455814902590.803,1.7,3.135836930448015,0.31358369304480155
JWST,17453276059678.037,1.7,3.1440263004802325,0.31440263004802327
JWST,17450737955176.627,1.7,3.202413015500501,0.3202413015500501
JWST,17448200588764.479,1.7,3.220500699424351,0.32205006994243507
JWST,17445663960119.672,1.7,3.1491399440966976,0.3149139944096698
JWST,17443128068920.488,1.7,3.1548036400220782,0.31548036400220786
JWST,17440592914845.393,1.7,3.193722094664647,0.3193722094664647
JWST,17438058497573.03,1.7,3.216386149643057,0.32163861496430574
JWST,17435524816782.236,1.7,3.208501545091883,0.3208501545091883
JWST,17432991872152.037,1.7,3.1813023320213305,0.3181302332021331
JWST,17430459663361.645,1.7,3.203282268919461,0.3203282268919461
JWST,17427928190090.45,1.7,3.2189036627654803,0.32189036627654805
JWST,17425397452018.035,1.7,3.1915107261417,0.3191510726141701
JWST,17422867448824.174,1.7,3.156883779454968,0.31568837794549676
JWST,17420338180188.812,1.7,3.2125600012217146,0.3212560001221715
JWST,17417809645792.098,1.7,3.2115637148297704,0.32115637148297704
JWST,17415281845314.355,1.7,3.219517296840082,0.3219517296840082
JWST,17412754778436.09,1.7,3.166226723248399,0.3166226723248399
JWST,17410228444838.002,1.7,3.1666970684143307,0.3166697068414331
JWST,17407702844200.975,1.7,3.179241370554189,0.31792413705541894
JWST,17405177976206.076,1.7,3.205968238213512,0.32059682382135124
JWST,17402653840534.555,1.7,3.181889008659542,0.3181889008659542
JWST,17400130436867.848,1.7,3.1730802976493733,0.3173080297649374
JWST,17397607764887.582,1.7,3.1990469101951757,0.3199046910195176
JWST,17395085824275.557,1.7,3.2370238564420655,0.32370238564420656
JWST,17392564614713.766,1.7,3.2034659263598106,0.3203465926359811
JWST,17390044135884.385,1.7,3.188796727137057,0.3188796727137057
JWST,17387524387469.775,1.7,3.186576792710058,0.3186576792710058
JWST,17385005369152.477,1.7,3.2197086151745515,0.3219708615174552
JWST,17382487080615.215,1.7,3.1574371224012507,0.3157437122401251
JWST,17379969521540.908,1.7,3.12052013896383,0.31205201389638304
JWST,17377452691612.645,1.7,3.098673486935834,0.30986734869358346
JWST,17374936590513.705,1.7,3.160991268835896,0.3160991268835896
JWST,17372421217927.553,1.7,3.2035443200289158,0.3203544320028916
JWST,17369906573537.83,1.7,3.1071469415792587,0.31071469415792596
JWST,17367392657028.363,1.7,3.154526882916785,0.3154526882916785
JWST,17364879468083.17,1.7,3.142605347966106,0.3142605347966106
JWST,17362367006386.441,1.7,3.130094224022718,0.3130094224022718
JWST,17359855271622.553,1.7,3.1242799177099,0.31242799177099007
JWST,17357344263476.062,1.7,3.1161568051974777,0.31161568051974775
JWST,17354833981631.719,1.7,3.123486811795867,0.31234868117958675
JWST,17352324425774.438,1.7,3.1640727882653907,0.3164072788265391
JWST,17349815595589.33,1.7,3.1467675167995406,0.3146767516799541
JWST,17347307490761.684,1.7,3.0750973469537968,0.30750973469537973
JWST,17344800110976.973,1.7,3.0672669623173614,0.30672669623173615
JWST,17342293455920.844,1.7,3.185207318190161,0.31852073181901613
JWST,17339787525279.13,1.7,3.168634967828694,0.3168634967828694
JWST,17337282318737.857,1.7,3.125696944449736,0.3125696944449736
JWST,17334777835983.21,1.7,3.1124694229280654,0.3112469422928066
JWST,17332274076701.572,1.7,3.1355137741443015,0.3135513774144301
JWST,17329771040579.504,1.7,3.1755041562967357,0.3175504156296736
JWST,17327268727303.748,1.7,3.1549393370258354,0.3154939337025836
JWST,17324767136561.219,1.7,3.1088978327052867,0.31088978327052874
JWST,17322266268039.021,1.7,3.125057163277105,0.3125057163277105
JWST,17319766121424.445,1.7,3.144416644763201,0.31444166447632016
JWST,17317266696404.943,1.7,3.033943708702249,0.3033943708702249
JWST,17314767992668.164,1.7,3.1937966430101676,0.3193796643010168
JWST,17312270009901.936,1.7,3.1790115990815497,0.317901159908155
JWST,17309772747794.254,1.7,3.174740106455105,0.3174740106455105
JWST,17307276206033.307,1.7,3.248492298616481,0.32484922986164816
JWST,17304780384307.459,1.7,3.2273353995984246,0.3227335399598425
JWST,17302285282305.256,1.7,3.1537804161387526,0.3153780416138753
JWST,17299790899715.416,1.7,3.17382605356988,0.31738260535698803
JWST,17297297236226.846,1.7,3.230250466932293,0.32302504669322935
JWST,17294804291528.629,1.7,3.253622200834114,0.3253622200834114
JWST,17292312065310.02,1.7,3.164372633226292,0.3164372633226292
JWST,17289820557260.465,1.7,3.162392742299068,0.31623927422990683
JWST,17287329767069.58,1.7,3.2466053800112786,0.3246605380011279
JWST,17284839694427.168,1.7,3.2826053590398763,0.3282605359039877
JWST,17282350339023.201,1.7,3.244008503339682,0.3244008503339682
JWST,17279861700547.836,1.7,3.1821396246017972,0.31821396246017974
JWST,17277373778691.41,1.7,3.1993276444651544,0.31993276444651547
JWST,17274886573144.43,1.7,3.2493729604519714,0.32493729604519717
JWST,17272400083597.59,1.7,3.247239349563178,0.3247239349563178
JWST,17269914309741.756,1.7,3.203805127843425,0.32038051278434254
JWST,17267429251267.979,1.7,3.188590352523399,0.31885903525233994
JWST,17264944907867.477,1.7,3.2277822457242156,0.3227782245724216
JWST,17262461279231.654,1.7,3.2233102149087944,0.32233102149087944
JWST,17259978365052.096,1.7,3.1363879900848004,0.31363879900848
JWST,17257496165020.549,1.7,3.144560718089882,0.3144560718089882
JWST,17255014678828.953,1.7,3.140385529456466,0.31403855294564664
JWST,17252533906169.422,1.7,3.166646603030071,0.3166646603030071
JWST,17250053846734.238,1.7,3.1564845389488876,0.3156484538948888
JWST,17247574500215.87,1.7,3.116464741054821,0.31164647410548213
JWST,17245095866306.957,1.7,3.1348445561598663,0.31348445561598665
JWST,17242617944700.326,1.7,3.1233670069579444,0.3123367006957945
JWST,17240140735088.96,1.7,3.1035454755627154,0.31035454755627156
JWST,17237664237166.04,1.7,3.115001363350562,0.31150013633505624
JWST,17235188450624.912,1.7,3.1225418434137944,0.31225418434137947
JWST,17232713375159.096,1.7,3.1463212516306682,0.3146321251630669
JWST,17230239010462.295,1.7,3.161513493347596,0.3161513493347596
JWST,17227765356228.385,1.7,3.101168967310187,0.3101168967310187
JWST,17225292412151.42,1.7,3.07256678145868,0.30725667814586805
JWST,17222820177925.623,1.7,3.1610441201110073,0.31610441201110073
JWST,17220348653245.396,1.7,3.160902609020074,0.3160902609020074
JWST,17217877837805.326,1.7,3.2086847473554982,0.32086847473554986
JWST,17215407731300.158,1.7,3.1469652585591734,0.31469652585591734
JWST,17212938333424.822,1.7,3.1822865524106794,0.31822865524106797
JWST,17210469643874.426,1.7,3.23739768308019,0.32373976830801904
JWST,17208001662344.242,1.7,3.2447750415491377,0.3244775041549138
JWST,17205534388529.729,1.7,3.2365584578837927,0.3236558457883793
JWST,17203067822126.512,1.7,3.156334934419014,0.3156334934419014
JWST,17200601962830.396,1.7,3.2363050827697575,0.3236305082769758
JWST,17198136810337.355,1.7,3.2737367766596193,0.327373677665962
JWST,17195672364343.541,1.7,3.246966132242345,0.32469661322423454
JWST,17193208624545.283,1.7,3.204338555032562,0.3204338555032562
JWST,17190745590639.074,1.7,3.1894170089951945,0.31894170089951945
JWST,17188283262321.59,1.7,3.2411613627834206,0.3241161362783421
JWST,17185821639289.68,1.7,3.23265831546311,0.32326583154631106
JWST,17183360721240.363,1.7,3.177649520747779,0.3177649520747779
JWST,17180900507870.832,1.7,3.1454625118641,0.31454625118641
JWST,17178440998878.455,1.7,3.209257738218358,0.32092577382183585
JWST,17175982193960.777,1.7,3.260922795483641,0.3260922795483641
JWST,17173524092815.504,1.7,3.1932836579867447,0.31932836579867446
JWST,17171066695140.527,1.7,3.123431689675287,0.31234316896752873
JWST,17168610000633.906,1.7,3.164736775758676,0.3164736775758676
JWST,17166154008993.877,1.7,3.206292822428884,0.3206292822428884
JWST,17163698719918.84,1.7,3.1192497728611954,0.31192497728611956
JWST,17161244133107.371,1.7,3.076045316372268,0.30760453163722684
JWST,17158790248258.23,1.7,3.097448364474856,0.30974483644748557
JWST,17156337065070.328,1.7,3.17956321192598,0.317956321192598
JWST,17153884583242.768,1.7,3.1694610513373056,0.3169461051337306
JWST,17151432802474.812,1.7,3.1316247221708116,0.31316247221708116
JWST,17148981722465.9,1.7,3.1067851154301915,0.3106785115430192
JWST,17146531342915.643,1.7,3.143128162958107,0.3143128162958107
JWST,17144081663523.818,1.7,3.144265370448065,0.31442653704480655
JWST,17141632683990.39,1.7,3.114869513190532,0.3114869513190532
JWST,17139184404015.473,1.7,3.0869415241295313,0.3086941524129531
JWST,17136736823299.365,1.7,3.1178925452098567,0.3117892545209857
JWST,17134289941542.541,1.7,3.1532686594802986,0.3153268659480299
JWST,17131843758445.629,1.7,3.155882655373015,0.3155882655373015
JWST,17129398273709.445,1.7,3.1447298913990016,0.3144729891399002
JWST,17126953487034.967,1.7,3.1372614150774836,0.31372614150774836
JWST,17124509398123.348,1.7,3.16821284537862,0.316821284537862
JWST,17122066006675.906,1.7,3.217054462612756,0.3217054462612757
JWST,17119623312394.135,1.7,3.194007290651189,0.31940072906511896
JWST,17117181314979.701,1.7,3.205825962891801,0.3205825962891801
JWST,17114740014134.428,1.7,3.194538200644697,0.3194538200644697
JWST,17112299409560.324,1.7,3.1816070026471968,0.3181607002647197
JWST,17109859500959.559,1.7,3.1499341772429874,0.3149934177242988
JWST,17107420288034.48,1.7,3.280371218053856,0.32803712180538563
JWST,17104981770487.594,1.7,3.2356022873542725,0.3235602287354273
JWST,17102543948021.584,1.7,3.2043104454087743,0.32043104454087745
JWST,17100106820339.305,1.7,3.117132320452994,0.31171323204529944
JWST,17097670387143.77,1.7,3.2609572417547428,0.3260957241754743
JWST,17095234648138.172,1.7,3.2400933390795594,0.324009333907956
JWST,17092799603025.873,1.7,3.1919101256537616,0.3191910125653762
JWST,17090365251510.396,1.7,3.225781983041348,0.3225781983041348
JWST,17087931593295.44,1.7,3.2269760320094703,0.32269760320094704
JWST,17085498628084.87,1.7,3.1884199882065984,0.31884199882065983
JWST,17083066355582.723,1.7,3.1990841055884114,0.31990841055884117
JWST,17080634775493.195,1.7,3.188592192069321,0.3188592192069321
JWST,17078203887520.66,1.7,3.2489781031060265,0.32489781031060266
JWST,17075773691369.662,1.7,3.1795904397844006,0.3179590439784401
JWST,17073344186744.9,1.7,3.1160609944331217,0.3116060994433122
JWST,17070915373351.254,1.7,3.145552408924937,0.3145552408924937
JWST,17068487250893.768,1.7,3.120198763362807,0.3120198763362807
JWST,17066059819077.652,1.7,3.1197418438965134,0.31197418438965135
JWST,17063633077608.283,1.7,3.1112823055744094,0.31112823055744093
JWST,17061207026191.207,1.7,3.1067009076078183,0.31067009076078184
JWST,17058781664532.145,1.7,3.1330466193189466,0.3133046619318947
JWST,17056356992336.969,1.7,3.166031700850006,0.3166031700850006
JWST,17053933009311.729,1.7,3.1035799017008,0.31035799017008
JWST,17051509715162.646,1.7,3.093945446914194,0.3093945446914194
JWST,17049087109596.096,1.7,3.147113966499982,0.3147113966499982
JWST,17046665192318.629,1.7,3.181918245646315,0.3181918245646315
JWST,17044243963036.963,1.7,3.142800273644016,0.31428002736440164
JWST,17041823421457.982,1.7,3.1014503727945146,0.3101450372794515
JWST,17039403567288.729,1.7,3.0877788811988056,0.3087778881198806
JWST,17036984400236.424,1.7,3.1512399681938943,0.3151239968193894
JWST,17034565920008.451,1.7,3.2121532072222623,0.3212153207222262
JWST,17032148126312.35,1.7,3.2366089908724023,0.3236608990872402
JWST,17029731018855.838,1.7,3.2029643575438644,0.3202964357543865
JWST,17027314597346.797,1.7,3.1612176314099947,0.3161217631409995
JWST,17024898861493.273,1.7,3.234916911094441,0.3234916911094441
JWST,17022483811003.47,1.7,3.240672534852595,0.32406725348525955
JWST,17020069445585.771,1.7,3.231693555972588,0.32316935559725884
JWST,17017655764948.72,1.7,3.1883380034938424,0.3188338003493843
JWST,17015242768801.016,1.7,3.1935314194766247,0.3193531419476625
JWST,17012830456851.537,1.7,3.214891294394995,0.32148912943949953
JWST,17010418828809.318,1.7,3.216997469377266,0.3216997469377266
JWST,17008007884383.566,1.7,3.2083979383581767,0.32083979383581773
JWST,17005597623283.645,1.7,3.1185284649556912,0.3118528464955691
JWST,17003188045219.084,1.7,3.1789930882100115,0.3178993088210012
JWST,17000779149899.588,1.7,3.184587911711048,0.31845879117110487
JWST,16998370937035.01,1.7,3.1428528179169937,0.3142852817916994
JWST,16995963406335.379,1.7,3.1435914012134694,0.31435914012134697
JWST,16993556557510.887,1.7,3.164517857755336,0.3164517857755336
JWST,16991150390271.883,1.7,3.1563771291227467,0.3156377129122747
JWST,16988744904328.887,1.7,3.1424623822155913,0.31424623822155917
JWST,16986340099392.582,1.7,3.1278114931559746,0.3127811493155975
JWST,16983935975173.814,1.7,3.1125356565074345,0.31125356565074347
JWST,16981532531383.59,1.7,3.1509650615830185,0.3150965061583018
JWST,16979129767733.084,1.7,3.198457597481284,0.3198457597481284
JWST,16976727683933.637,1.7,3.1396510583742603,0.31396510583742604
JWST,16974326279696.738,1.7,3.1581173843038814,0.3158117384303882
JWST,16971925554734.059,1.7,3.184744859765204,0.31847448597652045
JWST,16969525508757.42,1.7,3.201419150996755,0.32014191509967554
JWST,16967126141478.818,1.7,3.190190813357404,0.3190190813357404
JWST,16964727452610.396,1.7,3.150464558616571,0.31504645586165714
JWST,16962329441864.475,1.7,3.1286448291869995,0.31286448291869995
JWST,16959932108953.53,1.7,3.1690594567730055,0.31690594567730057
JWST,16957535453590.197,1.7,3.181108857841547,0.31811088578415475
JWST,16955139475487.283,1.7,3.134703097638661,0.31347030976386614
JWST,16952744174357.754,1.7,3.1031283048965013,0.31031283048965014
JWST,16950349549914.73,1.7,3.12595632294164,0.31259563229416404
JWST,16947955601871.504,1.7,3.1230038914223157,0.3123003891422316
JWST,16946279561123.7,1.7,3.215379658435092,0.32153796584350924
JWST,16940537979223.557,1.7,3.1509231564247338,0.3150923156424734
JWST,16934800286625.16,1.7,3.141101225724003,0.31411012257240034
JWST,16929066479377.973,1.7,2.894987566749858,0.28949875667498587
JWST,16923336553536.812,1.7,3.1541407510123167,0.31541407510123165
JWST,16917610505161.83,1.7,3.168394848626065,0.3168394848626065
JWST,16911888330318.51,1.7,3.19011621943739,0.31901162194373905
JWST,16906170025077.652,1.7,3.203454363570948,0.32034543635709484
JWST,16900455585515.38,1.7,3.186845733312169,0.3186845733312169
JWST,16894745007713.115,1.7,3.228696795894627,0.3228696795894627
JWST,16889038287757.564,1.7,3.16624580545222,0.3166245805452221
JWST,16883335421740.738,1.7,3.1802837505267467,0.31802837505267467
JWST,16877636405759.908,1.7,3.238107642774657,0.32381076427746575
JWST,16871941235917.621,1.7,3.1867590354103847,0.3186759035410385
JWST,16866249908321.678,1.7,3.228187312159674,0.32281873121596744
JWST,16860562419085.139,1.7,3.172266948199164,0.31722669481991644
JWST,16854878764326.295,1.7,3.193465773794819,0.3193465773794819
JWST,16849198940168.67,1.7,3.1908586538014276,0.3190858653801428
JWST,16843522942741.021,1.7,3.171591979381237,0.3171591979381237
JWST,16837850768177.314,1.7,3.1384501124461566,0.31384501124461567
JWST,16832182412616.715,1.7,3.0968297580404944,0.3096829758040495
JWST,16826517872203.594,1.7,3.0527318335646476,0.3052731833564648
JWST,16820857143087.51,1.7,3.171348046074737,0.31713480460747373
JWST,16815200221423.2,1.7,3.126374474628484,0.3126374474628484
JWST,16809547103370.566,1.7,3.1554147665556527,0.31554147665556526
JWST,16803897785094.686,1.7,3.196677586718824,0.3196677586718824
JWST,16798252262765.78,1.7,3.20624691063959,0.320624691063959
JWST,16792610532559.215,1.7,3.1087563869704766,0.31087563869704765
JWST,16786972590655.492,1.7,3.096475432359224,0.30964754323592236
JWST,16781338433240.252,1.7,3.145636172255266,0.3145636172255266
JWST,16775708056504.244,1.7,3.1469058513327295,0.31469058513327297
JWST,16770081456643.328,1.7,3.170303577841949,0.3170303577841949
JWST,16764458629858.465,1.7,3.1550901833472618,0.3155090183347262
JWST,16758839572355.719,1.7,3.182360368582934,0.31823603685829344
JWST,16753224280346.229,1.7,3.116578261416705,0.3116578261416705
JWST,16747612750046.21,1.7,3.192402385011199,0.3192402385011199
JWST,16742004977676.959,1.7,3.2046975076641897,0.320469750766419
JWST,16736400959464.812,1.7,3.2827519327885186,0.3282751932788519
JWST,16730800691641.17,1.7,3.1911082055719393,0.319110820557194
JWST,16725204170442.467,1.7,3.2163156258333205,0.32163156258333203
JWST,16719611392110.184,1.7,3.209244971322674,0.3209244971322674
JWST,16714022352890.814,1.7,3.1668504895237706,0.3166850489523771
JWST,16708437049035.873,1.7,3.295281138154989,0.3295281138154989
JWST,16702855476801.893,1.7,3.2099520785928863,0.32099520785928864
JWST,16697277632450.39,1.7,3.3154934568472503,0.33154934568472505
JWST,16691703512247.889,1.7,3.414159883813622,0.3414159883813622
JWST,16686133112465.883,1.7,3.43397953216964,0.343397953216964
JWST,16680566429380.857,1.7,3.36090198436278,0.336090198436278
JWST,16675003459274.252,1.7,3.380301027175876,0.3380301027175876
JWST,16669444198432.469,1.7,3.4490641216023814,0.34490641216023815
JWST,16663888643146.86,1.7,3.3997473287255473,0.33997473287255475
JWST,16658336789713.725,1.7,3.4299481175506883,0.3429948117550688
JWST,16652788634434.293,1.7,3.420775101564538,0.3420775101564538
JWST,16647244173614.715,1.7,3.4738648010477013,0.34738648010477013
JWST,16641703403566.072,1.7,3.4148970477905647,0.34148970477905644
JWST,16636166320604.346,1.7,3.578342529032366,0.3578342529032366
JWST,16630632921050.418,1.7,3.5140866571920166,0.35140866571920165
JWST,16625103201230.064,1.7,3.473268989940043,0.3473268989940043
JWST,16619577157473.955,1.7,3.5471244891075626,0.35471244891075626
JWST,16614054786117.627,1.7,3.4297270212326167,0.3429727021232617
JWST,16608536083501.482,1.7,3.2818481064861635,0.3281848106486164
JWST,16603021045970.803,1.7,3.2914655231746237,0.32914655231746237
JWST,16597509669875.703,1.7,3.2347137046145793,0.32347137046145796
JWST,16592001951571.154,1.7,3.103705280113596,0.3103705280113596
JWST,16586497887416.953,1.7,3.1886637659165196,0.31886637659165196
JWST,16580997473777.74,1.7,3.208829983850866,0.3208829983850866
JWST,16575500707022.967,1.7,3.248605091382591,0.3248605091382591
JWST,16570007583526.895,1.7,3.2154062840975697,0.321540628409757
JWST,16564518099668.6,1.7,3.1036976623069292,0.31036976623069296
JWST,16559032251831.945,1.7,3.160583013859653,0.31605830138596536
JWST,16553550036405.59,1.7,3.1475756681682374,0.31475756681682376
JWST,16548071449782.967,1.7,3.1237783377476678,0.31237783377476674
JWST,16542596488362.29,1.7,3.175178184321084,0.3175178184321084
JWST,16537125148546.533,1.7,3.119977524883461,0.31199775248834616
JWST,16531657426743.428,1.7,3.145909528415957,0.3145909528415958
JWST,16526193319365.451,1.7,3.1820434008688574,0.31820434008688575
JWST,16520732822829.834,1.7,3.077401466584664,0.3077401466584664
JWST,16515275933558.53,1.7,3.1236305374139546,0.3123630537413955
JWST,16509822647978.217,1.7,3.1388060689926474,0.3138806068992648
JWST,16504372962520.3,1.7,3.096515273929103,0.30965152739291035
JWST,16498926873620.89,1.7,3.25263782143149,0.325263782143149
JWST,16493484377720.799,1.7,3.2784855236371064,0.32784855236371063
JWST,16488045471265.53,1.7,3.1779469481559413,0.31779469481559414
JWST,16482610150705.285,1.7,3.205177388182949,0.32051773881829493
JWST,16477178412494.938,1.7,3.218639568095239,0.32186395680952395
JWST,16471750253094.025,1.7,3.169719195070184,0.3169719195070185
JWST,16466325668966.768,1.7,3.142629010536557,0.31426290105365573
JWST,16460904656582.025,1.7,3.176986679182041,0.31769866791820417
JWST,16455487212413.312,1.7,3.17847553893041,0.31784755389304103
JWST,16450073332938.783,1.7,3.1759139847652444,0.31759139847652446
JWST,16444663014641.229,1.7,3.1443938942209972,0.3144393894220997
JWST,16439256254008.062,1.7,3.1843617235607846,0.3184361723560785
JWST,16433853047531.312,1.7,3.1351297396894617,0.31351297396894623
JWST,16428453391707.627,1.7,3.1492005615053507,0.3149200561505351
JWST,16423057283038.248,1.7,3.1547285622343764,0.3154728562234376
JWST,16417664718029.016,1.7,3.1167679018033683,0.31167679018033684
JWST,16412275693190.357,1.7,3.0095149806521166,0.3009514980652117
JWST,16406890205037.287,1.7,3.1271569720063184,0.3127156972006318
JWST,16401508250089.38,1.7,3.0716217001712534,0.30716217001712537
JWST,16396129824870.787,1.7,3.0781738659485196,0.30781738659485197
JWST,16390754925910.207,1.7,3.1480592635371125,0.3148059263537113
JWST,16385383549740.902,1.7,3.11781628385037,0.311781628385037
JWST,16380015692900.664,1.7,3.1083912516567054,0.3108391251656705
JWST,16374651351931.824,1.7,3.1626347110020143,0.3162634711002015
JWST,16369290523381.25,1.7,3.225241995585998,0.32252419955859984
JWST,16363933203800.32,1.7,3.0848732059236355,0.30848732059236356
JWST,16358579389744.926,1.7,3.1420482369006044,0.3142048236900605
JWST,16353229077775.469,1.7,3.1835251931024264,0.31835251931024267
JWST,16347882264456.85,1.7,3.1338202605345815,0.31338202605345816
JWST,16342538946358.457,1.7,3.102867402976885,0.31028674029768855
JWST,16337199120054.16,1.7,3.1593509305938636,0.31593509305938633
JWST,16331862782122.318,1.7,3.1165709320736155,0.3116570932073615
JWST,16326529929145.742,1.7,3.084549729086322,0.3084549729086322
JWST,16321200557711.719,1.7,3.1550904202559593,0.315509042025596
JWST,16315874664411.975,1.7,3.217631367437439,0.3217631367437439
JWST,16310552245842.701,1.7,3.0388229942482896,0.30388229942482897
JWST,16305233298604.516,1.7,3.1195474432982913,0.31195474432982917
JWST,16299917819302.475,1.7,3.171166424665647,0.3171166424665647
JWST,16294605804546.06,1.7,3.149700764086673,0.31497007640866737
JWST,16289297250949.172,1.7,3.125924001356465,0.31259240013564654
JWST,16283992155130.117,1.7,3.1732968799901524,0.3173296879990153
JWST,16278690513711.611,1.7,3.1307584999218334,0.31307584999218335
JWST,16273392323320.768,1.7,3.123048952196322,0.31230489521963223
JWST,16268097580589.084,1.7,3.1482451210880495,0.314824512108805
JWST,16262806282152.445,1.7,3.2116496261922705,0.32116496261922706
JWST,16257518424651.107,1.7,3.098737961899016,0.30987379618990163
JWST,16252234004729.701,1.7,3.1204199202295477,0.3120419920229548
JWST,16246953019037.213,1.7,3.098351403295711,0.3098351403295711
JWST,16241675464226.982,1.7,3.101189498431412,0.3101189498431412
JWST,16236401336956.701,1.7,2.847412581067126,0.2847412581067126
JWST,16231130633888.4,1.7,3.131357589399457,0.3131357589399457
JWST,16225863351688.44,1.7,2.9966687579405904,0.29966687579405904
JWST,16220599487027.502,1.7,2.9177317106254983,0.29177317106254985
JWST,16215339036580.602,1.7,2.9455944092087876,0.29455944092087877
JWST,16210081997027.057,1.7,3.0728963315964535,0.30728963315964536
JWST,16204828365050.482,1.7,2.99737917747347,0.29973791774734704
JWST,16199578137338.81,1.7,3.02692145366472,0.30269214536647204
JWST,16194331310584.25,1.7,3.0467183672901994,0.30467183672902
JWST,16189087881483.295,1.7,3.1369684618346607,0.3136968461834661
JWST,16183847846736.717,1.7,3.1323281598739414,0.31323281598739416
JWST,16178611203049.564,1.7,3.0830745874781003,0.30830745874781007
JWST,16173377947131.145,1.7,3.1846193094903166,0.31846193094903164
JWST,16168148075695.016,1.7,3.2017263456493232,0.3201726345649323
JWST,16162921585458.994,1.7,3.200473432569592,0.3200473432569592
JWST,16157698473145.135,1.7,3.163560841597285,0.31635608415972855
JWST,16152478735479.729,1.7,3.201908794815822,0.32019087948158226
JWST,16147262369193.293,1.7,3.0807110332977445,0.3080711033297745
JWST,16142049371020.572,1.7,3.183242647866397,0.3183242647866397
JWST,16136839737700.525,1.7,3.1415280371065815,0.3141528037106581
JWST,16131633465976.316,1.7,3.169734416402602,0.3169734416402602
JWST,16126430552595.309,1.7,3.095591084940798,0.30955910849407986
JWST,16121230994309.072,1.7,3.148539839106587,0.3148539839106587
JWST,16116034787873.354,1.7,3.1346738005988413,0.31346738005988417
JWST,16110841930048.08,1.7,3.0767690472788165,0.3076769047278816
JWST,16105652417597.37,1.7,3.154715455166567,0.31547154551665674
JWST,16100466247289.488,1.7,3.118851968763482,0.3118851968763482
JWST,16095283415896.873,1.7,3.130167755638371,0.31301677556383717
JWST,16090103920196.113,1.7,3.1602654149641953,0.31602654149641957
JWST,16084927756967.951,1.7,3.137576133841996,0.3137576133841996
JWST,16079754922997.266,1.7,3.1597239609005476,0.3159723960900548
JWST,16074585415073.064,1.7,3.100545652138764,0.3100545652138764
JWST,16069419229988.498,1.7,3.1416552682275958,0.3141655268227596
JWST,16064256364540.826,1.7,3.1822331656440364,0.31822331656440367
JWST,16059096815531.424,1.7,3.1531831250982925,0.3153183125098293
JWST,16053940579765.777,1.7,3.1997903783732426,0.3199790378373243
JWST,16048787654053.479,1.7,3.172611331576036,0.3172611331576036
JWST,16043638035208.205,1.7,3.223197562039301,0.32231975620393016
JWST,16038491720047.73,1.7,3.25411293977992,0.325411293977992
JWST,16033348705393.9,1.7,3.3141609224339548,0.3314160922433955
JWST,16028208988072.652,1.7,3.2430438021348107,0.32430438021348107
JWST,16023072564913.975,1.7,3.346379598366793,0.3346379598366793
JWST,16017939432751.926,1.7,3.4196821342409254,0.34196821342409256
JWST,16012809588424.625,1.7,3.462120768990405,0.3462120768990405
JWST,16007683028774.232,1.7,3.434640860193634,0.34346408601936346
JWST,16002559750646.951,1.7,3.757286679249978,0.3757286679249979
JWST,15997439750893.023,1.7,4.024505483553931,0.40245054835539307
JWST,15992323026366.727,1.7,4.900137752099891,0.49001377520998907
JWST,15987209573926.35,1.7,5.793775648614239,0.579377564861424
JWST,15982099390434.205,1.7,5.724497088076775,0.5724497088076774
JWST,15976992472756.62,1.7,5.401974309429917,0.5401974309429918
JWST,15971888817763.914,1.7,5.257123801712275,0.5257123801712276
JWST,15966788422330.416,1.7,5.249954674522269,0.5249954674522269
JWST,15961691283334.438,1.7,5.001135713107288,0.5001135713107289
JWST,15956597397658.281,1.7,4.877054218265867,0.4877054218265867
JWST,15951506762188.229,1.7,4.673292272285349,0.46732922722853487
JWST,15946419373814.523,1.7,4.707613516012562,0.47076135160125626
JWST,15941335229431.389,1.7,4.563883538731847,0.45638835387318477
JWST,15936254325937.0,1.7,4.133717177426366,0.41337171774263665
JWST,15931176660233.486,1.7,4.026033559803902,0.40260335598039027
JWST,15926102229226.92,1.7,3.8347574261313393,0.38347574261313394
JWST,15921031029827.326,1.7,3.682722571129437,0.36827225711294376
JWST,15915963058948.652,1.7,3.3982923883266,0.33982923883266003
JWST,15910898313508.777,1.7,3.3593770958366354,0.33593770958366354
JWST,15905836790429.504,1.7,3.2366282195542833,0.32366282195542834
JWST,15900778486636.553,1.7,3.175403899837656,0.31754038998376566
JWST,15895723399059.547,1.7,3.1196936982711776,0.31196936982711776
JWST,15890671524632.014,1.7,3.2620068157246798,0.326200681572468
JWST,15885622860291.389,1.7,3.207840185833311,0.3207840185833311
JWST,15880577402978.984,1.7,3.238235735710633,0.3238235735710633
JWST,15875535149640.006,1.7,3.1079215392139856,0.3107921539213986
JWST,15870496097223.527,1.7,3.0987475120256542,0.30987475120256547
JWST,15865460242682.514,1.7,3.1748070392901093,0.31748070392901095
JWST,15860427582973.775,1.7,3.107976494543129,0.31079764945431293
JWST,15855398115057.994,1.7,3.0235206790874294,0.30235206790874297
JWST,15850371835899.707,1.7,3.067465935491213,0.30674659354912126
JWST,15845348742467.293,1.7,3.153280344075152,0.3153280344075152
JWST,15840328831732.975,1.7,3.092234700394775,0.30922347003947753
JWST,15835312100672.81,1.7,3.0976527307749144,0.30976527307749147
JWST,15830298546266.693,1.7,2.993171597052009,0.29931715970520095
JWST,15825288165498.33,1.7,3.189515784248702,0.3189515784248702
JWST,15820280955355.252,1.7,3.087776543110211,0.30877765431102105
JWST,15815276912828.8,1.7,3.1515881784817195,0.31515881784817196
JWST,15810276034914.125,1.7,3.0924399051263327,0.3092439905126333
JWST,15805278318610.166,1.7,3.137515690487345,0.3137515690487345
JWST,15800283760919.662,1.7,3.148785744097116,0.3148785744097117
JWST,15795292358849.146,1.7,3.1848065416428044,0.3184806541642805
JWST,15790304109408.922,1.7,3.1447803998171997,0.31447803998171997
JWST,15785319009613.074,1.7,3.0322026211085857,0.30322026211085856
JWST,15780337056479.453,1.7,3.166340664639175,0.3166340664639175
JWST,15775358247029.68,1.7,3.175005172098259,0.3175005172098259
JWST,15770382578289.125,1.7,3.1745265087803816,0.3174526508780382
JWST,15765410047286.914,1.7,3.1184220713967825,0.31184220713967825
JWST,15760440651055.922,1.7,3.1572979157162457,0.3157297915716246
JWST,15755474386632.76,1.7,3.13895546418733,0.313895546418733
JWST,15750511251057.771,1.7,3.1246968631498215,0.3124696863149822
JWST,15745551241375.027,1.7,3.1072408859898353,0.31072408859898354
JWST,15740594354632.33,1.7,3.1209824427847597,0.312098244278476
JWST,15735640587881.188,1.7,3.200215863400551,0.3200215863400551
JWST,15730689938176.822,1.7,3.0871958376306483,0.30871958376306485
JWST,15725742402578.166,1.7,3.1087909051926945,0.3108790905192695
JWST,15720797978147.842,1.7,3.068976361829439,0.3068976361829439
JWST,15715856661952.168,1.7,3.121720590842176,0.3121720590842176
JWST,15710918451061.152,1.7,3.151682764636514,0.3151682764636514
JWST,15705983342548.484,1.7,3.098586127607016,0.30985861276070165
JWST,15701051333491.53,1.7,3.054697540757489,0.3054697540757489
JWST,15696122420971.314,1.7,3.062068837612193,0.30620688376121935
JWST,15691196602072.545,1.7,3.0952712997416216,0.30952712997416215
JWST,15686273873883.574,1.7,2.9873556574352147,0.29873556574352145
JWST,15681354233496.412,1.7,3.02393578396067,0.302393578396067
JWST,15676437678006.71,1.7,3.0064223109607133,0.30064223109607136
JWST,15671524204513.773,1.7,3.051517866320467,0.30515178663204673
JWST,15666613810120.53,1.7,3.0976152853175694,0.309761528531757
JWST,15661706491933.543,1.7,3.1269793813073146,0.3126979381307315
JWST,15656802247062.996,1.7,3.075476153673081,0.3075476153673081
JWST,15651901072622.701,1.7,3.091932345470054,0.3091932345470054
JWST,15647002965730.072,1.7,3.124673552215208,0.3124673552215208
JWST,15642107923506.135,1.7,3.011936172506416,0.30119361725064164
JWST,15637215943075.518,1.7,3.141067746952286,0.3141067746952286
JWST,15632327021566.441,1.7,3.0588716253436625,0.30588716253436626
JWST,15627441156110.72,1.7,3.2253661243328926,0.3225366124332893
JWST,15622558343843.748,1.7,3.1868095050818392,0.31868095050818396
JWST,15617678581904.51,1.7,3.168006440997918,0.31680064409979175
JWST,15612801867435.549,1.7,3.1095327391435386,0.31095327391435384
JWST,15607928197582.982,1.7,3.0644220234869795,0.30644220234869796
JWST,15603057569496.496,1.7,3.128048464600855,0.3128048464600855
JWST,15598189980329.326,1.7,3.094908553614335,0.30949085536143356
JWST,15593325427238.26,1.7,3.1692868159966254,0.31692868159966253
JWST,15588463907383.627,1.7,3.0413864821232584,0.30413864821232584
JWST,15583605417929.31,1.7,2.999386501537728,0.29993865015377286
JWST,15578749956042.715,1.7,2.950376280848821,0.2950376280848821
JWST,15573897518894.775,1.7,3.0749231023489245,0.3074923102348925
JWST,15569048103659.96,1.7,3.0500048530019663,0.30500048530019663
JWST,15564201707516.248,1.7,3.1487410154012254,0.3148741015401226
JWST,15559358327645.129,1.7,3.0620782483846583,0.30620782483846587
JWST,15554517961231.6,1.7,3.1047020986172895,0.31047020986172896
JWST,15549680605464.172,1.7,3.1149366664099603,0.31149366664099604
JWST,15544846257534.836,1.7,2.9544428361339206,0.2954442836133921
JWST,15540014914639.084,1.7,3.0583127371274,0.30583127371274
JWST,15535186573975.887,1.7,3.13806886239685,0.313806886239685
JWST,15530361232747.705,1.7,3.213035402215997,0.32130354022159974
JWST,15525538888160.463,1.7,3.1292197261997314,0.3129219726199731
JWST,15520719537423.56,1.7,3.149707883608235,0.3149707883608235
JWST,15515903177749.861,1.7,3.149332288910831,0.31493322889108316
JWST,15511089806355.688,1.7,3.1987306011935543,0.3198730601193555
JWST,15506279420460.81,1.7,3.17935115135012,0.31793511513501205
JWST,15501472017288.45,1.7,3.086617595537281,0.30866175955372815
JWST,15496667594065.277,1.7,3.268533630555895,0.32685336305558954
JWST,15491866148021.389,1.7,3.136615740513502,0.31366157405135026
JWST,15487067676390.316,1.7,3.2005190694344026,0.32005190694344027
JWST,15482272176409.027,1.7,3.225184401286197,0.32251844012861974
JWST,15477479645317.896,1.7,3.206387353045557,0.3206387353045557
JWST,15472690080360.723,1.7,3.031490865683094,0.30314908656830936
JWST,15467903478784.71,1.7,3.053941431480448,0.3053941431480448
JWST,15463119837840.479,1.7,3.1790725507000603,0.31790725507000606
JWST,15458339154782.037,1.7,3.257098130472629,0.32570981304726293
JWST,15453561426866.791,1.7,3.132156439224804,0.3132156439224804
JWST,15448786651355.541,1.7,3.144335745545842,0.3144335745545842
JWST,15444014825512.469,1.7,3.02348264048033,0.302348264048033
JWST,15439245946605.135,1.7,3.1489370142786006,0.3148937014278601
JWST,15434480011904.47,1.7,3.1541086259647213,0.31541086259647216
JWST,15429717018684.785,1.7,3.108622577909709,0.3108622577909709
JWST,15424956964223.742,1.7,3.0185601846957244,0.30185601846957244
JWST,15420199845802.367,1.7,3.13592850370978,0.31359285037097806
JWST,15415445660705.037,1.7,3.0409962201946112,0.3040996220194611
JWST,15410694406219.482,1.7,3.195961020825347,0.3195961020825347
JWST,15405946079636.77,1.7,3.1771622614687827,0.3177162261468783
JWST,15401200678251.303,1.7,3.1723960759364997,0.31723960759365
JWST,15396458199360.826,1.7,3.0999033242091554,0.3099903324209155
JWST,15391718640266.406,1.7,2.9622295621510832,0.29622295621510836
JWST,15386981998272.43,1.7,3.1237073580490446,0.31237073580490443
JWST,15382248270686.6,1.7,3.0360720880555463,0.3036072088055547
JWST,15377517454819.941,1.7,3.098550676976623,0.3098550676976623
JWST,15372789547986.777,1.7,3.167087141993111,0.3167087141993111
JWST,15368064547504.73,1.7,3.1141614313984176,0.3114161431398418
JWST,15363342450694.73,1.7,3.127893304446004,0.31278933044460044
JWST,15358623254880.992,1.7,3.1017864999506592,0.31017864999506595
JWST,15353906957391.016,1.7,3.113713263167495,0.3113713263167495
JWST,15349193555555.584,1.7,3.189663978606662,0.3189663978606662
JWST,15344483046708.762,1.7,3.04908295276521,0.304908295276521
JWST,15339775428187.879,1.7,2.7720642832772993,0.27720642832772996
JWST,15335070697333.535,1.7,2.824098147277624,0.28240981472776244
JWST,15330368851489.588,1.7,3.05291471807194,0.305291471807194
JWST,15325669888003.158,1.7,3.06273559621146,0.306273559621146
JWST,15320973804224.613,1.7,3.2262953514407395,0.322629535144074
JWST,15316280597507.564,1.7,3.048175115370331,0.3048175115370332
JWST,15311590265208.875,1.7,2.9934404530392227,0.29934404530392233
JWST,15306902804688.637,1.7,3.0226738446185752,0.3022673844618575
JWST,15302218213310.172,1.7,3.093828565272128,0.3093828565272128
JWST,15297536488440.031,1.7,3.202312108047717,0.32023121080477174
JWST,15292857627447.992,1.7,3.1169009533471526,0.3116900953347153
JWST,15288181627707.047,1.7,3.21300481447715,0.321300481447715
JWST,15283508486593.39,1.7,3.1191110547568455,0.31191110547568457
JWST,15278838201486.441,1.7,3.1112874234752153,0.3111287423475215
JWST,15274170769768.809,1.7,3.156679837589575,0.31566798375895755
JWST,15269506188826.299,1.7,3.0056157452708736,0.30056157452708737
JWST,15264844456047.914,1.7,3.130755095597833,0.3130755095597833
JWST,15260185568825.848,1.7,3.1133134476888262,0.3113313447688827
JWST,15255529524555.467,1.7,3.1828928510230883,0.31828928510230886
JWST,15250876320635.322,1.7,3.1477173048920215,0.31477173048920215
JWST,15246225954467.14,1.7,3.1347745325249194,0.313477453252492
JWST,15241578423455.809,1.7,3.1344949371149147,0.3134494937114915
JWST,15236933725009.38,1.7,3.1358212208903233,0.31358212208903236
JWST,15232291856539.068,1.7,3.214553346886244,0.32145533468862447
JWST,15227652815459.242,1.7,3.161489430919497,0.31614894309194974
JWST,15223016599187.416,1.7,3.2206181352516494,0.32206181352516494
JWST,15218383205144.248,1.7,3.1862108488198806,0.3186210848819881
JWST,15213752630753.533,1.7,3.0798545906326464,0.3079854590632647
JWST,15209124873442.213,1.7,3.1424923576175723,0.31424923576175723
JWST,15204499930640.344,1.7,3.098022940024659,0.3098022940024659
JWST,15199877799781.115,1.7,3.0831377715804646,0.3083137771580465
JWST,15195258478300.838,1.7,3.13682362217801,0.31368236221780105
JWST,15190641963638.934,1.7,3.060336082568271,0.3060336082568271
JWST,15186028253237.938,1.7,3.0892607051275025,0.3089260705127503
JWST,15181417344543.488,1.7,3.0833018045475065,0.3083301804547507
JWST,15176809235004.33,1.7,3.091348708164305,0.30913487081643054
JWST,15172203922072.303,1.7,2.9492394156528263,0.2949239415652827
JWST,15167601403202.332,1.7,2.9896143655468506,0.2989614365546851
JWST,15163001675852.441,1.7,3.1024578504724034,0.3102457850472404
JWST,15158404737483.73,1.7,2.954609963652055,0.2954609963652055
JWST,15153810585560.375,1.7,3.1177184954560113,0.31177184954560117
JWST,15149219217549.627,1.7,3.1911991489372915,0.31911991489372915
JWST,15144630630921.809,1.7,3.21995760093275,0.321995760093275
JWST,15140044823150.303,1.7,3.1090226264414396,0.310902262644144
JWST,15135461791711.553,1.7,3.1775432598112894,0.31775432598112896
JWST,15130881534085.059,1.7,3.154307074386984,0.3154307074386984
JWST,15126304047753.37,1.7,3.0085065103350437,0.3008506510335044
JWST,15121729330202.074,1.7,3.200447832083948,0.32004478320839486
JWST,15117157378919.81,1.7,3.2069782101606594,0.320697821016066
JWST,15112588191398.25,1.7,3.2604378766635747,0.32604378766635744
JWST,15108021765132.096,1.7,3.1981236782261098,0.31981236782261097
JWST,15103458097619.076,1.7,3.259382448764224,0.3259382448764224
JWST,15098897186359.94,1.7,3.184733741983076,0.31847337419830757
JWST,15094339028858.463,1.7,3.2246775537980907,0.3224677553798091
JWST,15089783622621.428,1.7,3.2032572651388893,0.32032572651388896
JWST,15085230965158.623,1.7,3.190691013442495,0.31906910134424954
JWST,15080681053982.85,1.7,3.237408995970625,0.32374089959706254
JWST,15076133886609.902,1.7,3.228394419182712,0.32283944191827124
JWST,15071589460558.574,1.7,3.301826435802265,0.33018264358022653
JWST,15067047773350.643,1.7,3.3165015100937008,0.3316501510093701
JWST,15062508822510.883,1.7,3.162360328192958,0.31623603281929585
JWST,15057972605567.045,1.7,3.200764066143191,0.3200764066143191
JWST,15053439120049.85,1.7,3.125546139586914,0.3125546139586914
JWST,15048908363493.008,1.7,3.27156387733435,0.32715638773343503
JWST,15044380333433.182,1.7,3.200887414750662,0.3200887414750662
JWST,15039855027410.006,1.7,3.2440888661080063,0.32440888661080064
JWST,15035332442966.068,1.7,3.2043688121401415,0.32043688121401415
JWST,15030812577646.924,1.7,3.1650315863476823,0.3165031586347683
JWST,15026295429001.068,1.7,3.1725846003845057,0.3172584600384506
JWST,15021780994579.938,1.7,3.180404911918781,0.3180404911918781
JWST,15017269271937.928,1.7,3.10113439250937,0.31011343925093704
JWST,15012760258632.355,1.7,3.1782417127829876,0.31782417127829876
JWST,15008253952223.479,1.7,3.1481862598540995,0.31481862598541
JWST,15003750350274.477,1.7,3.2043074682061246,0.32043074682061246
JWST,14999249450351.463,1.7,3.1609404124711187,0.3160940412471119
JWST,14994751250023.46,1.7,3.2029254630683455,0.32029254630683457
JWST,14990255746862.416,1.7,3.2331630571969887,0.3233163057196989
JWST,14985762938443.18,1.7,3.2461218988514644,0.32461218988514645
JWST,14981272822343.516,1.7,3.1903551550373486,0.3190355155037348
JWST,14976785396144.084,1.7,2.9937182146536085,0.2993718214653609
JWST,14972300657428.441,1.7,3.0939041461416323,0.3093904146141633
JWST,14967818603783.049,1.7,3.202184937493751,0.3202184937493751
JWST,14963339232797.246,1.7,3.197212897038569,0.3197212897038569
JWST,14958862542063.26,1.7,3.240653672213195,0.32406536722131957
JWST,14954388529176.197,1.7,3.138422581252615,0.31384225812526156
JWST,14949917191734.047,1.7,3.2398761416522497,0.323987614165225
JWST,14945448527337.664,1.7,3.2068138430716515,0.3206813843071652
JWST,14940982533590.77,1.7,3.1363058956698064,0.31363058956698064
JWST,14936519208099.957,1.7,3.22910395726094,0.322910395726094
JWST,14932058548474.668,1.7,3.0779678923144442,0.30779678923144443
JWST,14927600552327.207,1.7,3.1834802344159323,0.31834802344159324
JWST,14923145217272.723,1.7,3.1874926811883184,0.31874926811883186
JWST,14918692540929.215,1.7,3.2176306916844366,0.32176306916844366
JWST,14914242520917.527,1.7,3.183475750588465,0.31834757505884653
JWST,14909795154861.334,1.7,3.0967181072866,0.30967181072866
JWST,14905350440387.145,1.7,3.1336997885673323,0.3133699788567333
JWST,14900908375124.307,1.7,3.134064521327572,0.3134064521327572
JWST,14896468956704.984,1.7,3.209727307562462,0.3209727307562462
JWST,14892032182764.16,1.7,3.162047602275993,0.3162047602275993
JWST,14887598050939.645,1.7,3.1869302644793636,0.31869302644793635
JWST,14883166558872.053,1.7,3.2086659556563757,0.32086659556563757
JWST,14878737704204.807,1.7,3.2275296612500015,0.3227529661250002
JWST,14874311484584.135,1.7,3.1729397080125117,0.31729397080125116
JWST,14869887897659.072,1.7,3.1754631684244807,0.3175463168424481
JWST,14865466941081.44,1.7,3.043846176054785,0.30438461760547847
JWST,14861048612505.852,1.7,3.173564140983452,0.3173564140983452
JWST,14856632909589.719,1.7,3.057567578336158,0.3057567578336159
JWST,14852219829993.225,1.7,3.094543212975474,0.3094543212975474
JWST,14847809371379.336,1.7,3.128717941066029,0.31287179410660293
JWST,14843401531413.795,1.7,2.9642412968114833,0.29642412968114834
JWST,14838996307765.117,1.7,2.960936451994117,0.2960936451994117
JWST,14834593698104.582,1.7,3.004245197171882,0.30042451971718825
JWST,14830193700106.229,1.7,3.0439715294779486,0.30439715294779485
JWST,14825796311446.863,1.7,2.9603785782458174,0.29603785782458175
JWST,14821401529806.041,1.7,3.066771352525868,0.30667713525258683
JWST,14817009352866.07,1.7,3.2155643007654633,0.3215564300765464
JWST,14812619778311.998,1.7,3.06173456464258,0.30617345646425803
JWST,14808232803831.629,1.7,3.01240709416797,0.301240709416797
JWST,14803848427115.492,1.7,3.0062916041554932,0.3006291604155493
JWST,14799466645856.855,1.7,3.0883075983447186,0.3088307598344719
JWST,14795087457751.719,1.7,3.2327227692565375,0.3232722769256538
JWST,14790710860498.809,1.7,3.165226963995041,0.31652269639950414
JWST,14786336851799.57,1.7,3.2924565584418457,0.3292456558441846
JWST,14781965429358.168,1.7,3.255013253148431,0.3255013253148431
JWST,14777596590881.484,1.7,3.1569338619607,0.31569338619607007
JWST,14773230334079.107,1.7,3.1963898921622103,0.3196389892162211
JWST,14768866656663.334,1.7,3.079067623164699,0.3079067623164699
JWST,14764505556349.158,1.7,3.1495037264974695,0.31495037264974696
JWST,14760147030854.281,1.7,3.1350661119190395,0.31350661119190393
JWST,14755791077899.092,1.7,3.154991262887024,0.3154991262887024
JWST,14751437695206.668,1.7,3.102070921879174,0.3102070921879174
JWST,14747086880502.777,1.7,3.051455891819468,0.30514558918194684
JWST,14742738631515.873,1.7,3.177432537008526,0.31774325370085266
JWST,14738392945977.076,1.7,3.2253729744446633,0.32253729744446635
JWST,14734049821620.19,1.7,3.0973330078585,0.30973330078585004
JWST,14729709256181.69,1.7,3.126469881440349,0.3126469881440349
JWST,14725371247400.713,1.7,3.163060542246016,0.3163060542246016
JWST,14721035793019.055,1.7,3.146871391227513,0.31468713912275137
JWST,14716702890781.186,1.7,3.269857988263948,0.32698579882639484
JWST,14712372538434.21,1.7,3.2086095938516825,0.32086095938516823
JWST,14708044733727.902,1.7,3.2361782035785827,0.3236178203578583
JWST,14703719474414.666,1.7,3.146621073888974,0.31466210738889744
JWST,14699396758249.564,1.7,3.2047724579385326,0.32047724579385334
JWST,14695076582990.287,1.7,3.138637416887077,0.3138637416887077
JWST,14690758946397.168,1.7,3.174002632195753,0.31740026321957526
JWST,14686443846233.16,1.7,3.1851723025685614,0.31851723025685613
JWST,14682131280263.863,1.7,3.0057449422595774,0.3005744942259578
JWST,14677821246257.482,1.7,3.0711913463571516,0.30711913463571516
JWST,14673513741984.852,1.7,3.1868294506441983,0.3186829450644198
JWST,14669208765219.422,1.7,3.0325285955583476,0.30325285955583475
JWST,14664906313737.252,1.7,3.2196246143000433,0.32196246143000434
JWST,14660606385317.012,1.7,3.124451070267099,0.3124451070267099
JWST,14656308977739.97,1.7,3.2382709951847857,0.3238270995184786
JWST,14652014088790.01,1.7,3.085323688692586,0.3085323688692586
JWST,14647721716253.594,1.7,3.0593777166105536,0.30593777166105535
JWST,14643431857919.79,1.7,3.188787183634599,0.3188787183634599
JWST,14639144511580.252,1.7,3.1728445545355233,0.3172844554535523
JWST,14634859675029.217,1.7,3.166325750465578,0.31663257504655784
JWST,14630577346063.51,1.7,3.1135127092442154,0.31135127092442155
JWST,14626297522482.521,1.7,3.167815298422979,0.3167815298422979
JWST,14622020202088.232,1.7,3.1431626802728014,0.31431626802728013
JWST,14617745382685.182,1.7,3.011996611316062,0.30119966113160623
JWST,14613473062080.48,1.7,3.247140618393103,0.32471406183931034
JWST,14609203238083.8,1.7,3.167742623421544,0.31677426234215444
JWST,14604935908507.377,1.7,2.954564388968116,0.2954564388968116
JWST,14600671071165.996,1.7,3.184850672778954,0.3184850672778954
JWST,14596408723876.992,1.7,3.1850482565204135,0.31850482565204136
JWST,14592148864460.258,1.7,3.208680270131804,0.3208680270131804
JWST,14587891490738.223,1.7,3.201117546712782,0.3201117546712782
JWST,14583636600535.86,1.7,3.098461175344685,0.3098461175344685
JWST,14579384191680.672,1.7,3.217547773641795,0.3217547773641795
JWST,14575134262002.71,1.7,3.141081704381702,0.31410817043817024
JWST,14570886809334.541,1.7,3.075725082690779,0.3075725082690779
JWST,14566641831511.258,1.7,3.156473243967286,0.31564732439672866
JWST,14562399326370.488,1.7,3.0962433978414308,0.30962433978414305
JWST,14558159291752.365,1.7,3.1828754146336435,0.31828754146336435
JWST,14553921725499.541,1.7,3.1645363092256398,0.316453630922564
JWST,14549686625457.178,1.7,3.139253218991355,0.3139253218991355
JWST,14545453989472.95,1.7,3.177861398690067,0.3177861398690067
JWST,14541223815397.031,1.7,3.09208924109091,0.309208924109091
JWST,14536996101082.092,1.7,3.1368016727726378,0.3136801672772638
JWST,14532770844383.31,1.7,3.0397848509493417,0.3039784850949342
JWST,14528548043158.35,1.7,2.9840436438210514,0.29840436438210516
JWST,14524327695267.36,1.7,3.2637071356004004,0.32637071356004005
JWST,14520109798572.98,1.7,3.0854558028225703,0.30854558028225704
JWST,14515894350940.336,1.7,3.1533646869194123,0.3153364686919412
JWST,14511681350237.023,1.7,3.0878604121048165,0.3087860412104817
JWST,14507470794333.12,1.7,3.0346979933764997,0.30346979933765
JWST,14503262681101.168,1.7,3.1591289010521937,0.3159128901052194
JWST,14499057008416.186,1.7,3.1123732268883044,0.3112373226888305
JWST,14494853774155.646,1.7,3.196337321384063,0.31963373213840635
JWST,14490652976199.49,1.7,3.2437993394910776,0.32437993394910775
JWST,14486454612430.113,1.7,3.1883166566316383,0.31883166566316384
JWST,14482258680732.363,1.7,3.2365274098092334,0.32365274098092334
JWST,14478065178993.54,1.7,3.236902148805646,0.32369021488056465
JWST,14473874105103.383,1.7,3.2910426505483383,0.32910426505483387
JWST,14469685456954.086,1.7,3.2219891322967715,0.32219891322967714
JWST,14465499232440.273,1.7,3.223564606893081,0.3223564606893081
JWST,14461315429459.008,1.7,3.27032038459535,0.327032038459535
JWST,14457134045909.783,1.7,3.2549084157419954,0.32549084157419955
JWST,14452955079694.527,1.7,3.2041898164032645,0.32041898164032645
JWST,14448778528717.584,1.7,3.17160279839458,0.317160279839458
JWST,14444604390885.72,1.7,3.221013156428874,0.32210131564288746
JWST,14440432664108.135,1.7,3.1949875527840286,0.3194987552784029
JWST,14436263346296.424,1.7,3.1757466413053788,0.31757466413053786
JWST,14432096435364.6,1.7,3.1902839605414646,0.31902839605414646
JWST,14427931929229.092,1.7,3.2375621389615135,0.32375621389615133
JWST,14423769825808.72,1.7,3.232948934843295,0.32329489348432955
JWST,14419610123024.715,1.7,3.180235079185614,0.31802350791856143
JWST,14415452818800.697,1.7,3.1240480419720646,0.31240480419720645
JWST,14411297911062.691,1.7,3.0998585159009173,0.30998585159009173
JWST,14407145397739.1,1.7,3.1849989323729,0.31849989323729005
JWST,14402995276760.72,1.7,3.167530758073662,0.3167530758073662
JWST,14398847546060.732,1.7,3.1627156355443464,0.31627156355443464
JWST,14394702203574.695,1.7,3.1660956795167596,0.31660956795167594
JWST,14390559247240.547,1.7,3.120636155380761,0.3120636155380761
JWST,14386418674998.59,1.7,3.162421919104174,0.3162421919104174
JWST,14382280484791.51,1.7,3.1692167939432454,0.31692167939432453
JWST,14378144674564.352,1.7,3.084866058500833,0.3084866058500833
JWST,14374011242264.521,1.7,3.213411725808614,0.3213411725808614
JWST,14369880185841.785,1.7,3.2122244343715747,0.32122244343715745
JWST,14365751503248.271,1.7,3.1837367007549027,0.3183736700754903
JWST,14361625192438.459,1.7,3.1382074861479436,0.31382074861479436
JWST,14357501251369.168,1.7,3.059234520236731,0.3059234520236731
JWST,14353379677999.576,1.7,3.259647569739606,0.3259647569739606
JWST,14349260470291.2,1.7,3.235070899092187,0.3235070899092187
JWST,14345143626207.89,1.7,3.197151825573304,0.3197151825573304
JWST,14341029143715.84,1.7,3.1599722989316836,0.3159972298931684
JWST,14336917020783.576,1.7,3.245248211781063,0.3245248211781064
JWST,14332807255381.947,1.7,3.185349901854847,0.31853499018548476
JWST,14328699845484.13,1.7,3.253107732399429,0.3253107732399429
JWST,14324594789065.635,1.7,3.198446425575743,0.31984464255757433
JWST,14320492084104.277,1.7,3.2667249214891108,0.3266724921489111
JWST,14316391728580.195,1.7,3.3220159396496007,0.3322015939649601
JWST,14312293720475.836,1.7,3.2812111557564254,0.32812111557564255
JWST,14308198057775.963,1.7,3.235590439209093,0.3235590439209093
JWST,14304104738467.639,1.7,3.284667754958654,0.3284667754958654
JWST,14300013760540.234,1.7,3.237040192028934,0.32370401920289343
JWST,14295925121985.412,1.7,3.2871661591188057,0.3287166159118806
JWST,14291838820797.14,1.7,3.3016359643180726,0.33016359643180726
JWST,14287754854971.676,1.7,3.3091902862191787,0.3309190286219179
JWST,14283673222507.56,1.7,3.235785441668116,0.3235785441668117
JWST,14279593921405.633,1.7,3.243629146119256,0.3243629146119256
JWST,14275516949669.008,1.7,3.2932436045407054,0.32932436045407054
JWST,14271442305303.078,1.7,3.2969566050565295,0.32969566050565297
JWST,14267369986315.516,1.7,3.342610696185062,0.3342610696185062
JWST,14263299990716.271,1.7,3.2906783257428187,0.3290678325742819
JWST,14259232316517.559,1.7,3.2557842769455414,0.3255784276945542
JWST,14255166961733.857,1.7,3.3048335976203127,0.3304833597620313
JWST,14251103924381.92,1.7,3.2415476537505437,0.32415476537505433
JWST,14247043202480.748,1.7,3.255841066853482,0.32558410668534826
JWST,14242984794051.61,1.7,3.294045398482077,0.3294045398482077
JWST,14238928697118.018,1.7,3.2520822152710713,0.32520822152710716
JWST,14234874909705.748,1.7,3.2786628451281183,0.32786628451281186
JWST,14230823429842.812,1.7,3.301925170479483,0.33019251704794833
JWST,14226774255559.473,1.7,3.3220143997364358,0.3322014399736436
JWST,14222727384888.232,1.7,3.362840649382111,0.33628406493821117
JWST,14218682815863.832,1.7,3.300757810474515,0.33007578104745156
JWST,14214640546523.246,1.7,3.2327396125788033,0.3232739612578803
JWST,14210600574905.678,1.7,3.2753382916418117,0.32753382916418117
JWST,14206562899052.566,1.7,3.275384019279198,0.32753840192791983
JWST,14202527517007.572,1.7,3.1755515936022665,0.31755515936022666
JWST,14198494426816.578,1.7,3.282297477645752,0.32822974776457525
JWST,14194463626527.68,1.7,3.334374965421362,0.3334374965421362
JWST,14190435114191.205,1.7,3.21732131046415,0.321732131046415
JWST,14186408887859.676,1.7,3.3055550784944163,0.33055550784944165
JWST,14182384945587.834,1.7,3.208027191019594,0.3208027191019594
JWST,14178363285432.629,1.7,3.2959845998550725,0.3295984599855073
JWST,14174343905453.209,1.7,3.293692008002042,0.3293692008002042
JWST,14170326803710.922,1.7,3.219960692773469,0.3219960692773469
JWST,14166311978269.314,1.7,3.2237125121924555,0.32237125121924554
JWST,14162299427194.13,1.7,3.3174095538533215,0.33174095538533216
JWST,14158289148553.3,1.7,3.2263021372188776,0.32263021372188777
JWST,14154281140416.941,1.7,3.306309314837105,0.33063093148371053
JWST,14150275400857.361,1.7,3.194361266503263,0.3194361266503263
JWST,14146271927949.045,1.7,3.2869299448198865,0.32869299448198863
JWST,14142270719768.654,1.7,3.2299165942867325,0.3229916594286733
JWST,14138271774395.03,1.7,3.253522934413257,0.3253522934413257
JWST,14134275089909.186,1.7,3.2305739167888783,0.32305739167888786
JWST,14130280664394.303,1.7,3.1864214236284343,0.3186421423628435
JWST,14126288495935.723,1.7,3.328661205814783,0.3328661205814783
JWST,14122298582620.965,1.7,3.302810246571465,0.33028102465714654
JWST,14118310922539.697,1.7,3.248775832169531,0.3248775832169531
JWST,14114325513783.744,1.7,3.3399291887117895,0.333992918871179
JWST,14110342354447.088,1.7,3.298574739201352,0.3298574739201352
JWST,14106361442625.863,1.7,3.24922902096956,0.324922902096956
JWST,14102382776418.352,1.7,3.1905018225399635,0.3190501822539964
JWST,14098406353924.979,1.7,3.255565109567546,0.3255565109567546
JWST,14094432173248.305,1.7,3.189368538244288,0.3189368538244288
JWST,14090460232493.047,1.7,3.2540936197900456,0.3254093619790046
JWST,14086490529766.04,1.7,3.2410115013746554,0.32410115013746554
JWST,14082523063176.258,1.7,3.231424962946903,0.32314249629469033
JWST,14078557830834.812,1.7,3.2495840662832203,0.32495840662832204
JWST,14074594830854.93,1.7,3.1598988342422296,0.31598988342422296
JWST,14070634061351.967,1.7,3.243227960651247,0.3243227960651247
JWST,14066675520443.398,1.7,3.202763485326362,0.32027634853263615
JWST,14062719206248.82,1.7,3.2482506828075977,0.32482506828075974
JWST,14058765116889.941,1.7,3.279614810629092,0.3279614810629092
JWST,14054813250490.582,1.7,3.3400175720753964,0.33400175720753966
JWST,14050863605176.674,1.7,3.249174988277345,0.3249174988277345
JWST,14046916179076.25,1.7,3.2979127297544246,0.3297912729754425
JWST,14042970970319.451,1.7,3.3416781862910057,0.3341678186291006
JWST,14039027977038.516,1.7,3.340883786362011,0.33408837863620106
JWST,14035087197367.781,1.7,3.284295178671828,0.32842951786718283
JWST,14031148629443.678,1.7,3.337441243294682,0.33374412432946826
JWST,14027212271404.723,1.7,3.3114016245145383,0.33114016245145383
JWST,14023278121391.531,1.7,3.3158415080349446,0.3315841508034945
JWST,14019346177546.799,1.7,3.2224469464898893,0.32224469464898897
JWST,14015416438015.3,1.7,3.2614037503509565,0.3261403750350957
JWST,14011488900943.893,1.7,3.1417823154754347,0.3141782315475435
JWST,14007563564481.512,1.7,3.3172596569669315,0.3317259656966931
JWST,14003640426779.166,1.7,3.300023533143895,0.33000235331438954
JWST,13999719485989.934,1.7,3.2715895884706625,0.32715895884706625
JWST,13995800740268.957,1.7,3.3247527650177062,0.33247527650177067
JWST,13991884187773.453,1.7,3.366543117044785,0.3366543117044785
JWST,13987969826662.695,1.7,3.1766384107560017,0.3176638410756002
JWST,13984057655098.012,1.7,3.359510108226242,0.3359510108226242
JWST,13980147671242.795,1.7,3.1677496764489996,0.31677496764489993
JWST,13976239873262.49,1.7,3.217219526689292,0.3217219526689292
JWST,13972334259324.588,1.7,3.3860292387164095,0.3386029238716409
JWST,13968430827598.627,1.7,3.3027246246005197,0.330272462460052
JWST,13964529576256.2,1.7,3.2831125515887387,0.3283112551588739
JWST,13960630503470.93,1.7,3.2146155299821677,0.32146155299821677
JWST,13956733607418.482,1.7,3.2301540232952144,0.3230154023295215
JWST,13952838886276.57,1.7,3.2189569858676674,0.3218956985867668
JWST,13948946338224.924,1.7,3.1813168167579327,0.31813168167579325
JWST,13945055961445.312,1.7,3.280809246243876,0.3280809246243876
JWST,13941167754121.531,1.7,3.239609728498615,0.32396097284986153
JWST,13937281714439.404,1.7,3.293338588107656,0.32933385881076555
JWST,13933397840586.771,1.7,3.2347019402515196,0.323470194025152
JWST,13929516130753.498,1.7,3.26373564620122,0.32637356462012207
JWST,13925636583131.459,1.7,3.2725440840724405,0.327254408407244
JWST,13921759195914.553,1.7,3.3075795323759527,0.33075795323759527
JWST,13917883967298.682,1.7,3.3601819838466507,0.33601819838466507
JWST,13914010895481.752,1.7,3.243512130503567,0.3243512130503567
JWST,13910139978663.69,1.7,3.215126087818185,0.32151260878181853
JWST,13906271215046.41,1.7,3.210090956933224,0.3210090956933224
JWST,13902404602833.834,1.7,3.135135482157129,0.31351354821571287
JWST,13898540140231.877,1.7,3.321658057036273,0.3321658057036273
JWST,13894677825448.453,1.7,3.2356184347896884,0.3235618434789688
JWST,13890817656693.465,1.7,3.342075540611855,0.3342075540611855
JWST,13886959632178.799,1.7,3.3271346745083354,0.3327134674508336
JWST,13883103750118.338,1.7,3.2700313243808425,0.3270031324380843
JWST,13879250008727.94,1.7,3.2658402022777016,0.32658402022777017
JWST,13875398406225.447,1.7,3.175381446082136,0.3175381446082136
JWST,13871548940830.674,1.7,3.243957831764843,0.3243957831764844
JWST,13867701610765.422,1.7,3.22820003307214,0.32282000330721405
JWST,13863856414253.451,1.7,3.3032608388039626,0.33032608388039625
JWST,13860013349520.496,1.7,3.3626145341219837,0.33626145341219843
JWST,13856172414794.264,1.7,3.278669167221492,0.32786691672214924
JWST,13852333608304.418,1.7,3.2591824239884257,0.32591824239884254
JWST,13848496928282.586,1.7,3.3485947103315508,0.3348594710331551
JWST,13844662372962.352,1.7,3.2708978245773612,0.3270897824577361
JWST,13840829940579.262,1.7,3.346319549921843,0.3346319549921843
JWST,13836999629370.809,1.7,3.304336702436987,0.3304336702436987
JWST,13833171437576.438,1.7,3.3336275378148956,0.33336275378148955
JWST,13829345363437.541,1.7,3.246190041200571,0.3246190041200571
JWST,13825521405197.46,1.7,3.2688135453719083,0.32688135453719086
JWST,13821699561101.477,1.7,3.308160055265339,0.33081600552653395
JWST,13817879829396.805,1.7,3.317720907167413,0.3317720907167413
JWST,13814062208332.611,1.7,3.2512958396272467,0.3251295839627247
JWST,13810246696159.982,1.7,3.3066223848013485,0.3306622384801349
JWST,13806433291131.943,1.7,3.3993058350085152,0.33993058350085154
JWST,13802621991503.445,1.7,3.3035000064054505,0.33035000064054504
JWST,13798812795531.37,1.7,3.0925671537991657,0.3092567153799166
JWST,13795005701474.52,1.7,3.257324811712543,0.32573248117125436
JWST,13791200707593.615,1.7,3.257116292642649,0.3257116292642649
JWST,13787397812151.303,1.7,3.3688814283938395,0.33688814283938395
JWST,13783597013412.139,1.7,3.3384364058547176,0.3338436405854718
JWST,13779798309642.596,1.7,3.2739779497332164,0.32739779497332167
JWST,13776001699111.053,1.7,3.3006655582593982,0.33006655582593986
JWST,13772207180087.803,1.7,3.2415059700338045,0.32415059700338045
JWST,13768414750845.037,1.7,3.3018462574391703,0.33018462574391705
JWST,13764624409656.854,1.7,3.371014350770221,0.3371014350770221
JWST,13760836154799.252,1.7,3.1691195170652415,0.31691195170652414
JWST,13757049984550.127,1.7,3.2276087048240645,0.3227608704824065
JWST,13753265897189.266,1.7,3.303929341709438,0.33039293417094384
JWST,13749483890998.35,1.7,3.30499387998502,0.33049938799850204
JWST,13745703964260.953,1.7,3.3470926229087987,0.3347092622908799
JWST,13741926115262.531,1.7,3.337833324259768,0.33378333242597685
JWST,13738150342290.43,1.7,3.2342363437028343,0.3234236343702835
JWST,13734376643633.87,1.7,3.4168737895167127,0.3416873789516713
JWST,13730605017583.955,1.7,3.358374365746357,0.3358374365746358
JWST,13726835462433.668,1.7,3.270896775494327,0.32708967754943274
JWST,13723067976477.861,1.7,3.351084071188047,0.3351084071188047
JWST,13719302558013.262,1.7,3.3427920678390657,0.3342792067839066
JWST,13715539205338.463,1.7,3.216386571598302,0.3216386571598302
JWST,13711777916753.928,1.7,3.290498490383627,0.3290498490383627
JWST,13708018690561.975,1.7,3.348264583669169,0.33482645836691693
JWST,13704261525066.797,1.7,3.354230027002794,0.3354230027002794
JWST,13700506418574.438,1.7,3.3318917495295013,0.33318917495295014
JWST,13696753369392.793,1.7,3.4379726269754287,0.3437972626975429
JWST,13693002375831.623,1.7,3.297471395422058,0.32974713954220586
JWST,13689253436202.531,1.7,3.23484384487941,0.32348438448794103
JWST,13685506548818.97,1.7,3.3493525707635596,0.33493525707635596
JWST,13681761711996.24,1.7,3.276935051529973,0.32769350515299733
JWST,13678018924051.486,1.7,3.3357464489784276,0.3335746448978428
JWST,13674278183303.691,1.7,3.1505498061616826,0.31505498061616827
JWST,13670539488073.676,1.7,3.201551102359597,0.3201551102359597
JWST,13666802836684.105,1.7,3.3587454419656844,0.3358745441965685
JWST,13663068227459.465,1.7,3.31456446181343,0.331456446181343
JWST,13659335658726.082,1.7,3.245094663181011,0.3245094663181011
JWST,13655605128812.105,1.7,3.254110011906686,0.3254110011906686
JWST,13651876636047.514,1.7,3.2479926795818566,0.32479926795818564
JWST,13648150178764.107,1.7,3.107506975251551,0.3107506975251551
JWST,13644425755295.51,1.7,3.3059121394594793,0.330591213945948
JWST,13640703363977.154,1.7,3.2162786854112175,0.3216278685411218
JWST,13636983003146.307,1.7,3.274857869761815,0.3274857869761815
JWST,13633264671142.031,1.7,3.2420977569415337,0.3242097756941534
JWST,13629548366305.207,1.7,3.200342581266996,0.32003425812669956
JWST,13625834086978.527,1.7,3.2519017647401425,0.32519017647401427
JWST,13622121831506.484,1.7,3.348494320800546,0.33484943208005463
JWST,13618411598235.38,1.7,3.271277392387308,0.32712773923873084
JWST,13614703385513.309,1.7,3.2369776335234843,0.32369776335234846
JWST,13610997191690.176,1.7,3.300248582194614,0.3300248582194614
JWST,13607293015117.674,1.7,3.231715593058292,0.3231715593058292
JWST,13603590854149.287,1.7,3.3077496500024215,0.33077496500024217
JWST,13599890707140.303,1.7,3.3271398556898215,0.3327139855689822
JWST,13596192572447.787,1.7,3.3188302624252053,0.33188302624252053
JWST,13592496448430.598,1.7,3.3453080446999914,0.33453080446999917
JWST,13588802333449.37,1.7,3.400691623840362,0.3400691623840362
JWST,13585110225866.527,1.7,3.2844413102909042,0.3284441310290904
JWST,13581420124046.273,1.7,3.393549856223691,0.33935498562236915
JWST,13577732026354.58,1.7,3.3132487628905607,0.3313248762890561
JWST,13574045931159.207,1.7,3.3023447575145206,0.3302344757514521
JWST,13570361836829.672,1.7,3.3156837760737288,0.3315683776073729
JWST,13566679741737.271,1.7,3.0786094743574166,0.3078609474357417
JWST,13562999644255.062,1.7,3.2693984780234024,0.32693984780234026
JWST,13559321542757.877,1.7,3.3939492821169823,0.33939492821169825
JWST,13555645435622.299,1.7,3.2977838168272267,0.32977838168272267
JWST,13551971321226.678,1.7,3.287351564650424,0.3287351564650424
JWST,13548299197951.115,1.7,3.3412534790867414,0.33412534790867415
JWST,13544629064177.48,1.7,3.259138170081816,0.3259138170081816
JWST,13540960918289.38,1.7,3.1794775486308278,0.3179477548630828
JWST,13537294758672.18,1.7,3.348722361410194,0.33487223614101946
JWST,13533630583712.996,1.7,3.396536582788414,0.3396536582788414
JWST,13529968391800.686,1.7,3.3190569694587926,0.3319056969458793
JWST,13526308181325.848,1.7,3.2664141378624207,0.32664141378624206
JWST,13522649950680.826,1.7,3.311380647802659,0.3311380647802659
JWST,13518993698259.705,1.7,3.235990984689495,0.3235990984689495
JWST,13515339422458.3,1.7,3.1973867735928425,0.3197386773592843
JWST,13511687121674.162,1.7,3.230322060777348,0.32303220607773486
JWST,13508036794306.578,1.7,3.2188456878582183,0.32188456878582183
JWST,13504388438756.559,1.7,3.238114557597943,0.3238114557597943
JWST,13500742053426.846,1.7,3.168024722358781,0.31680247223587815
JWST,13497097636721.898,1.7,3.272418551927195,0.32724185519271953
JWST,13493455187047.912,1.7,3.3653664854577903,0.3365366485457791
JWST,13489814702812.79,1.7,3.2349140837927375,0.3234914083792738
JWST,13486176182426.154,1.7,3.2970501017768985,0.3297050101776899
JWST,13482539624299.346,1.7,3.250324539660755,0.32503245396607555
JWST,13478905026845.42,1.7,3.2205912785806703,0.322059127858067
JWST,13475272388479.14,1.7,3.2543138719671365,0.32543138719671366
JWST,13471641707616.979,1.7,3.259334947865606,0.3259334947865606
JWST,13468012982677.113,1.7,3.268531813739283,0.32685318137392827
JWST,13464386212079.428,1.7,3.1684634544362393,0.31684634544362394
JWST,13460761394245.504,1.7,3.36070596288986,0.336070596288986
JWST,13457138527598.625,1.7,3.369633443842458,0.33696334438424586
JWST,13453517610563.775,1.7,3.1393030643403153,0.3139303064340316
JWST,13449898641567.625,1.7,3.345372901253437,0.3345372901253437
JWST,13446281619038.543,1.7,3.2941023115475723,0.32941023115475726
JWST,13442666541406.588,1.7,3.2099250583957444,0.3209925058395745
JWST,13439053407103.506,1.7,3.3348511136044223,0.33348511136044223
JWST,13435442214562.725,1.7,3.3467399900888983,0.3346739990088899
JWST,13431832962219.36,1.7,3.2926203767786335,0.32926203767786333
JWST,13428225648510.209,1.7,3.278656835398527,0.3278656835398527
JWST,13424620271873.744,1.7,3.3415360900316173,0.33415360900316177
JWST,13421016830750.115,1.7,3.2942382965934107,0.3294238296593411
JWST,13417415323581.15,1.7,3.2595052831758022,0.32595052831758026
JWST,13413815748810.348,1.7,3.184823807643912,0.3184823807643912
JWST,13410218104882.871,1.7,3.228710575688039,0.3228710575688039
JWST,13406622390245.555,1.7,3.3511110227024203,0.33511110227024204
JWST,13403028603346.902,1.7,3.3303439791326235,0.3330343979132624
JWST,13399436742637.074,1.7,3.2379244009377026,0.3237924400937703
JWST,13395846806567.896,1.7,3.1902446644424924,0.31902446644424926
JWST,13392258793592.85,1.7,3.272548617333839,0.3272548617333839
JWST,13388672702167.076,1.7,3.2691738412116838,0.32691738412116844
JWST,13385088530747.367,1.7,3.2541197882492194,0.32541197882492195
JWST,13381506277792.168,1.7,3.1730138605595966,0.31730138605595964
JWST,13377925941761.576,1.7,3.093397549563409,0.3093397549563409
JWST,13374347521117.334,1.7,3.2070909333698494,0.320709093336985
JWST,13370771014322.83,1.7,3.2178843063545095,0.32178843063545093
JWST,13367196419843.094,1.7,3.171679803456465,0.3171679803456465
JWST,13363623736144.8,1.7,3.2528384559130887,0.3252838455913089
JWST,13360052961696.262,1.7,3.2525074823144213,0.3252507482314421
JWST,13356484094967.422,1.7,3.252393313685664,0.3252393313685665
JWST,13352917134429.867,1.7,3.269662510407031,0.32696625104070315
JWST,13349352078556.814,1.7,3.2911603603541835,0.32911603603541834
JWST,13345788925823.104,1.7,3.205184509484142,0.3205184509484142
JWST,13342227674705.209,1.7,3.225084561344992,0.32250845613449924
JWST,13338668323681.232,1.7,3.181486576750769,0.31814865767507694
JWST,13335110871230.893,1.7,3.250800127952559,0.3250800127952559
JWST,13331555315835.533,1.7,3.218900885577352,0.3218900885577352
JWST,13328001655978.12,1.7,3.331165225792221,0.33311652257922214
JWST,13324449890143.23,1.7,3.2177687017884478,0.32177687017884476
JWST,13320900016817.06,1.7,3.3155714179133478,0.3315571417913348
JWST,13317352034487.416,1.7,3.151073808163085,0.3151073808163085
JWST,13313805941643.717,1.7,3.1648848748898284,0.31648848748898284
JWST,13310261736776.992,1.7,3.121588603960057,0.3121588603960057
JWST,13306719418379.871,1.7,3.301467392380008,0.33014673923800086
JWST,13303178984946.592,1.7,3.2268596175800353,0.32268596175800357
JWST,13299640434972.996,1.7,3.2720319262165227,0.32720319262165226
JWST,13296103766956.523,1.7,3.242101720743794,0.3242101720743794
JWST,13292568979396.207,1.7,3.1338399353356254,0.3133839935335625
JWST,13289036070792.684,1.7,3.3126462368366085,0.3312646236836609
JWST,13285505039648.18,1.7,3.3081519716733445,0.3308151971673345
JWST,13281975884466.512,1.7,3.220033599515363,0.32200335995153634
JWST,13278448603753.088,1.7,3.276010102562352,0.32760101025623517
JWST,13274923196014.902,1.7,3.2820277153427395,0.32820277153427396
JWST,13271399659760.537,1.7,3.231911731714833,0.3231911731714833
JWST,13267877993500.15,1.7,3.1892325330560882,0.31892325330560883
JWST,13264358195745.49,1.7,3.335678301250395,0.33356783012503954
JWST,13260840265009.879,1.7,3.2574183132352377,0.3257418313235238
JWST,13257324199808.215,1.7,3.1997150542945714,0.3199715054294572
JWST,13253809998656.969,1.7,3.2435806255317097,0.32435806255317096
JWST,13250297660074.193,1.7,3.210505534349183,0.32105055343491834
JWST,13246787182579.504,1.7,3.172398616952615,0.3172398616952615
JWST,13243278564694.082,1.7,3.2717013858476274,0.32717013858476274
JWST,13239771804940.684,1.7,3.2147821459921744,0.3214782145992175
JWST,13236266901843.625,1.7,3.154434856285587,0.31544348562855873
JWST,13232763853928.781,1.7,3.32277661578275,0.33227766157827504
JWST,13229262659723.592,1.7,3.0982805444668657,0.3098280544466866
JWST,13225763317757.057,1.7,3.2115557956576,0.32115557956576
JWST,13222265826559.725,1.7,3.2865967116537878,0.3286596711653788
JWST,13218770184663.703,1.7,3.3583963176813088,0.3358396317681309
JWST,13215276390602.648,1.7,3.109116453845442,0.3109116453845442
JWST,13211784442911.773,1.7,3.3330433008383515,0.33330433008383514
JWST,13208294340127.832,1.7,3.3108249596006596,0.33108249596006595
JWST,13204806080789.121,1.7,3.1739703869895686,0.31739703869895686
JWST,13201319663435.492,1.7,3.2010354746732967,0.3201035474673297
JWST,13197835086608.332,1.7,3.101690736591163,0.3101690736591163
JWST,13194352348850.564,1.7,3.210529366591598,0.3210529366591598
JWST,13190871448706.654,1.7,3.1837112709239412,0.3183711270923942
JWST,13187392384722.602,1.7,3.22490727840762,0.322490727840762
JWST,13183915155445.943,1.7,3.2155836052185793,0.32155836052185793
JWST,13180439759425.736,1.7,3.3240820801438375,0.3324082080143838
JWST,13176966195212.584,1.7,3.2462224464460157,0.3246222446446016
JWST,13173494461358.605,1.7,3.1648714968285954,0.31648714968285957
JWST,13170024556417.445,1.7,3.343020733356204,0.3343020733356204
JWST,13166556478944.275,1.7,3.275401562728818,0.32754015627288185
JWST,13163090227495.791,1.7,3.2608319511099446,0.3260831951109945
JWST,13159625800630.201,1.7,3.1306591932447243,0.3130659193244725
JWST,13156163196907.236,1.7,3.3070489326008965,0.33070489326008967
JWST,13152702414888.14,1.7,3.2966708210671234,0.32966708210671236
JWST,13149243453135.676,1.7,3.300401777111419,0.3300401777111419
JWST,13145786310214.107,1.7,3.211691395363138,0.32116913953631376
JWST,13142330984689.215,1.7,3.347700902874615,0.3347700902874615
JWST,13138877475128.287,1.7,3.3125463242653828,0.3312546324265383
JWST,13135425780100.117,1.7,3.3051558086558797,0.33051558086558797
JWST,13131975898175.0,1.7,3.145566657261113,0.31455666572611135
JWST,13128527827924.729,1.7,3.1472536110473026,0.31472536110473026
JWST,13125081567922.61,1.7,3.2443087994675026,0.32443087994675024
JWST,13121637116743.43,1.7,3.297933349080872,0.3297933349080872
JWST,13118194472963.482,1.7,3.226265746071098,0.3226265746071098
JWST,13114753635160.553,1.7,3.309729798605704,0.33097297986057045
JWST,13111314601913.916,1.7,3.1559320217490607,0.3155932021749061
JWST,13107877371804.338,1.7,3.240904694394104,0.3240904694394104
JWST,13104441943414.072,1.7,3.3508644752217775,0.33508644752217775
JWST,13101008315326.857,1.7,3.3502392413042,0.33502392413042004
JWST,13097576486127.92,1.7,3.2369500158256543,0.3236950015825655
JWST,13094146454403.96,1.7,3.356172486622917,0.33561724866229176
JWST,13090718218743.172,1.7,3.333052122062455,0.33330521220624554
JWST,13087291777735.21,1.7,3.109052081290367,0.31090520812903666
JWST,13083867129971.223,1.7,3.1095334097823746,0.31095334097823746
JWST,13080444274043.818,1.7,3.3956951581047754,0.33956951581047756
JWST,13077023208547.086,1.7,3.2447920621215083,0.3244792062121508
JWST,13073603932076.582,1.7,3.2944253053435752,0.32944253053435757
JWST,13070186443229.334,1.7,3.473848262594359,0.3473848262594359
JWST,13066770740603.828,1.7,3.359712153640083,0.3359712153640083
JWST,13063356822800.03,1.7,3.4216024399447056,0.3421602439944706
JWST,13059944688419.354,1.7,3.3919402990846805,0.3391940299084681
JWST,13056534336064.68,1.7,3.48133154451828,0.3481331544518281
JWST,13053125764340.35,1.7,3.3855638409802515,0.3385563840980252
JWST,13049718971852.16,1.7,3.442729712970183,0.3442729712970183
JWST,13046313957207.361,1.7,3.4160580838758046,0.34160580838758053
JWST,13042910719014.654,1.7,3.346939999808916,0.3346939999808916
JWST,13039509255884.203,1.7,3.3589669900369064,0.3358966990036907
JWST,13036109566427.61,1.7,3.4181099248781264,0.34181099248781266
JWST,13032711649257.926,1.7,3.268708301237702,0.3268708301237703
JWST,13029315502989.652,1.7,3.308382138149384,0.3308382138149384
JWST,13025921126238.73,1.7,3.1307281544338164,0.31307281544338167
JWST,13022528517622.547,1.7,3.2745295927264606,0.32745295927264606
JWST,13019137675759.922,1.7,3.2129446728570095,0.321294467285701
JWST,13015748599271.123,1.7,3.3460311277747015,0.3346031127774702
JWST,13012361286777.85,1.7,3.386128666749459,0.3386128666749459
JWST,13008975736903.229,1.7,3.324295164302774,0.3324295164302774
JWST,13005591948271.834,1.7,3.466749238920011,0.3466749238920011
JWST,13002209919509.658,1.7,3.288768095898182,0.3288768095898182
JWST,12998829649244.127,1.7,3.2404894907823834,0.32404894907823834
JWST,12995451136104.094,1.7,3.1808059510656035,0.3180805951065604
JWST,12992074378719.836,1.7,3.1603506702293296,0.316035067022933
JWST,12988699375723.055,1.7,3.171443498590697,0.31714434985906975
JWST,12985326125746.873,1.7,3.237705975971213,0.3237705975971213
JWST,12981954627425.83,1.7,3.4691282823979144,0.34691282823979147
JWST,12978584879395.89,1.7,3.1261963750766615,0.31261963750766614
JWST,12975216880294.426,1.7,3.26981774413656,0.32698177441365606
JWST,12971850628760.225,1.7,3.3477864881433694,0.33477864881433694
JWST,12968486123433.492,1.7,3.077191582914436,0.3077191582914436
JWST,12965123362955.842,1.7,3.2433359735512886,0.32433359735512884
JWST,12961762345970.291,1.7,3.2583852900775168,0.32583852900775173
JWST,12958403071121.266,1.7,3.169226925008074,0.3169226925008074
JWST,12955045537054.604,1.7,3.277164143056887,0.3277164143056887
JWST,12951689742417.537,1.7,3.2513996726033634,0.32513996726033634
JWST,12948335685858.703,1.7,3.267792759316254,0.3267792759316254
JWST,12944983366028.14,1.7,3.2108511193710285,0.3210851119371029
JWST,12941632781577.281,1.7,3.3009862476793277,0.33009862476793284
JWST,12938283931158.955,1.7,3.3711250629188,0.33711250629188005
JWST,12934936813427.387,1.7,3.177089009178835,0.31770890091788356
JWST,12931591427038.191,1.7,3.411992996104582,0.3411992996104582
JWST,12928247770648.377,1.7,3.2761329973154023,0.32761329973154024
JWST,12924905842916.336,1.7,3.1930600648022125,0.3193060064802213
JWST,12921565642501.854,1.7,3.2580149751754823,0.3258014975175483
JWST,12918227168066.098,1.7,3.1085810277804167,0.3108581027780417
JWST,12914890418271.615,1.7,3.2584299549402282,0.32584299549402285
JWST,12911555391782.338,1.7,3.2744046478445554,0.32744046478445554
JWST,12908222087263.582,1.7,3.2858261644746833,0.32858261644746833
JWST,12904890503382.033,1.7,3.1669567305352184,0.3166956730535218
JWST,12901560638805.76,1.7,3.238035691401783,0.3238035691401783
JWST,12898232492204.197,1.7,3.2938625763132485,0.32938625763132484
JWST,12894906062248.162,1.7,3.2773783119132154,0.32773783119132155
JWST,12891581347609.838,1.7,3.2155116511849826,0.3215511651184983
JWST,12888258346962.775,1.7,3.2453392017065608,0.32453392017065613
JWST,12884937058981.895,1.7,3.2719528115052414,0.32719528115052415
JWST,12881617482343.482,1.7,3.2410360223998302,0.324103602239983
JWST,12878299615725.188,1.7,3.1707323224563595,0.31707323224563594
JWST,12874983457806.02,1.7,3.266692990944119,0.326669299094412
JWST,12871669007266.352,1.7,3.2804849783475696,0.3280484978347569
JWST,12868356262787.912,1.7,3.20650550947825,0.3206505509478251
JWST,12865045223053.787,1.7,3.3146169658479825,0.3314616965847983
JWST,12861735886748.422,1.7,3.308534969163159,0.33085349691631594
JWST,12858428252557.61,1.7,3.3051888183299694,0.330518881832997
JWST,12855122319168.496,1.7,3.297929232987995,0.3297929232987995
JWST,12851818085269.576,1.7,3.179724061647294,0.31797240616472944
JWST,12848515549550.7,1.7,3.3213174159862393,0.33213174159862396
JWST,12845214710703.05,1.7,3.3656476488372156,0.33656476488372156
JWST,12841915567419.168,1.7,3.442981720215689,0.3442981720215689
JWST,12838618118392.932,1.7,3.4543985976732334,0.34543985976732333
JWST,12835322362319.559,1.7,3.40324146320264,0.34032414632026403
JWST,12832028297895.607,1.7,3.4628838136943356,0.3462883813694336
JWST,12828735923818.975,1.7,3.2115761429048963,0.3211576142904896
JWST,12825445238788.895,1.7,3.304799336683801,0.3304799336683801
JWST,12822156241505.934,1.7,3.3411261383345865,0.3341126138334587
JWST,12818868930671.99,1.7,3.3605564886036956,0.3360556488603696
JWST,12815583304990.293,1.7,3.207675858997238,0.3207675858997238
JWST,12812299363165.406,1.7,3.2852947519488374,0.32852947519488374
JWST,12809017103903.215,1.7,3.1817355096122846,0.31817355096122846
JWST,12805736525910.928,1.7,3.1967073233790146,0.31967073233790144
JWST,12802457627897.088,1.7,3.2884665212635373,0.3288466521263537
JWST,12799180408571.55,1.7,3.225260304410662,0.3225260304410662
JWST,12795904866645.496,1.7,3.2981816930596572,0.32981816930596575
JWST,12792631000831.422,1.7,3.359253114868214,0.33592531148682137
JWST,12789358809843.148,1.7,3.3209096380422762,0.33209096380422765
JWST,12786088292395.805,1.7,3.2600248968360965,0.3260024896836096
JWST,12782819447205.836,1.7,3.1961458686679305,0.31961458686679306
JWST,12779552272991.002,1.7,3.231287547656594,0.32312875476565944
JWST,12776286768470.37,1.7,3.1875697062435684,0.3187569706243569
JWST,12773022932364.316,1.7,3.1552593435457235,0.3155259343545724
JWST,12769760763394.527,1.7,3.160956799536762,0.3160956799536762
JWST,12766500260283.992,1.7,3.230794336045052,0.32307943360450525
JWST,12763241421757.008,1.7,3.06374048310414,0.30637404831041404
JWST,12759984246539.166,1.7,3.1539306006742818,0.31539306006742823
JWST,12756728733357.367,1.7,3.334581432734856,0.3334581432734856
JWST,12753474880939.809,1.7,3.248394656305389,0.3248394656305389
JWST,12750222688015.98,1.7,3.224275870181357,0.32242758701813573
JWST,12746972153316.67,1.7,3.286988924999292,0.32869889249992923
JWST,12743723275573.963,1.7,3.1233998604644704,0.3123399860464471
JWST,12740476053521.234,1.7,3.148019638778073,0.3148019638778073
JWST,12737230485893.148,1.7,3.197787772859405,0.3197787772859405
JWST,12733986571425.66,1.7,3.2863421498345216,0.32863421498345213
JWST,12730744308856.014,1.7,3.268002615148089,0.3268002615148089
JWST,12727503696922.734,1.7,3.2444477658684114,0.3244447765868412
JWST,12724264734365.635,1.7,3.3016029432079397,0.330160294320794
JWST,12721027419925.809,1.7,3.2478817422959034,0.32478817422959033
JWST,12717791752345.635,1.7,3.128915893770239,0.3128915893770239
JWST,12714557730368.764,1.7,3.2043784998400238,0.32043784998400243
JWST,12711325352740.127,1.7,3.2931809894277095,0.329318098942771
JWST,12708094618205.936,1.7,3.032598538142082,0.3032598538142082
JWST,12704865525513.672,1.7,3.260813924799416,0.3260813924799416
JWST,12701638073412.088,1.7,3.224943485250142,0.32249434852501424
JWST,12698412260651.213,1.7,3.084954630003507,0.30849546300035074
JWST,12695188085982.342,1.7,3.2467389243141085,0.3246738924314108
JWST,12691965548158.037,1.7,3.1978549754338155,0.3197854975433816
JWST,12688744645932.129,1.7,3.0755807956660792,0.30755807956660797
JWST,12685525378059.71,1.7,3.3213601010725533,0.33213601010725535
JWST,12682307743297.145,1.7,3.330276248160108,0.33302762481601084
JWST,12679091740402.045,1.7,3.055737023282967,0.3055737023282967
JWST,12675877368133.291,1.7,2.9701498630056755,0.29701498630056755
JWST,12672664625251.021,1.7,3.194858643861908,0.3194858643861908
JWST,12669453510516.629,1.7,3.349359027960159,0.3349359027960159
JWST,12666244022692.764,1.7,3.1988565244236544,0.3198856524423655
JWST,12663036160543.328,1.7,3.260728995006046,0.3260728995006046
JWST,12659829922833.475,1.7,3.442160489184216,0.3442160489184216
JWST,12656625308329.61,1.7,3.2518011324964995,0.32518011324964996
JWST,12653422315799.385,1.7,3.1527658948740576,0.3152765894874058
JWST,12650220944011.703,1.7,3.365420320520539,0.3365420320520539
JWST,12647021191736.709,1.7,3.687642767663084,0.36876427676630846
JWST,12643823057745.791,1.7,3.2788889678102606,0.3278888967810261
JWST,12640626540811.584,1.7,3.180671703830037,0.31806717038300375
JWST,12637431639707.96,1.7,3.200001292182956,0.3200001292182956
JWST,12634238353210.035,1.7,3.1605319211323777,0.3160531921132378
JWST,12631046680094.154,1.7,3.3229455303408715,0.33229455303408717
JWST,12627856619137.908,1.7,3.382748786987063,0.3382748786987063
JWST,12624668169120.117,1.7,3.224345990836675,0.32243459908366756
JWST,12621481328820.832,1.7,3.16640889556017,0.31664088955601705
JWST,12618296097021.344,1.7,3.1410021426059194,0.3141002142605919
JWST,12615112472504.166,1.7,3.412085855759667,0.34120858557596667
JWST,12611930454053.041,1.7,3.286133848090115,0.32861338480901153
JWST,12608750040452.941,1.7,3.0990271569745467,0.30990271569745464
JWST,12605571230490.062,1.7,3.012925910651739,0.3012925910651739
JWST,12602394022951.824,1.7,3.123084567974887,0.31230845679748875
JWST,12599218416626.871,1.7,3.1992060774360884,0.31992060774360886
JWST,12596044410305.06,1.7,3.216238617660568,0.32162386176605684
JWST,12592872002777.48,1.7,3.6804255600948483,0.3680425560094848
JWST,12589701192836.426,1.7,3.2236269268782114,0.32236269268782114
JWST,12586531979275.414,1.7,3.0405747054581003,0.30405747054581006
JWST,12583364360889.176,1.7,3.3331711669789508,0.3333171166978951
JWST,12580198336473.654,1.7,3.1935673167235907,0.3193567316723591
JWST,12577033904826.004,1.7,3.3142906674553823,0.33142906674553824
JWST,12573871064744.586,1.7,3.348224708646271,0.33482247086462713
JWST,12570709815028.979,1.7,3.199265837331141,0.31992658373311406
JWST,12567550154479.957,1.7,3.118075630343766,0.31180756303437657
JWST,12564392081899.51,1.7,3.2793321962862056,0.3279332196286206
JWST,12561235596090.824,1.7,3.321126045442551,0.3321126045442552
JWST,12558080695858.293,1.7,3.162041632245737,0.3162041632245737
JWST,12554927380007.508,1.7,3.322654265047483,0.33226542650474833
JWST,12551775647345.26,1.7,3.3817961612129888,0.3381796161212989
JWST,12548625496679.541,1.7,3.238425531005264,0.3238425531005264
JWST,12545476926819.535,1.7,3.13387774246434,0.313387774246434
JWST,12542329936575.621,1.7,3.402571747773841,0.34025717477738415
JWST,12539184524759.379,1.7,3.3964756595199286,0.33964756595199286
JWST,12536040690183.57,1.7,3.1471364273326796,0.31471364273326796
JWST,12532898431662.152,1.7,3.353512233851299,0.3353512233851299
JWST,12529757748010.268,1.7,3.2894672877608278,0.3289467287760828
JWST,12526618638044.254,1.7,3.0395493656156347,0.3039549365615635
JWST,12523481100581.627,1.7,3.221964590297865,0.32219645902978655
JWST,12520345134441.09,1.7,3.440332820259365,0.3440332820259365
JWST,12517210738442.527,1.7,3.45151139252654,0.345151139252654
JWST,12514077911407.008,1.7,3.1465509016422653,0.31465509016422655
JWST,12510946652156.78,1.7,3.102631482777464,0.3102631482777464
JWST,12507816959515.266,1.7,3.3290441663002133,0.33290441663002135
JWST,12504688832307.07,1.7,3.353710726306836,0.3353710726306836
JWST,12501562269357.975,1.7,3.424746419216276,0.34247464192162763
JWST,12498437269494.926,1.7,3.4872812418694243,0.34872812418694243
JWST,12495313831546.049,1.7,3.1797600529619467,0.31797600529619463
JWST,12492191954340.646,1.7,3.2714003856106215,0.32714003856106216
JWST,12489071636709.178,1.7,3.3120138190728845,0.3312013819072885
JWST,12485952877483.277,1.7,3.312707930189177,0.3312707930189177
JWST,12482835675495.75,1.7,3.366432943665389,0.3366432943665389
JWST,12479720029580.56,1.7,3.304121820136066,0.33041218201360667
JWST,12476605938572.836,1.7,3.552183715351296,0.3552183715351296
JWST,12473493401308.87,1.7,3.280008661116585,0.3280008661116585
JWST,12470382416626.115,1.7,3.3395756850165483,0.33395756850165487
JWST,12467272983363.188,1.7,3.186787820991401,0.3186787820991401
JWST,12464165100359.854,1.7,3.267200882245927,0.32672008822459275
JWST,12461058766457.045,1.7,3.3033935992429866,0.3303393599242987
JWST,12457953980496.842,1.7,3.3971398413048814,0.33971398413048814
JWST,12454850741322.48,1.7,3.4545340129429123,0.34545340129429125
JWST,12451749047778.35,1.7,3.3608161215822725,0.3360816121582273
JWST,12448648898709.988,1.7,3.5536769145368727,0.35536769145368724
JWST,12445550292964.088,1.7,3.5014907172813974,0.35014907172813975
JWST,12442453229388.484,1.7,3.558653634042522,0.35586536340425223
JWST,12439357706832.158,1.7,3.288914643437577,0.3288914643437577
JWST,12436263724145.242,1.7,3.4511989924429103,0.34511989924429104
JWST,12433171280179.006,1.7,3.5452344367131863,0.35452344367131866
JWST,12430080373785.863,1.7,3.2314260869503246,0.3231426086950325
JWST,12426991003819.375,1.7,3.256032098744769,0.32560320987447694
JWST,12423903169134.232,1.7,3.5220598114579276,0.35220598114579277
JWST,12420816868586.268,1.7,3.3167982498058772,0.33167982498058773
JWST,12417732101032.451,1.7,3.1427190240675094,0.31427190240675096
JWST,12414648865330.889,1.7,3.507292973872977,0.35072929738729774
JWST,12411567160340.82,1.7,3.4200611121215942,0.34200611121215946
JWST,12408486984922.613,1.7,3.3622450152561787,0.3362245015256179
JWST,12405408337937.773,1.7,3.19295220521645,0.31929522052164505
JWST,12402331218248.934,1.7,3.4627519429859537,0.3462751942985954
JWST,12399255624719.85,1.7,3.3802186787622346,0.3380218678762235
JWST,12396181556215.408,1.7,3.2751581312223332,0.3275158131222333
JWST,12393109011601.625,1.7,3.4214867518915533,0.3421486751891553
JWST,12390037989745.635,1.7,3.4806913235068584,0.3480691323506858
JWST,12386968489515.695,1.7,3.4760186827212416,0.3476018682721242
JWST,12383900509781.188,1.7,3.322920166233297,0.3322920166233297
JWST,12380834049412.613,1.7,3.536190935410132,0.35361909354101323
JWST,12377769107281.588,1.7,3.4646724621126586,0.3464672462112659
JWST,12374705682260.848,1.7,3.417699236433602,0.34176992364336023
JWST,12371643773224.244,1.7,3.405065176854285,0.34050651768542856
JWST,12368583379046.742,1.7,3.594538675193325,0.3594538675193325
JWST,12365524498604.422,1.7,3.2232838821123027,0.32232838821123033
JWST,12362467130774.469,1.7,3.2219729446759855,0.3221972944675986
JWST,12359411274435.188,1.7,3.4849173069144213,0.3484917306914422
JWST,12356356928465.986,1.7,3.2174443548886544,0.3217444354888655
JWST,12353304091747.379,1.7,3.185419234198174,0.3185419234198174
JWST,12350252763160.99,1.7,3.4689749129354994,0.34689749129354996
JWST,12347202941589.547,1.7,3.504473853048159,0.35044738530481595
JWST,12344154625916.88,1.7,3.2439824527274976,0.32439824527274974
JWST,12341107815027.918,1.7,3.3849775839739356,0.3384977583973936
JWST,12338062507808.7,1.7,3.4920420553625213,0.34920420553625214
JWST,12335018703146.354,1.7,3.180600455063405,0.3180600455063405
JWST,12331976399929.111,1.7,3.1847262743569495,0.318472627435695
JWST,12328935597046.299,1.7,3.2715409672175766,0.32715409672175766
JWST,12325896293388.34,1.7,3.4751407697296086,0.3475140769729609
JWST,12322858487846.748,1.7,3.204799933241155,0.32047999332411553
JWST,12319822179314.133,1.7,3.3520222977835643,0.33520222977835645
JWST,12316787366684.193,1.7,3.420812968630599,0.34208129686305994
JWST,12313754048851.72,1.7,3.2074822052097893,0.32074822052097895
JWST,12310722224712.59,1.7,3.010803385598093,0.30108033855980937
JWST,12307691893163.768,1.7,3.5317590894230233,0.3531759089423024
JWST,12304663053103.303,1.7,3.410224820052125,0.34102248200521246
JWST,12301635703430.334,1.7,3.5305313844684085,0.3530531384468409
JWST,12298609843045.076,1.7,3.5386896428413457,0.3538689642841346
JWST,12295585470848.832,1.7,3.408499827074734,0.3408499827074734
JWST,12292562585743.98,1.7,3.4267102815719253,0.3426710281571925
JWST,12289541186633.982,1.7,3.391529033161294,0.3391529033161294
JWST,12286521272423.373,1.7,3.456447033270896,0.34564470332708963
JWST,12283502842017.77,1.7,3.487691417646506,0.3487691417646507
JWST,12280485894323.861,1.7,3.0993237751056086,0.30993237751056085
JWST,12277470428249.406,1.7,3.1694452287295545,0.3169445228729555
JWST,12274456442703.246,1.7,3.119137217369312,0.3119137217369312
JWST,12271443936595.283,1.7,3.1161771560272387,0.3116177156027239
JWST,12268432908836.498,1.7,3.1507356679820386,0.31507356679820386
JWST,12265423358338.932,1.7,3.209996411211971,0.3209996411211971
JWST,12262415284015.701,1.7,3.408573650285602,0.3408573650285602
JWST,12259408684780.982,1.7,3.2073364121969217,0.32073364121969217
JWST,12256403559550.016,1.7,3.1205287800807433,0.3120528780080743
JWST,12253399907239.115,1.7,3.482227773694216,0.34822277736942164
JWST,12250397726765.643,1.7,3.433124183186999,0.34331241831869996
JWST,12247397017048.031,1.7,3.421344578176372,0.34213445781763724
JWST,12244397777005.768,1.7,3.2390683388364714,0.32390683388364716
JWST,12241400005559.4,1.7,3.296392363465728,0.32963923634657283
JWST,12238403701630.531,1.7,3.334218410482895,0.33342184104828954
JWST,12235408864141.822,1.7,3.3469785431919856,0.3346978543191986
JWST,12232415492016.984,1.7,3.456016611239894,0.3456016611239894
JWST,12229423584180.787,1.7,3.397275062819953,0.3397275062819953
JWST,12226433139559.047,1.7,3.4109144890112417,0.34109144890112425
JWST,12223444157078.63,1.7,3.3666180118791034,0.33666180118791034
JWST,12220456635667.46,1.7,3.347144093794679,0.33471440937946795
JWST,12217470574254.502,1.7,3.3325873561828794,0.33325873561828795
JWST,12214485971769.764,1.7,3.2902831311419183,0.32902831311419184
JWST,12211502827144.305,1.7,3.328456367006738,0.3328456367006738
JWST,12208521139310.229,1.7,3.357268291470617,0.33572682914706176
JWST,12205540907200.678,1.7,3.2933417341225555,0.32933417341225557
JWST,12202562129749.838,1.7,3.3483187929970315,0.33483187929970315
JWST,12199584805892.938,1.7,3.3540282770417673,0.33540282770417673
JWST,12196608934566.238,1.7,3.2928596609180216,0.32928596609180216
JWST,12193634514707.047,1.7,3.2759615152187105,0.3275961515218711
JWST,12190661545253.697,1.7,3.032338944555982,0.30323389445559823
JWST,12187690025145.568,1.7,3.118536792307475,0.3118536792307475
JWST,12184719953323.064,1.7,3.217877150887738,0.32178771508877385
JWST,12181751328727.629,1.7,3.200505465401488,0.3200505465401488
JWST,12178784150301.732,1.7,3.3899990206803308,0.33899990206803315
JWST,12175818416988.879,1.7,3.2128104212419104,0.32128104212419106
JWST,12172854127733.598,1.7,3.2585809508260737,0.3258580950826074
JWST,12169891281481.445,1.7,3.276532166905056,0.3276532166905056
JWST,12166929877179.01,1.7,3.318327862595561,0.3318327862595561
JWST,12163969913773.9,1.7,3.0885025241741064,0.3088502524174107
JWST,12161011390214.752,1.7,3.2005352183495663,0.32005352183495667
JWST,12158054305451.219,1.7,3.3823824482429456,0.3382382448242946
JWST,12155098658433.98,1.7,3.3846797949941947,0.3384679794994195
JWST,12152144448114.734,1.7,3.265945259428158,0.3265945259428158
JWST,12149191673446.195,1.7,3.141064432796547,0.3141064432796547
JWST,12146240333382.102,1.7,3.2572119132267745,0.3257211913226775
JWST,12143290426877.203,1.7,3.193098418529692,0.3193098418529692
JWST,12140341952887.264,1.7,3.1676371899624454,0.31676371899624456
JWST,12137394910369.062,1.7,3.4173429657979826,0.34173429657979826
JWST,12134449298280.398,1.7,3.3099291055224067,0.3309929105522407
JWST,12131505115580.07,1.7,3.2904751149295572,0.32904751149295575
JWST,12128562361227.893,1.7,3.4824203194335626,0.3482420319433563
JWST,12125621034184.691,1.7,3.338096453144241,0.3338096453144241
JWST,12122681133412.297,1.7,3.227962455677929,0.3227962455677929
JWST,12119742657873.547,1.7,3.1596892548269446,0.31596892548269445
JWST,12116805606532.281,1.7,3.250418869579347,0.3250418869579347
JWST,12113869978353.355,1.7,3.2735800444354584,0.32735800444354585
JWST,12110935772302.613,1.7,3.346283812027176,0.3346283812027176
JWST,12108002987346.906,1.7,3.3330031262982853,0.33330031262982857
JWST,12105071622454.092,1.7,3.179181606637808,0.3179181606637808
JWST,12102141676593.02,1.7,3.1948112624509926,0.3194811262450993
JWST,12099213148733.54,1.7,3.0891907562369676,0.3089190756236968
JWST,12096286037846.496,1.7,2.977706623064448,0.29777066230644483
JWST,12093360342903.734,1.7,3.060307243001959,0.30603072430019596
JWST,12090436062878.092,1.7,2.922457817012048,0.29224578170120485
JWST,12087513196743.396,1.7,2.9704745439059193,0.29704745439059194
JWST,12084591743474.47,1.7,3.1185535545206196,0.31185535545206194
JWST,12081671702047.13,1.7,3.110728471422469,0.3110728471422469
JWST,12078753071438.178,1.7,3.1031279988893545,0.31031279988893545
JWST,12075835850625.4,1.7,3.210099363025447,0.3210099363025447
JWST,12072920038587.582,1.7,3.265994862945058,0.3265994862945058
JWST,12070005634304.484,1.7,3.2268389903260726,0.32268389903260725
JWST,12067092636756.857,1.7,2.9186381239341515,0.2918638123934152
JWST,12064181044926.434,1.7,2.9265740919989023,0.29265740919989025
JWST,12061270857795.93,1.7,3.1204833600435515,0.31204833600435516
JWST,12058362074349.045,1.7,3.120071699001134,0.31200716990011346
JWST,12055454693570.451,1.7,3.0078858716636323,0.30078858716636325
JWST,12052548714445.81,1.7,3.0378452460397445,0.3037845246039745
JWST,12049644135961.756,1.7,3.0542686817357727,0.3054268681735773
JWST,12046740957105.896,1.7,3.1687761409613673,0.31687761409613674
JWST,12043839176866.816,1.7,3.295248128049054,0.3295248128049054
JWST,12040938794234.08,1.7,3.332736511911391,0.33327365119113916
JWST,12038039808198.22,1.7,3.052203582798755,0.3052203582798756
JWST,12035142217750.74,1.7,3.244859485676597,0.3244859485676597
JWST,12032246021884.12,1.7,3.2484245257245687,0.32484245257245686
JWST,12029351219591.8,1.7,2.9392577296870313,0.29392577296870315
JWST,12026457809868.201,1.7,3.236528905438227,0.3236528905438227
JWST,12023565791708.7,1.7,3.321020231674586,0.3321020231674586
JWST,12020675164109.645,1.7,3.25395114862097,0.32539511486209705
JWST,12017785926068.35,1.7,3.158558095418103,0.3158558095418103
JWST,12014898076583.09,1.7,2.9737761829942153,0.29737761829942155
JWST,12012011614653.102,1.7,3.1708413472761263,0.31708413472761265
JWST,12009126539278.592,1.7,3.44026010190148,0.34402601019014806
JWST,12006242849460.717,1.7,3.244948383627409,0.3244948383627409
JWST,12003360544201.594,1.7,2.922219605198824,0.2922219605198824
JWST,12000479622504.309,1.7,3.176644769974571,0.3176644769974571
JWST,11997600083372.889,1.7,3.2100465848749877,0.32100465848749876
JWST,11994721925812.328,1.7,3.1397563264195245,0.31397563264195244
JWST,11991845148828.568,1.7,3.015716819372671,0.3015716819372671
JWST,11988969751428.514,1.7,3.181405526528778,0.31814055265287783
JWST,11986095732620.01,1.7,3.2140885143882274,0.32140885143882275
JWST,11983223091411.857,1.7,3.3207280395314203,0.332072803953142
JWST,11980351826813.814,1.7,3.091763617887586,0.30917636178875857
JWST,11977481937836.576,1.7,3.304737497407669,0.33047374974076693
JWST,11974613423491.795,1.7,3.349117650560992,0.3349117650560992
JWST,11971746282792.06,1.7,3.3692413267067423,0.3369241326706743
JWST,11968880514750.916,1.7,2.8045007687247985,0.28045007687247986
JWST,11966016118382.85,1.7,2.9951138848588617,0.2995113884858862
JWST,11963153092703.283,1.7,3.201233223753324,0.3201233223753324
JWST,11960291436728.59,1.7,3.379395382255734,0.33793953822557343
JWST,11957431149476.08,1.7,3.248041753085296,0.3248041753085297
JWST,11954572229964.006,1.7,3.3178345226801422,0.3317834522680142
JWST,11951714677211.553,1.7,3.3013505645247876,0.33013505645247876
JWST,11948858490238.852,1.7,3.1713176186460994,0.31713176186460995
JWST,11946003668066.965,1.7,3.355717230645044,0.3355717230645044
JWST,11943150209717.89,1.7,3.3203952472324127,0.3320395247232413
JWST,11940298114214.56,1.7,3.2069277455604563,0.32069277455604567
JWST,11937447380580.844,1.7,3.3023694028842434,0.3302369402884243
JWST,11934598007841.537,1.7,3.1740844035642897,0.317408440356429
JWST,11931749995022.367,1.7,3.414380058932699,0.34143800589326995
JWST,11928903341149.994,1.7,3.4528638083473164,0.3452863808347317
JWST,11926058045252.008,1.7,3.370093105911263,0.3370093105911264
JWST,11923214106356.92,1.7,3.500825644369826,0.3500825644369826
JWST,11920371523494.172,1.7,3.234906645032872,0.32349066450328723
JWST,11917530295694.13,1.7,3.2752323409705513,0.32752323409705514
JWST,11914690421988.09,1.7,3.3520832835357353,0.33520832835357356
JWST,11911851901408.258,1.7,3.2949738058748865,0.3294973805874887
JWST,11909014732987.777,1.7,3.4506543757217676,0.34506543757217684
JWST,11906178915760.7,1.7,3.461248575685525,0.34612485756855255
JWST,11903344448762.004,1.7,3.2392743438860174,0.3239274343886018
JWST,11900511331027.584,1.7,3.2174103660354363,0.32174103660354364
JWST,11897679561594.256,1.7,3.2385408049978377,0.32385408049978376
JWST,11894849139499.748,1.7,3.354848640274287,0.3354848640274287
JWST,11892020063782.705,1.7,3.3123472722701552,0.3312347272270155
JWST,11889192333482.686,1.7,3.504591359768651,0.3504591359768651
JWST,11886365947640.164,1.7,3.264099884496792,0.3264099884496792
JWST,11883540905296.527,1.7,3.210972646940124,0.3210972646940124
JWST,11880717205494.066,1.7,3.216427493783857,0.32164274937838566
JWST,11877894847275.992,1.7,3.279617123578078,0.32796171235780786
JWST,11875073829686.418,1.7,3.1852592532435344,0.3185259253243535
JWST,11872254151770.367,1.7,3.4783493840068416,0.34783493840068413
JWST,11869435812573.768,1.7,3.2032981932245392,0.3203298193224539
JWST,11866618811143.459,1.7,3.0934490893152304,0.30934490893152305
JWST,11863803146527.18,1.7,3.2009885460040377,0.32009885460040377
JWST,11860988817773.57,1.7,3.105393161620229,0.3105393161620229
JWST,11858175823932.184,1.7,3.1737908173199996,0.317379081732
JWST,11855364164053.46,1.7,3.20096943316392,0.32009694331639205
JWST,11852553837188.756,1.7,3.3463387959291326,0.33463387959291324
JWST,11849744842390.31,1.7,3.537707931206227,0.3537707931206227
JWST,11846937178711.273,1.7,3.45712936843558,0.345712936843558
JWST,11844130845205.69,1.7,3.4466391484390835,0.34466391484390835
JWST,11841325840928.492,1.7,3.4288143742144435,0.3428814374214444
JWST,11838522164935.521,1.7,3.285739072556697,0.32857390725566976
JWST,11835719816283.502,1.7,3.4169718062416607,0.3416971806241661
JWST,11832918794030.055,1.7,3.223242358534957,0.32232423585349573
JWST,11830119097233.693,1.7,3.309188676083951,0.3309188676083951
JWST,11827320724953.82,1.7,3.368399810285625,0.33683998102856255
JWST,11824523676250.732,1.7,3.3474102285155483,0.3347410228515548
JWST,11821727950185.607,1.7,3.4643989210674695,0.34643989210674697
JWST,11818933545820.516,1.7,3.409077808321576,0.3409077808321576
JWST,11816140462218.418,1.7,3.3289199410450734,0.33289199410450737
JWST,11813348698443.152,1.7,3.1828376747994214,0.31828376747994214
JWST,11810558253559.443,1.7,3.3159356617163906,0.3315935661716391
JWST,11807769126632.906,1.7,3.312403294077048,0.3312403294077048
JWST,11804981316730.031,1.7,3.2822937813633275,0.3282293781363328
JWST,11802194822918.191,1.7,3.476207549793193,0.34762075497931927
JWST,11799409644265.639,1.7,3.2478517375999103,0.32478517375999105
JWST,11796625779841.512,1.7,3.418534462763752,0.3418534462763752
JWST,11793843228715.82,1.7,3.48738109228259,0.34873810922825904
JWST,11791061989959.451,1.7,3.328880502713778,0.33288805027137786
JWST,11788282062644.172,1.7,3.1435928986108723,0.31435928986108724
JWST,11785503445842.623,1.7,3.5548286246483274,0.35548286246483274
JWST,11782726138628.316,1.7,3.4139695438420383,0.34139695438420387
JWST,11779950140075.643,1.7,3.158453095236249,0.3158453095236249
JWST,11777175449259.86,1.7,3.6040481314402952,0.36040481314402956
JWST,11774402065257.1,1.7,3.429263648002795,0.34292636480027955
JWST,11771629987144.361,1.7,3.1338067763737056,0.3133806776373706
JWST,11768859213999.518,1.7,3.302213404453123,0.3302213404453123
JWST,11766089744901.305,1.7,3.2027068050954006,0.32027068050954005
JWST,11763321578929.326,1.7,3.373773646790101,0.3373773646790101
JWST,11760554715164.053,1.7,3.5790030547919143,0.35790030547919144
JWST,11757789152686.824,1.7,3.476285471938476,0.34762854719384767
JWST,11755024890579.836,1.7,3.566967696439292,0.3566967696439292
JWST,11752261927926.152,1.7,3.6139608205323026,0.3613960820532303
JWST,11749500263809.695,1.7,3.419925719476568,0.34199257194765686
JWST,11746739897315.254,1.7,3.3066062196016013,0.33066062196016016
JWST,11743980827528.47,1.7,3.445422970320088,0.34454229703200884
JWST,11741223053535.848,1.7,3.2925591078664525,0.3292559107866453
JWST,11738466574424.752,1.7,3.164230063217528,0.3164230063217528
JWST,11735711389283.4,1.7,3.322182638104572,0.3322182638104572
JWST,11732957497200.865,1.7,3.5174047890090208,0.35174047890090215
JWST,11730204897267.076,1.7,3.64857735215407,0.364857735215407
JWST,11727453588572.818,1.7,3.385264188684991,0.3385264188684991
JWST,11724703570209.727,1.7,3.3024397762432307,0.33024397762432306
JWST,11721954841270.285,1.7,3.4453324166737,0.34453324166737004
JWST,11719207400847.84,1.7,3.2993048999455388,0.3299304899945539
JWST,11716461248036.576,1.7,3.4266943762404525,0.3426694376240453
JWST,11713716381931.53,1.7,3.274829755662568,0.3274829755662569
JWST,11710972801628.584,1.7,3.5387601287514863,0.35387601287514864
JWST,11708230506224.475,1.7,3.4543346070578513,0.3454334607057851
JWST,11705489494816.78,1.7,3.181506653756722,0.31815066537567216
JWST,11702749766503.918,1.7,3.307961669805989,0.3307961669805989
JWST,11700011320385.16,1.7,3.3851391818675727,0.3385139181867573
JWST,11697274155560.615,1.7,3.4482861236695443,0.34482861236695445
JWST,11694538271131.232,1.7,3.3362930648723905,0.3336293064872391
JWST,11691803666198.803,1.7,3.352098500175064,0.3352098500175064
JWST,11689070339865.96,1.7,3.570437520193657,0.3570437520193657
JWST,11686338291236.18,1.7,3.54306309210579,0.35430630921057904
JWST,11683607519413.766,1.7,3.7441734786256586,0.3744173478625659
JWST,11680878023503.863,1.7,3.5366563344986,0.35366563344986
JWST,11678149802612.459,1.7,3.348099323102124,0.33480993231021244
JWST,11675422855846.367,1.7,3.0580362653908026,0.3058036265390803
JWST,11672697182313.238,1.7,3.212907295653727,0.32129072956537275
JWST,11669972781121.56,1.7,3.235082168976256,0.32350821689762566
JWST,11667249651380.646,1.7,3.293161305272956,0.32931613052729564
JWST,11664527792200.646,1.7,3.372076727974753,0.3372076727974753
JWST,11661807202692.535,1.7,3.336257674734426,0.33362576747344264
JWST,11659087881968.123,1.7,3.358578328957457,0.3358578328957457
JWST,11656369829140.043,1.7,3.285127151690624,0.3285127151690624
JWST,11653653043321.758,1.7,3.069647863482568,0.3069647863482568
JWST,11650937523627.559,1.7,3.184821403178703,0.31848214031787037
JWST,11648223269172.559,1.7,3.230841437626885,0.3230841437626885
JWST,11645510279072.695,1.7,3.2569673974559157,0.3256967397455916
JWST,11642798552444.729,1.7,3.25697527177669,0.32569752717766903
JWST,11640088088406.248,1.7,3.038106395469595,0.3038106395469595
JWST,11637378886075.658,1.7,3.3321433185131046,0.33321433185131044
JWST,11634670944572.184,1.7,3.5325730102232207,0.3532573010223221
JWST,11631964263015.871,1.7,3.3389666144728465,0.33389666144728464
JWST,11629258840527.588,1.7,2.9275493290907777,0.2927549329090778
JWST,11626554676229.016,1.7,3.3909176570466544,0.3390917657046654
JWST,11623851769242.65,1.7,3.164003130213618,0.3164003130213618
JWST,11621150118691.81,1.7,3.0925595498638954,0.3092559549863895
JWST,11618449723700.627,1.7,3.2415165767759535,0.32415165767759535
JWST,11615750583394.041,1.7,3.4227012608827962,0.34227012608827967
JWST,11613052696897.809,1.7,3.3886751243104265,0.33886751243104263
JWST,11610356063338.504,1.7,3.2830138208445794,0.3283013820844579
JWST,11607660681843.502,1.7,3.5747617932751194,0.35747617932751197
JWST,11604966551540.994,1.7,3.8258048497984625,0.3825804849798463
JWST,11602273671559.982,1.7,3.3412207299894976,0.33412207299894975
JWST,11599582041030.271,1.7,3.134266898361836,0.3134266898361836
JWST,11596891659082.477,1.7,3.293686741982233,0.32936867419822335
JWST,11594202524848.018,1.7,3.697436098591625,0.3697436098591625
JWST,11591514637459.125,1.7,3.539926554533714,0.3539926554533714
JWST,11588827996048.828,1.7,3.2856646118921833,0.32856646118921834
JWST,11586142599750.96,1.7,3.4631281018391045,0.34631281018391047
JWST,11583458447700.162,1.7,3.728999145034796,0.3728999145034796
JWST,11580775539031.871,1.7,3.5747984363593033,0.3574798436359304
JWST,11578093872882.328,1.7,3.4827373373396844,0.34827373373396847
JWST,11575413448388.57,1.7,3.6178400096821135,0.36178400096821134
JWST,11572734264688.441,1.7,3.7504082390635984,0.37504082390635984
JWST,11570056320920.574,1.7,3.941374799428798,0.39413747994287984
JWST,11567379616224.404,1.7,3.8914172036936447,0.38914172036936445
JWST,11564704149740.16,1.7,4.144863833118878,0.41448638331188786
JWST,11562029920608.87,1.7,4.284924555851561,0.42849245558515614
JWST,11559356927972.35,1.7,5.011839902415952,0.5011839902415952
JWST,11556685170973.215,1.7,5.758764946194735,0.5758764946194735
JWST,11554014648754.873,1.7,5.678464570630821,0.5678464570630821
JWST,11551345360461.52,1.7,5.086908859374041,0.5086908859374041
JWST,11548677305238.143,1.7,4.692901480118155,0.46929014801181557
JWST,11546010482230.516,1.7,4.364834295778116,0.4364834295778116
JWST,11543344890585.213,1.7,4.078337321698756,0.40783373216987556
JWST,11540680529449.584,1.7,4.1953814361335535,0.41953814361335534
JWST,11538017397971.77,1.7,4.206130546222356,0.4206130546222357
JWST,11535355495300.7,1.7,4.084182083437408,0.40841820834374093
JWST,11532694820586.088,1.7,3.9928581903410074,0.39928581903410076
JWST,11530035372978.428,1.7,3.8866294949583455,0.3886629494958346
JWST,11527377151629.002,1.7,3.8589984706122555,0.38589984706122554
JWST,11524720155689.875,1.7,4.106498792813103,0.41064987928131036
JWST,11522064384313.889,1.7,4.322915459827333,0.4322915459827333
JWST,11519409836654.67,1.7,4.20020994122811,0.420020994122811
JWST,11516756511866.623,1.7,4.124393656511631,0.4124393656511632
JWST,11514104409104.934,1.7,4.080347335026183,0.4080347335026183
JWST,11511453527525.56,1.7,4.291722949662535,0.4291722949662536
JWST,11508803866285.246,1.7,4.408142634888067,0.44081426348880676
JWST,11506155424541.504,1.7,4.339747856051362,0.4339747856051362
JWST,11503508201452.625,1.7,4.312891499878282,0.4312891499878283
JWST,11500862196177.676,1.7,3.9754645984970582,0.3975464598497059
JWST,11498217407876.492,1.7,4.00038479028771,0.40003847902877104
JWST,11495573835709.688,1.7,4.369193650553265,0.4369193650553265
JWST,11492931478838.645,1.7,3.9510085377264983,0.39510085377264986
JWST,11490290336425.516,1.7,4.338655401399998,0.43386554013999984
JWST,11487650407633.229,1.7,4.269578987825413,0.4269578987825413
JWST,11485011691625.473,1.7,4.104818248515706,0.41048182485157064
JWST,11482374187566.71,1.7,3.8795674417138786,0.38795674417138787
JWST,11479737894622.168,1.7,4.031443801649574,0.4031443801649574
JWST,11477102811957.846,1.7,4.042776222562244,0.40427762225622443
JWST,11474468938740.502,1.7,3.9758267475107187,0.3975826747510719
JWST,11471836274137.658,1.7,3.7342549722201968,0.37342549722201973
JWST,11469204817317.607,1.7,3.584964867640238,0.35849648676402385
JWST,11466574567449.402,1.7,3.82992738574053,0.38299273857405297
JWST,11463945523702.857,1.7,3.4428639692593235,0.3442863969259324
JWST,11461317685248.543,1.7,3.370551589027812,0.3370551589027812
JWST,11458691051257.8,1.7,3.399313766702104,0.3399313766702104
JWST,11456065620902.723,1.7,3.383074286640124,0.3383074286640124
JWST,11453441393356.162,1.7,3.195346696471676,0.31953466964716765
JWST,11450818367791.732,1.7,3.2127163514887096,0.32127163514887097
JWST,11448196543383.8,1.7,3.3742984183254396,0.337429841832544
JWST,11445575919307.494,1.7,3.628508086712898,0.3628508086712898
JWST,11442956494738.686,1.7,3.1874414879507245,0.31874414879507246
JWST,11440338268854.016,1.7,3.0834940881404966,0.30834940881404965
JWST,11437721240830.87,1.7,3.075722783132515,0.3075722783132515
JWST,11435105409847.385,1.7,3.012003633045418,0.30120036330454175
JWST,11432490775082.453,1.7,3.198999717140833,0.31989997171408335
JWST,11429877335715.719,1.7,2.800665340701388,0.2800665340701388
JWST,11427265090927.572,1.7,3.338301087683053,0.33383010876830527
JWST,11424654039899.154,1.7,3.208195208224071,0.32081952082240706
JWST,11422044181812.355,1.7,3.3717821518783917,0.33717821518783914
JWST,11419435515849.812,1.7,3.385708980097218,0.3385708980097218
JWST,11416828041194.908,1.7,3.2548607926481132,0.3254860792648114
JWST,11414221757031.771,1.7,3.622629267097083,0.36226292670970833
JWST,11411616662545.275,1.7,3.0972119995755403,0.30972119995755404
JWST,11409012756921.041,1.7,2.9978739122797813,0.29978739122797815
JWST,11406410039345.426,1.7,2.863212802963226,0.28632128029632264
JWST,11403808509005.535,1.7,3.2047972825972457,0.32047972825972465
JWST,11401208165089.21,1.7,3.224633044341857,0.32246330443418575
JWST,11398609006785.043,1.7,3.350077551010009,0.3350077551010009
JWST,11396011033282.352,1.7,3.1553385631506226,0.3155338563150623
JWST,11393414243771.205,1.7,3.28474827520374,0.328474827520374
JWST,11390818637442.402,1.7,3.3239405072903905,0.33239405072903905
JWST,11388224213487.482,1.7,2.8178636991687145,0.28178636991687145
JWST,11385630971098.723,1.7,3.1418244158616107,0.31418244158616115
JWST,11383038909469.135,1.7,3.3575903184020595,0.33575903184020595
JWST,11380448027792.463,1.7,3.317627930600943,0.3317627930600943
JWST,11377858325263.188,1.7,3.361230715463644,0.3361230715463644
JWST,11375269801076.521,1.7,3.5609522421122115,0.3560952242112212
JWST,11372682454428.41,1.7,3.239641012746497,0.3239641012746497
JWST,11370096284515.53,1.7,3.3687842976632676,0.33687842976632676
JWST,11367511290535.283,1.7,2.954507610473405,0.2954507610473405
JWST,11364927471685.814,1.7,3.320409419749168,0.33204094197491685
JWST,11362344827165.986,1.7,3.342239939638361,0.3342239939638361
JWST,11359763356175.389,1.7,3.3293588464157224,0.33293588464157226
JWST,11357183057914.346,1.7,3.655663392935275,0.36556633929352755
JWST,11354603931583.906,1.7,3.149760652995966,0.3149760652995966
JWST,11352025976385.84,1.7,3.4238628161030067,0.3423862816103007
JWST,11349449191522.643,1.7,3.1520315881699,0.31520315881699
JWST,11346873576197.541,1.7,3.1041045530639444,0.3104104553063945
JWST,11344299129614.479,1.7,2.852610918608588,0.28526109186085885
JWST,11341725850978.117,1.7,3.494628885514865,0.34946288855148655
JWST,11339153739493.852,1.7,3.624227082983607,0.3624227082983607
JWST,11336582794367.787,1.7,3.3549099860228098,0.335490998602281
JWST,11334013014806.756,1.7,2.832323172619293,0.28323231726192927
JWST,11331444400018.299,1.7,3.0707626415526073,0.3070762641552607
JWST,11328876949210.69,1.7,3.022791717929596,0.3022791717929596
JWST,11326310661592.908,1.7,3.3848538323552164,0.3384853832355217
JWST,11323745536374.656,1.7,3.1607092632625977,0.31607092632625977
JWST,11321181572766.346,1.7,2.5293840023610783,0.2529384002361078
JWST,11318618769979.113,1.7,3.3002798877662314,0.3300279887766232
JWST,11316057127224.799,1.7,3.536815670024066,0.3536815670024066
JWST,11313496643715.963,1.7,3.0216570412386683,0.30216570412386684
JWST,11310937318665.877,1.7,3.5424353144880363,0.3542435314488036
JWST,11308379151288.521,1.7,3.392047755149669,0.3392047755149669
JWST,11305822140798.592,1.7,3.1816329914865507,0.31816329914865504
JWST,11303266286411.49,1.7,3.1260671260529445,0.3126067126052945
JWST,11300711587343.33,1.7,3.319311802460682,0.3319311802460682
JWST,11298158042810.934,1.7,3.4487337862204184,0.34487337862204187
JWST,11295605652031.828,1.7,3.332039362547291,0.3332039362547291
JWST,11293054414224.252,1.7,3.5187687572217556,0.3518768757221756
JWST,11290504328607.146,1.7,3.7765679046344807,0.377656790463448
JWST,11287955394400.158,1.7,3.5611688757963584,0.35611688757963583
JWST,11285407610823.639,1.7,3.447241322977029,0.34472413229770293
JWST,11282860977098.646,1.7,3.683788122221126,0.3683788122221126
JWST,11280315492446.94,1.7,3.3256851685337177,0.3325685168533718
JWST,11277771156090.975,1.7,3.6213833751612614,0.3621383375161261
JWST,11275227967253.92,1.7,3.5547122314850017,0.3554712231485002
JWST,11272685925159.637,1.7,3.7065229514412907,0.37065229514412906
JWST,11270145029032.684,1.7,3.2972027462711138,0.3297202746271114
JWST,11267605278098.326,1.7,2.942852086953663,0.29428520869536634
JWST,11265066671582.523,1.7,3.210692859740493,0.32106928597404927
JWST,11262529208711.932,1.7,3.4835026779025595,0.348350267790256
JWST,11259992888713.904,1.7,3.16424335680221,0.31642433568022105
JWST,11257457710816.49,1.7,3.334550135381802,0.3334550135381802
JWST,11254923674248.438,1.7,3.3442846211572883,0.33442846211572885
JWST,11252390778239.184,1.7,3.1303282632763567,0.3130328263276357
JWST,11249859022018.857,1.7,2.9481847211457928,0.2948184721145793
JWST,11247328404818.291,1.7,3.315936035417252,0.33159360354172523
JWST,11244798925868.996,1.7,3.7895505227773016,0.3789550522777302
JWST,11242270584403.184,1.7,3.0004455129442436,0.30004455129442437
JWST,11239743379653.748,1.7,2.7954622554393644,0.2795462255439365
JWST,11237217310854.283,1.7,2.9599587145540442,0.29599587145540446
JWST,11234692377239.062,1.7,3.021377996940572,0.30213779969405724
JWST,11232168578043.053,1.7,3.575876548795723,0.35758765487957234
JWST,11229645912501.906,1.7,3.4335728300879946,0.3433572830087995
JWST,11227124379851.96,1.7,3.4467648004827636,0.3446764800482764
JWST,11224603979330.242,1.7,2.877551287762454,0.2877551287762454
JWST,11222084710174.459,1.7,3.5611889771467635,0.35611889771467636
JWST,11219566571623.008,1.7,3.363233199840908,0.3363233199840908
JWST,11217049562914.963,1.7,3.149275563345378,0.31492755633453784
JWST,11214533683290.084,1.7,3.035654998581782,0.3035654998581782
JWST,11212018931988.814,1.7,3.0904446239416874,0.3090444623941688
JWST,11209505308252.28,1.7,3.1910959927367855,0.3191095992736786
JWST,11206992811322.28,1.7,3.5816959829416923,0.3581695982941692
JWST,11204481440441.297,1.7,3.140426882436759,0.31404268824367587
JWST,11201971194852.494,1.7,2.961560018870467,0.2961560018870467
JWST,11199462073799.715,1.7,3.0745258675639007,0.3074525867563901
JWST,11196954076527.47,1.7,2.7720682880344407,0.2772068288034441
JWST,11194447202280.959,1.7,2.7580774862560773,0.27580774862560775
JWST,11191941450306.049,1.7,3.053463623782657,0.30534636237826573
JWST,11189436819849.285,1.7,2.8787918582463514,0.2878791858246352
JWST,11186933310157.885,1.7,2.9256269007815114,0.29256269007815117
JWST,11184430920479.744,1.7,3.992672948548192,0.39926729485481927
JWST,11181929650063.426,1.7,3.628190932108302,0.3628190932108303
JWST,11179429498158.17,1.7,3.4742753222008065,0.34742753222008066
JWST,11176930464013.88,1.7,3.1984791225067988,0.3198479122506799
JWST,11174432546881.143,1.7,3.2403884412346864,0.3240388441234687
JWST,11171935746011.203,1.7,2.67910379548522,0.267910379548522
JWST,11169440060655.977,1.7,3.0726209618617975,0.3072620961861798
JWST,11166945490068.055,1.7,2.9460353275454514,0.29460353275454515
JWST,11164452033500.69,1.7,2.9024039338130794,0.29024039338130797
JWST,11161959690207.8,1.7,3.2330238300079994,0.3233023830008
JWST,11159468459443.977,1.7,3.012287791994339,0.3012287791994339
JWST,11156978340464.47,1.7,3.0621995426243855,0.3062199542624386
JWST,11154489332525.197,1.7,3.4902213375363518,0.3490221337536352
JWST,11152001434882.736,1.7,3.076386005303211,0.3076386005303211
JWST,11149514646794.334,1.7,3.503526142743397,0.35035261427433967
JWST,11147028967517.896,1.7,3.288576909232195,0.3288576909232195
JWST,11144544396311.99,1.7,3.119051870335711,0.31190518703357106
JWST,11142060932435.844,1.7,3.60723260348358,0.36072326034835805
JWST,11139578575149.348,1.7,3.9524928274753535,0.39524928274753535
JWST,11137097323713.049,1.7,3.5756785788727785,0.35756785788727785
JWST,11134617177388.152,1.7,3.661922421746756,0.3661922421746756
JWST,11132138135436.525,1.7,2.939320839149815,0.2939320839149815
JWST,11129660197120.69,1.7,3.883419311260909,0.38834193112609094
JWST,11127183361703.824,1.7,3.6643729334868724,0.36643729334868724
JWST,11124707628449.762,1.7,3.939440464253233,0.3939440464253233
JWST,11122232996622.994,1.7,3.001793881885801,0.3001793881885801
JWST,11119759465488.662,1.7,2.344510661808603,0.2344510661808603
JWST,11117287034312.564,1.7,3.393952589571694,0.3393952589571695
JWST,11114815702361.148,1.7,3.1160663104996633,0.31160663104996633
JWST,11112345468901.52,1.7,3.225203585886857,0.3225203585886857
JWST,11109876333201.432,1.7,3.3017347655113523,0.33017347655113527
JWST,11107408294529.287,1.7,3.5509945606184075,0.35509945606184073
JWST,11104941352154.139,1.7,3.505209630043599,0.3505209630043599
JWST,11102475505345.693,1.7,3.6068137832072513,0.36068137832072517
JWST,11100010753374.3,1.7,3.230298355261995,0.32302983552619946
JWST,11097547095510.96,1.7,2.9762564241291316,0.29762564241291317
JWST,11095084531027.32,1.7,3.0459773640015064,0.3045977364001507
JWST,11092623059195.674,1.7,3.297319511403668,0.32973195114036685
JWST,11090162679288.955,1.7,3.614542620952367,0.36145426209523673
JWST,11087703390580.754,1.7,2.9516260843085647,0.29516260843085645
JWST,11085245192345.295,1.7,3.4968736157784495,0.34968736157784497
JWST,11082788083857.451,1.7,3.333873616846411,0.3333873616846411
JWST,11080332064392.732,1.7,2.9452287711642176,0.29452287711642183
JWST,11077877133227.299,1.7,2.970330917424978,0.29703309174249787
JWST,11075423289637.947,1.7,2.8088839833105768,0.2808883983310577
JWST,11072970532902.117,1.7,2.5786909343732165,0.2578690934373217
JWST,11070518862297.88,1.7,3.145572307822429,0.31455723078224296
JWST,11068068277103.963,1.7,3.3290550917309942,0.33290550917309947
JWST,11065618776599.715,1.7,3.4206525348496135,0.34206525348496136
JWST,11063170360065.13,1.7,3.2589045718682077,0.3258904571868208
JWST,11060723026780.842,1.7,3.0169322493107966,0.3016932249310797
JWST,11058276776028.117,1.7,3.2379229152848468,0.3237922915284847
JWST,11055831607088.855,1.7,3.341317628559528,0.33413176285595286
JWST,11053387519245.596,1.7,3.4397091334551573,0.3439709133455157
JWST,11050944511781.514,1.7,2.9510300677061725,0.29510300677061724
JWST,11048502583980.41,1.7,3.243520644048623,0.32435206440486236
JWST,11046061735126.727,1.7,3.628299193087177,0.3628299193087177
JWST,11043621964505.533,1.7,3.4477030990394333,0.34477030990394336
JWST,11041183271402.531,1.7,3.22751857925095,0.32275185792509503
JWST,11038745655104.055,1.7,3.0143933354785686,0.30143933354785685
JWST,11036309114897.066,1.7,3.9961521070871315,0.3996152107087132
JWST,11033873650069.158,1.7,3.911095870829274,0.3911095870829274
JWST,11031439259908.553,1.7,3.686719031535443,0.36867190315354426
JWST,11029005943704.1,1.7,2.8053074697733003,0.28053074697733005
JWST,11026573700745.273,1.7,3.7697563451960705,0.37697563451960703
JWST,11024142530322.178,1.7,3.8385156516871843,0.38385156516871843
JWST,11021712431725.545,1.7,3.270735762795983,0.3270735762795983
JWST,11019283404246.723,1.7,2.980417675755105,0.29804176757551054
JWST,11016855447177.697,1.7,2.5630285420958785,0.2563028542095878
JWST,11014428559811.068,1.7,3.109907628554145,0.31099076285541455
JWST,11012002741440.062,1.7,2.578806184822254,0.25788061848222543
JWST,11009577991358.525,1.7,2.866867059988258,0.2866867059988258
JWST,11007154308860.932,1.7,2.3100940950990774,0.23100940950990775
JWST,11004731693242.371,1.7,3.822770067277928,0.38227700672779286
JWST,11002310143798.555,1.7,3.1442224416823312,0.31442224416823317
JWST,10999889659825.816,1.7,2.2866691732623106,0.22866691732623104
JWST,10997470240621.105,1.7,3.3088577343526406,0.3308857734352641
JWST,10995051885481.99,1.7,3.2434648727681483,0.3243464872768148
JWST,10992634593706.658,1.7,2.4361888391993345,0.24361888391993347
JWST,10990218364593.916,1.7,4.357838818658213,0.4357838818658214
